id,experiment_id,sample_name,sample_name_abbreviation,sample_type,time_point,dilution,replicate_number,met_id,fragment_formula,fragment_mass,intensity,intensity_units,intensity_corrected,intensity_corrected_units,intensity_normalized,intensity_normalized_units,intensity_theoretical,abs_devFromTheoretical,scan_type,used_,comment_
45438,WTEColi12C01,140221_0_OxicWTEcoliGlcM9_Broth-1,OxicWtGlc,Unknown,0,1,1,amp,C10H13N5O7P-,346,823822.0481,cps,821795.923,cps,1,normMax,1,0,MRM,TRUE,
45449,WTEColi12C01,140221_0_OxicWTEcoliGlcM9_Broth-2,OxicWtGlc,Unknown,0,1,2,amp,C10H13N5O7P-,346,239360.368,cps,237334.2429,cps,1,normMax,1,0,MRM,TRUE,
45460,WTEColi12C01,140221_0_OxicWTEcoliGlcM9_Broth-3,OxicWtGlc,Unknown,0,1,3,amp,C10H13N5O7P-,346,1413216.522,cps,1411190.397,cps,1,normMax,1,0,MRM,TRUE,
45471,WTEColi12C01,140221_0_OxicWTEcoliGlcM9_Broth-4,OxicWtGlc,Unknown,0,1,4,amp,C10H13N5O7P-,346,828302.4188,cps,826276.2937,cps,1,normMax,1,0,MRM,TRUE,
45482,WTEColi12C01,140221_0_OxicWTEcoliGlcM9_Broth-5,OxicWtGlc,Unknown,0,1,5,amp,C10H13N5O7P-,346,238762.7637,cps,236736.6386,cps,1,normMax,1,0,MRM,TRUE,
45493,WTEColi12C01,140221_0_OxicWTEcoliGlcM9_Broth-6,OxicWtGlc,Unknown,0,1,6,amp,C10H13N5O7P-,346,1507205.398,cps,1505179.273,cps,1,normMax,1,0,MRM,TRUE,
45816,WTEColi12C01,140221_0_OxicWTEcoliGlcM9_MRMQC-1-10x,MRMQC,QC,0,10,1,amp,C10H13N5O7P-,346,226369.0691,cps,224762.4818,cps,1,normMax,1,0,MRM,TRUE,
45827,WTEColi12C01,140221_0_OxicWTEcoliGlcM9_MRMQC-2-10x,MRMQC,QC,0,10,2,amp,C10H13N5O7P-,346,267012.5023,cps,265405.915,cps,1,normMax,1,0,MRM,TRUE,
45838,WTEColi12C01,140221_0_OxicWTEcoliGlcM9_MRMQC-3-10x,MRMQC,QC,0,10,3,amp,C10H13N5O7P-,346,282548.0817,cps,280941.4944,cps,1,normMax,1,0,MRM,TRUE,
45439,WTEColi12C01,140221_0_OxicWTEcoliGlcM9_Broth-1,OxicWtGlc,Unknown,0,1,1,amp,C10H13N5O7P-,347,113181.1286,cps,111776.0065,cps,0.136014311,normMax,0.130786897,3.996894861,MRM,TRUE,
45450,WTEColi12C01,140221_0_OxicWTEcoliGlcM9_Broth-2,OxicWtGlc,Unknown,0,1,2,amp,C10H13N5O7P-,347,36215.98344,cps,34810.8613,cps,0.146674415,normMax,0.130786897,12.14763803,MRM,TRUE,
45461,WTEColi12C01,140221_0_OxicWTEcoliGlcM9_Broth-3,OxicWtGlc,Unknown,0,1,3,amp,C10H13N5O7P-,347,193255.8241,cps,191850.702,cps,0.135949552,normMax,0.130786897,3.947379609,MRM,TRUE,
45472,WTEColi12C01,140221_0_OxicWTEcoliGlcM9_Broth-4,OxicWtGlc,Unknown,0,1,4,amp,C10H13N5O7P-,347,115935.1052,cps,114529.9831,cps,0.138609789,normMax,0.130786897,5.98140418,MRM,TRUE,
45483,WTEColi12C01,140221_0_OxicWTEcoliGlcM9_Broth-5,OxicWtGlc,Unknown,0,1,5,amp,C10H13N5O7P-,347,37293.63391,cps,35888.51177,cps,0.151596779,normMax,0.130786897,15.91128973,MRM,TRUE,
45494,WTEColi12C01,140221_0_OxicWTEcoliGlcM9_Broth-6,OxicWtGlc,Unknown,0,1,6,amp,C10H13N5O7P-,347,231087.5593,cps,229682.4372,cps,0.152594738,normMax,0.130786897,16.6743323,MRM,TRUE,
45817,WTEColi12C01,140221_0_OxicWTEcoliGlcM9_MRMQC-1-10x,MRMQC,QC,0,10,1,amp,C10H13N5O7P-,347,39597.60587,cps,38589.60587,cps,0.171690602,normMax,0.130786897,31.27507944,MRM,TRUE,
45828,WTEColi12C01,140221_0_OxicWTEcoliGlcM9_MRMQC-2-10x,MRMQC,QC,0,10,2,amp,C10H13N5O7P-,347,43508.1852,cps,42500.1852,cps,0.160132773,normMax,0.130786897,22.4379334,MRM,TRUE,
45839,WTEColi12C01,140221_0_OxicWTEcoliGlcM9_MRMQC-3-10x,MRMQC,QC,0,10,3,amp,C10H13N5O7P-,347,48269.69208,cps,47261.69208,cps,0.168226101,normMax,0.130786897,28.62611242,MRM,TRUE,
45440,WTEColi12C01,140221_0_OxicWTEcoliGlcM9_Broth-1,OxicWtGlc,Unknown,0,1,1,amp,C10H13N5O7P-,348,13890.49457,cps,10253.88992,cps,0.012477416,normMax,0.022317961,44.09249022,MRM,TRUE,
45451,WTEColi12C01,140221_0_OxicWTEcoliGlcM9_Broth-2,OxicWtGlc,Unknown,0,1,2,amp,C10H13N5O7P-,348,6529.157291,cps,0,cps,0,normMax,0.022317961,100,MRM,FALSE,
45462,WTEColi12C01,140221_0_OxicWTEcoliGlcM9_Broth-3,OxicWtGlc,Unknown,0,1,3,amp,C10H13N5O7P-,348,20528.83023,cps,16892.22558,cps,0.011970196,normMax,0.022317961,46.3651908,MRM,TRUE,
45473,WTEColi12C01,140221_0_OxicWTEcoliGlcM9_Broth-4,OxicWtGlc,Unknown,0,1,4,amp,C10H13N5O7P-,348,12695.93521,cps,9059.330559,cps,0.010964045,normMax,0.022317961,50.87344686,MRM,TRUE,
45484,WTEColi12C01,140221_0_OxicWTEcoliGlcM9_Broth-5,OxicWtGlc,Unknown,0,1,5,amp,C10H13N5O7P-,348,5098.625723,cps,0,cps,0,normMax,0.022317961,100,MRM,FALSE,
45495,WTEColi12C01,140221_0_OxicWTEcoliGlcM9_Broth-6,OxicWtGlc,Unknown,0,1,6,amp,C10H13N5O7P-,348,28755.53149,cps,25118.92684,cps,0.016688329,normMax,0.022317961,25.22467112,MRM,TRUE,
45818,WTEColi12C01,140221_0_OxicWTEcoliGlcM9_MRMQC-1-10x,MRMQC,QC,0,10,1,amp,C10H13N5O7P-,348,6814.156452,cps,0,cps,0,normMax,0.022317961,100,MRM,FALSE,LLOD Reached
45829,WTEColi12C01,140221_0_OxicWTEcoliGlcM9_MRMQC-2-10x,MRMQC,QC,0,10,2,amp,C10H13N5O7P-,348,6185.325801,cps,0,cps,0,normMax,0.022317961,100,MRM,FALSE,LLOD Reached
45840,WTEColi12C01,140221_0_OxicWTEcoliGlcM9_MRMQC-3-10x,MRMQC,QC,0,10,3,amp,C10H13N5O7P-,348,7093.060732,cps,0,cps,0,normMax,0.022317961,100,MRM,FALSE,LLOD Reached
45441,WTEColi12C01,140221_0_OxicWTEcoliGlcM9_Broth-1,OxicWtGlc,Unknown,0,1,1,amp,C10H13N5O7P-,349,0,cps,0,cps,0,normMax,0.002172006,100,MRM,FALSE,LLOD Reached
45452,WTEColi12C01,140221_0_OxicWTEcoliGlcM9_Broth-2,OxicWtGlc,Unknown,0,1,2,amp,C10H13N5O7P-,349,1559.466119,cps,0,cps,0,normMax,0.002172006,100,MRM,FALSE,LLOD Reached
45463,WTEColi12C01,140221_0_OxicWTEcoliGlcM9_Broth-3,OxicWtGlc,Unknown,0,1,3,amp,C10H13N5O7P-,349,2483.173593,cps,1323.316745,cps,0.000937731,normMax,0.002172006,56.82650519,MRM,TRUE,
45474,WTEColi12C01,140221_0_OxicWTEcoliGlcM9_Broth-4,OxicWtGlc,Unknown,0,1,4,amp,C10H13N5O7P-,349,0,cps,0,cps,0,normMax,0.002172006,100,MRM,FALSE,LLOD Reached
45485,WTEColi12C01,140221_0_OxicWTEcoliGlcM9_Broth-5,OxicWtGlc,Unknown,0,1,5,amp,C10H13N5O7P-,349,2212.384563,cps,0,cps,0,normMax,0.002172006,100,MRM,FALSE,LLOD Reached
45496,WTEColi12C01,140221_0_OxicWTEcoliGlcM9_Broth-6,OxicWtGlc,Unknown,0,1,6,amp,C10H13N5O7P-,349,3110.548461,cps,1950.691613,cps,0.001295986,normMax,0.002172006,40.33228629,MRM,TRUE,
45819,WTEColi12C01,140221_0_OxicWTEcoliGlcM9_MRMQC-1-10x,MRMQC,QC,0,10,1,amp,C10H13N5O7P-,349,0,cps,0,cps,0,normMax,0.002172006,100,MRM,FALSE,LLOD Reached
45830,WTEColi12C01,140221_0_OxicWTEcoliGlcM9_MRMQC-2-10x,MRMQC,QC,0,10,2,amp,C10H13N5O7P-,349,0,cps,0,cps,0,normMax,0.002172006,100,MRM,FALSE,LLOD Reached
45841,WTEColi12C01,140221_0_OxicWTEcoliGlcM9_MRMQC-3-10x,MRMQC,QC,0,10,3,amp,C10H13N5O7P-,349,0,cps,0,cps,0,normMax,0.002172006,100,MRM,FALSE,LLOD Reached
45442,WTEColi12C01,140221_0_OxicWTEcoliGlcM9_Broth-1,OxicWtGlc,Unknown,0,1,1,amp,C10H13N5O7P-,350,0,cps,0,cps,0,normMax,0.000209696,100,MRM,FALSE,LLOD Reached
45453,WTEColi12C01,140221_0_OxicWTEcoliGlcM9_Broth-2,OxicWtGlc,Unknown,0,1,2,amp,C10H13N5O7P-,350,0,cps,0,cps,0,normMax,0.000209696,100,MRM,FALSE,LLOD Reached
45464,WTEColi12C01,140221_0_OxicWTEcoliGlcM9_Broth-3,OxicWtGlc,Unknown,0,1,3,amp,C10H13N5O7P-,350,0,cps,0,cps,0,normMax,0.000209696,100,MRM,FALSE,LLOD Reached
45475,WTEColi12C01,140221_0_OxicWTEcoliGlcM9_Broth-4,OxicWtGlc,Unknown,0,1,4,amp,C10H13N5O7P-,350,0,cps,0,cps,0,normMax,0.000209696,100,MRM,FALSE,LLOD Reached
45486,WTEColi12C01,140221_0_OxicWTEcoliGlcM9_Broth-5,OxicWtGlc,Unknown,0,1,5,amp,C10H13N5O7P-,350,0,cps,0,cps,0,normMax,0.000209696,100,MRM,FALSE,LLOD Reached
45497,WTEColi12C01,140221_0_OxicWTEcoliGlcM9_Broth-6,OxicWtGlc,Unknown,0,1,6,amp,C10H13N5O7P-,350,0,cps,0,cps,0,normMax,0.000209696,100,MRM,FALSE,LLOD Reached
45820,WTEColi12C01,140221_0_OxicWTEcoliGlcM9_MRMQC-1-10x,MRMQC,QC,0,10,1,amp,C10H13N5O7P-,350,0,cps,0,cps,0,normMax,0.000209696,100,MRM,FALSE,LLOD Reached
45831,WTEColi12C01,140221_0_OxicWTEcoliGlcM9_MRMQC-2-10x,MRMQC,QC,0,10,2,amp,C10H13N5O7P-,350,0,cps,0,cps,0,normMax,0.000209696,100,MRM,FALSE,LLOD Reached
45842,WTEColi12C01,140221_0_OxicWTEcoliGlcM9_MRMQC-3-10x,MRMQC,QC,0,10,3,amp,C10H13N5O7P-,350,0,cps,0,cps,0,normMax,0.000209696,100,MRM,FALSE,LLOD Reached
45443,WTEColi12C01,140221_0_OxicWTEcoliGlcM9_Broth-1,OxicWtGlc,Unknown,0,1,1,amp,C10H13N5O7P-,351,0,cps,0,cps,0,normMax,1.59E-05,100,MRM,FALSE,LLOD Reached
45454,WTEColi12C01,140221_0_OxicWTEcoliGlcM9_Broth-2,OxicWtGlc,Unknown,0,1,2,amp,C10H13N5O7P-,351,0,cps,0,cps,0,normMax,1.59E-05,100,MRM,FALSE,LLOD Reached
45465,WTEColi12C01,140221_0_OxicWTEcoliGlcM9_Broth-3,OxicWtGlc,Unknown,0,1,3,amp,C10H13N5O7P-,351,0,cps,0,cps,0,normMax,1.59E-05,100,MRM,FALSE,LLOD Reached
45476,WTEColi12C01,140221_0_OxicWTEcoliGlcM9_Broth-4,OxicWtGlc,Unknown,0,1,4,amp,C10H13N5O7P-,351,0,cps,0,cps,0,normMax,1.59E-05,100,MRM,FALSE,LLOD Reached
45487,WTEColi12C01,140221_0_OxicWTEcoliGlcM9_Broth-5,OxicWtGlc,Unknown,0,1,5,amp,C10H13N5O7P-,351,0,cps,0,cps,0,normMax,1.59E-05,100,MRM,FALSE,LLOD Reached
45498,WTEColi12C01,140221_0_OxicWTEcoliGlcM9_Broth-6,OxicWtGlc,Unknown,0,1,6,amp,C10H13N5O7P-,351,0,cps,0,cps,0,normMax,1.59E-05,100,MRM,FALSE,LLOD Reached
45821,WTEColi12C01,140221_0_OxicWTEcoliGlcM9_MRMQC-1-10x,MRMQC,QC,0,10,1,amp,C10H13N5O7P-,351,0,cps,0,cps,0,normMax,1.59E-05,100,MRM,FALSE,LLOD Reached
45832,WTEColi12C01,140221_0_OxicWTEcoliGlcM9_MRMQC-2-10x,MRMQC,QC,0,10,2,amp,C10H13N5O7P-,351,0,cps,0,cps,0,normMax,1.59E-05,100,MRM,FALSE,LLOD Reached
45843,WTEColi12C01,140221_0_OxicWTEcoliGlcM9_MRMQC-3-10x,MRMQC,QC,0,10,3,amp,C10H13N5O7P-,351,0,cps,0,cps,0,normMax,1.59E-05,100,MRM,FALSE,LLOD Reached
45433,WTEColi12C01,140221_0_OxicWTEcoliGlcM9_Broth-1,OxicWtGlc,Unknown,0,1,1,amp,C10H13N5O7P-,352,0,cps,0,cps,0,normMax,1.11E-06,100,MRM,FALSE,LLOD Reached
45444,WTEColi12C01,140221_0_OxicWTEcoliGlcM9_Broth-2,OxicWtGlc,Unknown,0,1,2,amp,C10H13N5O7P-,352,0,cps,0,cps,0,normMax,1.11E-06,100,MRM,FALSE,LLOD Reached
45455,WTEColi12C01,140221_0_OxicWTEcoliGlcM9_Broth-3,OxicWtGlc,Unknown,0,1,3,amp,C10H13N5O7P-,352,0,cps,0,cps,0,normMax,1.11E-06,100,MRM,FALSE,LLOD Reached
45466,WTEColi12C01,140221_0_OxicWTEcoliGlcM9_Broth-4,OxicWtGlc,Unknown,0,1,4,amp,C10H13N5O7P-,352,0,cps,0,cps,0,normMax,1.11E-06,100,MRM,FALSE,LLOD Reached
45477,WTEColi12C01,140221_0_OxicWTEcoliGlcM9_Broth-5,OxicWtGlc,Unknown,0,1,5,amp,C10H13N5O7P-,352,0,cps,0,cps,0,normMax,1.11E-06,100,MRM,FALSE,LLOD Reached
45488,WTEColi12C01,140221_0_OxicWTEcoliGlcM9_Broth-6,OxicWtGlc,Unknown,0,1,6,amp,C10H13N5O7P-,352,0,cps,0,cps,0,normMax,1.11E-06,100,MRM,FALSE,LLOD Reached
45811,WTEColi12C01,140221_0_OxicWTEcoliGlcM9_MRMQC-1-10x,MRMQC,QC,0,10,1,amp,C10H13N5O7P-,352,0,cps,0,cps,0,normMax,1.11E-06,100,MRM,FALSE,LLOD Reached
45822,WTEColi12C01,140221_0_OxicWTEcoliGlcM9_MRMQC-2-10x,MRMQC,QC,0,10,2,amp,C10H13N5O7P-,352,0,cps,0,cps,0,normMax,1.11E-06,100,MRM,FALSE,LLOD Reached
45833,WTEColi12C01,140221_0_OxicWTEcoliGlcM9_MRMQC-3-10x,MRMQC,QC,0,10,3,amp,C10H13N5O7P-,352,0,cps,0,cps,0,normMax,1.11E-06,100,MRM,FALSE,LLOD Reached
45434,WTEColi12C01,140221_0_OxicWTEcoliGlcM9_Broth-1,OxicWtGlc,Unknown,0,1,1,amp,C10H13N5O7P-,353,0,cps,0,cps,0,normMax,6.63E-08,100,MRM,FALSE,LLOD Reached
45445,WTEColi12C01,140221_0_OxicWTEcoliGlcM9_Broth-2,OxicWtGlc,Unknown,0,1,2,amp,C10H13N5O7P-,353,0,cps,0,cps,0,normMax,6.63E-08,100,MRM,FALSE,LLOD Reached
45456,WTEColi12C01,140221_0_OxicWTEcoliGlcM9_Broth-3,OxicWtGlc,Unknown,0,1,3,amp,C10H13N5O7P-,353,0,cps,0,cps,0,normMax,6.63E-08,100,MRM,FALSE,LLOD Reached
45467,WTEColi12C01,140221_0_OxicWTEcoliGlcM9_Broth-4,OxicWtGlc,Unknown,0,1,4,amp,C10H13N5O7P-,353,0,cps,0,cps,0,normMax,6.63E-08,100,MRM,FALSE,LLOD Reached
45478,WTEColi12C01,140221_0_OxicWTEcoliGlcM9_Broth-5,OxicWtGlc,Unknown,0,1,5,amp,C10H13N5O7P-,353,0,cps,0,cps,0,normMax,6.63E-08,100,MRM,FALSE,LLOD Reached
45489,WTEColi12C01,140221_0_OxicWTEcoliGlcM9_Broth-6,OxicWtGlc,Unknown,0,1,6,amp,C10H13N5O7P-,353,0,cps,0,cps,0,normMax,6.63E-08,100,MRM,FALSE,LLOD Reached
45812,WTEColi12C01,140221_0_OxicWTEcoliGlcM9_MRMQC-1-10x,MRMQC,QC,0,10,1,amp,C10H13N5O7P-,353,0,cps,0,cps,0,normMax,6.63E-08,100,MRM,FALSE,LLOD Reached
45823,WTEColi12C01,140221_0_OxicWTEcoliGlcM9_MRMQC-2-10x,MRMQC,QC,0,10,2,amp,C10H13N5O7P-,353,0,cps,0,cps,0,normMax,6.63E-08,100,MRM,FALSE,LLOD Reached
45834,WTEColi12C01,140221_0_OxicWTEcoliGlcM9_MRMQC-3-10x,MRMQC,QC,0,10,3,amp,C10H13N5O7P-,353,0,cps,0,cps,0,normMax,6.63E-08,100,MRM,FALSE,LLOD Reached
45435,WTEColi12C01,140221_0_OxicWTEcoliGlcM9_Broth-1,OxicWtGlc,Unknown,0,1,1,amp,C10H13N5O7P-,354,0,cps,0,cps,0,normMax,2.21E-09,100,MRM,FALSE,LLOD Reached
45446,WTEColi12C01,140221_0_OxicWTEcoliGlcM9_Broth-2,OxicWtGlc,Unknown,0,1,2,amp,C10H13N5O7P-,354,0,cps,0,cps,0,normMax,2.21E-09,100,MRM,FALSE,LLOD Reached
45457,WTEColi12C01,140221_0_OxicWTEcoliGlcM9_Broth-3,OxicWtGlc,Unknown,0,1,3,amp,C10H13N5O7P-,354,0,cps,0,cps,0,normMax,2.21E-09,100,MRM,FALSE,LLOD Reached
45468,WTEColi12C01,140221_0_OxicWTEcoliGlcM9_Broth-4,OxicWtGlc,Unknown,0,1,4,amp,C10H13N5O7P-,354,0,cps,0,cps,0,normMax,2.21E-09,100,MRM,FALSE,LLOD Reached
45479,WTEColi12C01,140221_0_OxicWTEcoliGlcM9_Broth-5,OxicWtGlc,Unknown,0,1,5,amp,C10H13N5O7P-,354,0,cps,0,cps,0,normMax,2.21E-09,100,MRM,FALSE,LLOD Reached
45490,WTEColi12C01,140221_0_OxicWTEcoliGlcM9_Broth-6,OxicWtGlc,Unknown,0,1,6,amp,C10H13N5O7P-,354,0,cps,0,cps,0,normMax,2.21E-09,100,MRM,FALSE,LLOD Reached
45813,WTEColi12C01,140221_0_OxicWTEcoliGlcM9_MRMQC-1-10x,MRMQC,QC,0,10,1,amp,C10H13N5O7P-,354,0,cps,0,cps,0,normMax,2.21E-09,100,MRM,FALSE,LLOD Reached
45824,WTEColi12C01,140221_0_OxicWTEcoliGlcM9_MRMQC-2-10x,MRMQC,QC,0,10,2,amp,C10H13N5O7P-,354,0,cps,0,cps,0,normMax,2.21E-09,100,MRM,FALSE,LLOD Reached
45835,WTEColi12C01,140221_0_OxicWTEcoliGlcM9_MRMQC-3-10x,MRMQC,QC,0,10,3,amp,C10H13N5O7P-,354,0,cps,0,cps,0,normMax,2.21E-09,100,MRM,FALSE,LLOD Reached
45436,WTEColi12C01,140221_0_OxicWTEcoliGlcM9_Broth-1,OxicWtGlc,Unknown,0,1,1,amp,C10H13N5O7P-,355,0,cps,0,cps,0,normMax,7.30E-12,100,MRM,FALSE,LLOD Reached
45447,WTEColi12C01,140221_0_OxicWTEcoliGlcM9_Broth-2,OxicWtGlc,Unknown,0,1,2,amp,C10H13N5O7P-,355,0,cps,0,cps,0,normMax,7.30E-12,100,MRM,FALSE,LLOD Reached
45458,WTEColi12C01,140221_0_OxicWTEcoliGlcM9_Broth-3,OxicWtGlc,Unknown,0,1,3,amp,C10H13N5O7P-,355,0,cps,0,cps,0,normMax,7.30E-12,100,MRM,FALSE,LLOD Reached
45469,WTEColi12C01,140221_0_OxicWTEcoliGlcM9_Broth-4,OxicWtGlc,Unknown,0,1,4,amp,C10H13N5O7P-,355,0,cps,0,cps,0,normMax,7.30E-12,100,MRM,FALSE,LLOD Reached
45480,WTEColi12C01,140221_0_OxicWTEcoliGlcM9_Broth-5,OxicWtGlc,Unknown,0,1,5,amp,C10H13N5O7P-,355,0,cps,0,cps,0,normMax,7.30E-12,100,MRM,FALSE,LLOD Reached
45491,WTEColi12C01,140221_0_OxicWTEcoliGlcM9_Broth-6,OxicWtGlc,Unknown,0,1,6,amp,C10H13N5O7P-,355,0,cps,0,cps,0,normMax,7.30E-12,100,MRM,FALSE,LLOD Reached
45814,WTEColi12C01,140221_0_OxicWTEcoliGlcM9_MRMQC-1-10x,MRMQC,QC,0,10,1,amp,C10H13N5O7P-,355,0,cps,0,cps,0,normMax,7.30E-12,100,MRM,FALSE,LLOD Reached
45825,WTEColi12C01,140221_0_OxicWTEcoliGlcM9_MRMQC-2-10x,MRMQC,QC,0,10,2,amp,C10H13N5O7P-,355,0,cps,0,cps,0,normMax,7.30E-12,100,MRM,FALSE,LLOD Reached
45836,WTEColi12C01,140221_0_OxicWTEcoliGlcM9_MRMQC-3-10x,MRMQC,QC,0,10,3,amp,C10H13N5O7P-,355,0,cps,0,cps,0,normMax,7.30E-12,100,MRM,FALSE,LLOD Reached
45437,WTEColi12C01,140221_0_OxicWTEcoliGlcM9_Broth-1,OxicWtGlc,Unknown,0,1,1,amp,C10H13N5O7P-,356,0,cps,0,cps,0,normMax,0,NaN,MRM,FALSE,LLOD Reached
45448,WTEColi12C01,140221_0_OxicWTEcoliGlcM9_Broth-2,OxicWtGlc,Unknown,0,1,2,amp,C10H13N5O7P-,356,0,cps,0,cps,0,normMax,0,NaN,MRM,FALSE,LLOD Reached
45459,WTEColi12C01,140221_0_OxicWTEcoliGlcM9_Broth-3,OxicWtGlc,Unknown,0,1,3,amp,C10H13N5O7P-,356,0,cps,0,cps,0,normMax,0,NaN,MRM,FALSE,LLOD Reached
45470,WTEColi12C01,140221_0_OxicWTEcoliGlcM9_Broth-4,OxicWtGlc,Unknown,0,1,4,amp,C10H13N5O7P-,356,0,cps,0,cps,0,normMax,0,NaN,MRM,FALSE,LLOD Reached
45481,WTEColi12C01,140221_0_OxicWTEcoliGlcM9_Broth-5,OxicWtGlc,Unknown,0,1,5,amp,C10H13N5O7P-,356,0,cps,0,cps,0,normMax,0,NaN,MRM,FALSE,LLOD Reached
45492,WTEColi12C01,140221_0_OxicWTEcoliGlcM9_Broth-6,OxicWtGlc,Unknown,0,1,6,amp,C10H13N5O7P-,356,0,cps,0,cps,0,normMax,0,NaN,MRM,FALSE,LLOD Reached
45815,WTEColi12C01,140221_0_OxicWTEcoliGlcM9_MRMQC-1-10x,MRMQC,QC,0,10,1,amp,C10H13N5O7P-,356,0,cps,0,cps,0,normMax,0,NaN,MRM,FALSE,LLOD Reached
45826,WTEColi12C01,140221_0_OxicWTEcoliGlcM9_MRMQC-2-10x,MRMQC,QC,0,10,2,amp,C10H13N5O7P-,356,0,cps,0,cps,0,normMax,0,NaN,MRM,FALSE,LLOD Reached
45837,WTEColi12C01,140221_0_OxicWTEcoliGlcM9_MRMQC-3-10x,MRMQC,QC,0,10,3,amp,C10H13N5O7P-,356,0,cps,0,cps,0,normMax,0,NaN,MRM,FALSE,LLOD Reached
45601,WTEColi12C01,140221_0_OxicWTEcoliGlcM9_Broth-1,OxicWtGlc,Unknown,0,1,1,gtp,C10H15N5O14P3-,522,3969189.3,cps,3964547.427,cps,1,normMax,1,0,MRM,TRUE,
45745,WTEColi12C01,140221_0_OxicWTEcoliGlcM9_Broth-1-10x,OxicWtGlc,Unknown,0,10,1,gtp,C10H15N5O14P3-,522,142524.6805,cps,141553.6805,cps,1,normMax,1,0,MRM,FALSE,
45612,WTEColi12C01,140221_0_OxicWTEcoliGlcM9_Broth-2,OxicWtGlc,Unknown,0,1,2,gtp,C10H15N5O14P3-,522,4100929.633,cps,4096287.76,cps,1,normMax,1,0,MRM,TRUE,
45756,WTEColi12C01,140221_0_OxicWTEcoliGlcM9_Broth-2-10x,OxicWtGlc,Unknown,0,10,2,gtp,C10H15N5O14P3-,522,437644.6081,cps,436673.6081,cps,1,normMax,1,0,MRM,FALSE,
45623,WTEColi12C01,140221_0_OxicWTEcoliGlcM9_Broth-3,OxicWtGlc,Unknown,0,1,3,gtp,C10H15N5O14P3-,522,4394946.529,cps,4390304.656,cps,1,normMax,1,0,MRM,TRUE,
45767,WTEColi12C01,140221_0_OxicWTEcoliGlcM9_Broth-3-10x,OxicWtGlc,Unknown,0,10,3,gtp,C10H15N5O14P3-,522,261112.2147,cps,260141.2147,cps,1,normMax,1,0,MRM,FALSE,
45634,WTEColi12C01,140221_0_OxicWTEcoliGlcM9_Broth-4,OxicWtGlc,Unknown,0,1,4,gtp,C10H15N5O14P3-,522,4356942.333,cps,4352300.46,cps,1,normMax,1,0,MRM,TRUE,
45778,WTEColi12C01,140221_0_OxicWTEcoliGlcM9_Broth-4-10x,OxicWtGlc,Unknown,0,10,4,gtp,C10H15N5O14P3-,522,318235.4948,cps,317264.4948,cps,1,normMax,1,0,MRM,FALSE,
45645,WTEColi12C01,140221_0_OxicWTEcoliGlcM9_Broth-5,OxicWtGlc,Unknown,0,1,5,gtp,C10H15N5O14P3-,522,4221202.435,cps,4216560.562,cps,1,normMax,1,0,MRM,TRUE,
45789,WTEColi12C01,140221_0_OxicWTEcoliGlcM9_Broth-5-10x,OxicWtGlc,Unknown,0,10,5,gtp,C10H15N5O14P3-,522,604405.9884,cps,603434.9884,cps,1,normMax,1,0,MRM,FALSE,
45656,WTEColi12C01,140221_0_OxicWTEcoliGlcM9_Broth-6,OxicWtGlc,Unknown,0,1,6,gtp,C10H15N5O14P3-,522,4588051.863,cps,4583409.99,cps,1,normMax,1,0,MRM,TRUE,
45800,WTEColi12C01,140221_0_OxicWTEcoliGlcM9_Broth-6-10x,OxicWtGlc,Unknown,0,10,6,gtp,C10H15N5O14P3-,522,292060.7199,cps,291089.7199,cps,1,normMax,1,0,MRM,FALSE,
45895,WTEColi12C01,140221_0_OxicWTEcoliGlcM9_MRMQC-1-10x,MRMQC,QC,0,10,1,gtp,C10H15N5O14P3-,522,211183.3865,cps,209291.384,cps,1,normMax,1,0,MRM,FALSE,
45906,WTEColi12C01,140221_0_OxicWTEcoliGlcM9_MRMQC-2-10x,MRMQC,QC,0,10,2,gtp,C10H15N5O14P3-,522,359398.4167,cps,357506.4142,cps,1,normMax,1,0,MRM,FALSE,
45917,WTEColi12C01,140221_0_OxicWTEcoliGlcM9_MRMQC-3-10x,MRMQC,QC,0,10,3,gtp,C10H15N5O14P3-,522,384235.5674,cps,382343.5649,cps,1,normMax,1,0,MRM,FALSE,
45602,WTEColi12C01,140221_0_OxicWTEcoliGlcM9_Broth-1,OxicWtGlc,Unknown,0,1,1,gtp,C10H15N5O14P3-,523,625725.2667,cps,624007.2747,cps,0.15739685,normMax,0.133683403,17.73851244,MRM,TRUE,
45746,WTEColi12C01,140221_0_OxicWTEcoliGlcM9_Broth-1-10x,OxicWtGlc,Unknown,0,10,1,gtp,C10H15N5O14P3-,523,25091.65115,cps,24362.65115,cps,0.172108921,normMax,0.133683403,28.74367147,MRM,FALSE,
45613,WTEColi12C01,140221_0_OxicWTEcoliGlcM9_Broth-2,OxicWtGlc,Unknown,0,1,2,gtp,C10H15N5O14P3-,523,631613.2,cps,629895.208,cps,0.153772207,normMax,0.133683403,15.02714905,MRM,TRUE,
45757,WTEColi12C01,140221_0_OxicWTEcoliGlcM9_Broth-2-10x,OxicWtGlc,Unknown,0,10,2,gtp,C10H15N5O14P3-,523,64578.83826,cps,63849.83826,cps,0.146218679,normMax,0.133683403,9.376838519,MRM,FALSE,
45624,WTEColi12C01,140221_0_OxicWTEcoliGlcM9_Broth-3,OxicWtGlc,Unknown,0,1,3,gtp,C10H15N5O14P3-,523,711329.0949,cps,709611.1029,cps,0.161631403,normMax,0.133683403,20.90611128,MRM,TRUE,
45768,WTEColi12C01,140221_0_OxicWTEcoliGlcM9_Broth-3-10x,OxicWtGlc,Unknown,0,10,3,gtp,C10H15N5O14P3-,523,42743.90449,cps,42014.90449,cps,0.161508066,normMax,0.133683403,20.8138505,MRM,FALSE,
45635,WTEColi12C01,140221_0_OxicWTEcoliGlcM9_Broth-4,OxicWtGlc,Unknown,0,1,4,gtp,C10H15N5O14P3-,523,721302.8309,cps,719584.8389,cps,0.165334366,normMax,0.133683403,23.67606096,MRM,TRUE,
45779,WTEColi12C01,140221_0_OxicWTEcoliGlcM9_Broth-4-10x,OxicWtGlc,Unknown,0,10,4,gtp,C10H15N5O14P3-,523,37149.56645,cps,36420.56645,cps,0.114795595,normMax,0.133683403,14.12876032,MRM,FALSE,
45646,WTEColi12C01,140221_0_OxicWTEcoliGlcM9_Broth-5,OxicWtGlc,Unknown,0,1,5,gtp,C10H15N5O14P3-,523,672757.7,cps,671039.708,cps,0.159143856,normMax,0.133683403,19.04533642,MRM,TRUE,
45790,WTEColi12C01,140221_0_OxicWTEcoliGlcM9_Broth-5-10x,OxicWtGlc,Unknown,0,10,5,gtp,C10H15N5O14P3-,523,82228.38426,cps,81499.38426,cps,0.135059096,normMax,0.133683403,1.029068562,MRM,FALSE,
45657,WTEColi12C01,140221_0_OxicWTEcoliGlcM9_Broth-6,OxicWtGlc,Unknown,0,1,6,gtp,C10H15N5O14P3-,523,792143.7,cps,790425.708,cps,0.172453634,normMax,0.133683403,29.00152941,MRM,TRUE,
45801,WTEColi12C01,140221_0_OxicWTEcoliGlcM9_Broth-6-10x,OxicWtGlc,Unknown,0,10,6,gtp,C10H15N5O14P3-,523,44402.47571,cps,43673.47571,cps,0.150034415,normMax,0.133683403,12.23114593,MRM,FALSE,
45896,WTEColi12C01,140221_0_OxicWTEcoliGlcM9_MRMQC-1-10x,MRMQC,QC,0,10,1,gtp,C10H15N5O14P3-,523,31884.26343,cps,31038.18232,cps,0.14830129,normMax,0.133683403,10.93470663,MRM,FALSE,
45907,WTEColi12C01,140221_0_OxicWTEcoliGlcM9_MRMQC-2-10x,MRMQC,QC,0,10,2,gtp,C10H15N5O14P3-,523,52328.83333,cps,51482.75222,cps,0.144005115,normMax,0.133683403,7.721012543,MRM,FALSE,
45918,WTEColi12C01,140221_0_OxicWTEcoliGlcM9_MRMQC-3-10x,MRMQC,QC,0,10,3,gtp,C10H15N5O14P3-,523,52723.48879,cps,51877.40768,cps,0.135682701,normMax,0.133683403,1.495547433,MRM,FALSE,
45603,WTEColi12C01,140221_0_OxicWTEcoliGlcM9_Broth-1,OxicWtGlc,Unknown,0,1,1,gtp,C10H15N5O14P3-,524,0,cps,0,cps,0,normMax,0.037085416,100,MRM,FALSE,LLOD Reached
45747,WTEColi12C01,140221_0_OxicWTEcoliGlcM9_Broth-1-10x,OxicWtGlc,Unknown,0,10,1,gtp,C10H15N5O14P3-,524,0,cps,0,cps,0,normMax,0.037085416,100,MRM,FALSE,LLOD Reached
45614,WTEColi12C01,140221_0_OxicWTEcoliGlcM9_Broth-2,OxicWtGlc,Unknown,0,1,2,gtp,C10H15N5O14P3-,524,0,cps,0,cps,0,normMax,0.037085416,100,MRM,FALSE,LLOD Reached
45758,WTEColi12C01,140221_0_OxicWTEcoliGlcM9_Broth-2-10x,OxicWtGlc,Unknown,0,10,2,gtp,C10H15N5O14P3-,524,0,cps,0,cps,0,normMax,0.037085416,100,MRM,FALSE,LLOD Reached
45625,WTEColi12C01,140221_0_OxicWTEcoliGlcM9_Broth-3,OxicWtGlc,Unknown,0,1,3,gtp,C10H15N5O14P3-,524,0,cps,0,cps,0,normMax,0.037085416,100,MRM,FALSE,LLOD Reached
45769,WTEColi12C01,140221_0_OxicWTEcoliGlcM9_Broth-3-10x,OxicWtGlc,Unknown,0,10,3,gtp,C10H15N5O14P3-,524,0,cps,0,cps,0,normMax,0.037085416,100,MRM,FALSE,LLOD Reached
45636,WTEColi12C01,140221_0_OxicWTEcoliGlcM9_Broth-4,OxicWtGlc,Unknown,0,1,4,gtp,C10H15N5O14P3-,524,0,cps,0,cps,0,normMax,0.037085416,100,MRM,FALSE,LLOD Reached
45780,WTEColi12C01,140221_0_OxicWTEcoliGlcM9_Broth-4-10x,OxicWtGlc,Unknown,0,10,4,gtp,C10H15N5O14P3-,524,0,cps,0,cps,0,normMax,0.037085416,100,MRM,FALSE,LLOD Reached
45647,WTEColi12C01,140221_0_OxicWTEcoliGlcM9_Broth-5,OxicWtGlc,Unknown,0,1,5,gtp,C10H15N5O14P3-,524,0,cps,0,cps,0,normMax,0.037085416,100,MRM,FALSE,LLOD Reached
45791,WTEColi12C01,140221_0_OxicWTEcoliGlcM9_Broth-5-10x,OxicWtGlc,Unknown,0,10,5,gtp,C10H15N5O14P3-,524,0,cps,0,cps,0,normMax,0.037085416,100,MRM,FALSE,LLOD Reached
45658,WTEColi12C01,140221_0_OxicWTEcoliGlcM9_Broth-6,OxicWtGlc,Unknown,0,1,6,gtp,C10H15N5O14P3-,524,0,cps,0,cps,0,normMax,0.037085416,100,MRM,FALSE,LLOD Reached
45802,WTEColi12C01,140221_0_OxicWTEcoliGlcM9_Broth-6-10x,OxicWtGlc,Unknown,0,10,6,gtp,C10H15N5O14P3-,524,0,cps,0,cps,0,normMax,0.037085416,100,MRM,FALSE,LLOD Reached
45897,WTEColi12C01,140221_0_OxicWTEcoliGlcM9_MRMQC-1-10x,MRMQC,QC,0,10,1,gtp,C10H15N5O14P3-,524,0,cps,0,cps,0,normMax,0.037085416,100,MRM,FALSE,LLOD Reached
45908,WTEColi12C01,140221_0_OxicWTEcoliGlcM9_MRMQC-2-10x,MRMQC,QC,0,10,2,gtp,C10H15N5O14P3-,524,0,cps,0,cps,0,normMax,0.037085416,100,MRM,FALSE,LLOD Reached
45919,WTEColi12C01,140221_0_OxicWTEcoliGlcM9_MRMQC-3-10x,MRMQC,QC,0,10,3,gtp,C10H15N5O14P3-,524,0,cps,0,cps,0,normMax,0.037085416,100,MRM,FALSE,LLOD Reached
45604,WTEColi12C01,140221_0_OxicWTEcoliGlcM9_Broth-1,OxicWtGlc,Unknown,0,1,1,gtp,C10H15N5O14P3-,525,0,cps,0,cps,0,normMax,0.004154683,100,MRM,FALSE,LLOD Reached
45748,WTEColi12C01,140221_0_OxicWTEcoliGlcM9_Broth-1-10x,OxicWtGlc,Unknown,0,10,1,gtp,C10H15N5O14P3-,525,0,cps,0,cps,0,normMax,0.004154683,100,MRM,FALSE,LLOD Reached
45615,WTEColi12C01,140221_0_OxicWTEcoliGlcM9_Broth-2,OxicWtGlc,Unknown,0,1,2,gtp,C10H15N5O14P3-,525,0,cps,0,cps,0,normMax,0.004154683,100,MRM,FALSE,LLOD Reached
45759,WTEColi12C01,140221_0_OxicWTEcoliGlcM9_Broth-2-10x,OxicWtGlc,Unknown,0,10,2,gtp,C10H15N5O14P3-,525,0,cps,0,cps,0,normMax,0.004154683,100,MRM,FALSE,LLOD Reached
45626,WTEColi12C01,140221_0_OxicWTEcoliGlcM9_Broth-3,OxicWtGlc,Unknown,0,1,3,gtp,C10H15N5O14P3-,525,0,cps,0,cps,0,normMax,0.004154683,100,MRM,FALSE,LLOD Reached
45770,WTEColi12C01,140221_0_OxicWTEcoliGlcM9_Broth-3-10x,OxicWtGlc,Unknown,0,10,3,gtp,C10H15N5O14P3-,525,0,cps,0,cps,0,normMax,0.004154683,100,MRM,FALSE,LLOD Reached
45637,WTEColi12C01,140221_0_OxicWTEcoliGlcM9_Broth-4,OxicWtGlc,Unknown,0,1,4,gtp,C10H15N5O14P3-,525,0,cps,0,cps,0,normMax,0.004154683,100,MRM,FALSE,LLOD Reached
45781,WTEColi12C01,140221_0_OxicWTEcoliGlcM9_Broth-4-10x,OxicWtGlc,Unknown,0,10,4,gtp,C10H15N5O14P3-,525,0,cps,0,cps,0,normMax,0.004154683,100,MRM,FALSE,LLOD Reached
45648,WTEColi12C01,140221_0_OxicWTEcoliGlcM9_Broth-5,OxicWtGlc,Unknown,0,1,5,gtp,C10H15N5O14P3-,525,0,cps,0,cps,0,normMax,0.004154683,100,MRM,FALSE,LLOD Reached
45792,WTEColi12C01,140221_0_OxicWTEcoliGlcM9_Broth-5-10x,OxicWtGlc,Unknown,0,10,5,gtp,C10H15N5O14P3-,525,0,cps,0,cps,0,normMax,0.004154683,100,MRM,FALSE,LLOD Reached
45659,WTEColi12C01,140221_0_OxicWTEcoliGlcM9_Broth-6,OxicWtGlc,Unknown,0,1,6,gtp,C10H15N5O14P3-,525,0,cps,0,cps,0,normMax,0.004154683,100,MRM,FALSE,LLOD Reached
45803,WTEColi12C01,140221_0_OxicWTEcoliGlcM9_Broth-6-10x,OxicWtGlc,Unknown,0,10,6,gtp,C10H15N5O14P3-,525,0,cps,0,cps,0,normMax,0.004154683,100,MRM,FALSE,LLOD Reached
45898,WTEColi12C01,140221_0_OxicWTEcoliGlcM9_MRMQC-1-10x,MRMQC,QC,0,10,1,gtp,C10H15N5O14P3-,525,0,cps,0,cps,0,normMax,0.004154683,100,MRM,FALSE,LLOD Reached
45909,WTEColi12C01,140221_0_OxicWTEcoliGlcM9_MRMQC-2-10x,MRMQC,QC,0,10,2,gtp,C10H15N5O14P3-,525,0,cps,0,cps,0,normMax,0.004154683,100,MRM,FALSE,LLOD Reached
45920,WTEColi12C01,140221_0_OxicWTEcoliGlcM9_MRMQC-3-10x,MRMQC,QC,0,10,3,gtp,C10H15N5O14P3-,525,0,cps,0,cps,0,normMax,0.004154683,100,MRM,FALSE,LLOD Reached
45605,WTEColi12C01,140221_0_OxicWTEcoliGlcM9_Broth-1,OxicWtGlc,Unknown,0,1,1,gtp,C10H15N5O14P3-,526,0,cps,0,cps,0,normMax,0.000630567,100,MRM,FALSE,LLOD Reached
45749,WTEColi12C01,140221_0_OxicWTEcoliGlcM9_Broth-1-10x,OxicWtGlc,Unknown,0,10,1,gtp,C10H15N5O14P3-,526,0,cps,0,cps,0,normMax,0.000630567,100,MRM,FALSE,LLOD Reached
45616,WTEColi12C01,140221_0_OxicWTEcoliGlcM9_Broth-2,OxicWtGlc,Unknown,0,1,2,gtp,C10H15N5O14P3-,526,0,cps,0,cps,0,normMax,0.000630567,100,MRM,FALSE,LLOD Reached
45760,WTEColi12C01,140221_0_OxicWTEcoliGlcM9_Broth-2-10x,OxicWtGlc,Unknown,0,10,2,gtp,C10H15N5O14P3-,526,0,cps,0,cps,0,normMax,0.000630567,100,MRM,FALSE,LLOD Reached
45627,WTEColi12C01,140221_0_OxicWTEcoliGlcM9_Broth-3,OxicWtGlc,Unknown,0,1,3,gtp,C10H15N5O14P3-,526,0,cps,0,cps,0,normMax,0.000630567,100,MRM,FALSE,LLOD Reached
45771,WTEColi12C01,140221_0_OxicWTEcoliGlcM9_Broth-3-10x,OxicWtGlc,Unknown,0,10,3,gtp,C10H15N5O14P3-,526,0,cps,0,cps,0,normMax,0.000630567,100,MRM,FALSE,LLOD Reached
45638,WTEColi12C01,140221_0_OxicWTEcoliGlcM9_Broth-4,OxicWtGlc,Unknown,0,1,4,gtp,C10H15N5O14P3-,526,0,cps,0,cps,0,normMax,0.000630567,100,MRM,FALSE,LLOD Reached
45782,WTEColi12C01,140221_0_OxicWTEcoliGlcM9_Broth-4-10x,OxicWtGlc,Unknown,0,10,4,gtp,C10H15N5O14P3-,526,0,cps,0,cps,0,normMax,0.000630567,100,MRM,FALSE,LLOD Reached
45649,WTEColi12C01,140221_0_OxicWTEcoliGlcM9_Broth-5,OxicWtGlc,Unknown,0,1,5,gtp,C10H15N5O14P3-,526,0,cps,0,cps,0,normMax,0.000630567,100,MRM,FALSE,LLOD Reached
45793,WTEColi12C01,140221_0_OxicWTEcoliGlcM9_Broth-5-10x,OxicWtGlc,Unknown,0,10,5,gtp,C10H15N5O14P3-,526,0,cps,0,cps,0,normMax,0.000630567,100,MRM,FALSE,LLOD Reached
45660,WTEColi12C01,140221_0_OxicWTEcoliGlcM9_Broth-6,OxicWtGlc,Unknown,0,1,6,gtp,C10H15N5O14P3-,526,0,cps,0,cps,0,normMax,0.000630567,100,MRM,FALSE,LLOD Reached
45804,WTEColi12C01,140221_0_OxicWTEcoliGlcM9_Broth-6-10x,OxicWtGlc,Unknown,0,10,6,gtp,C10H15N5O14P3-,526,0,cps,0,cps,0,normMax,0.000630567,100,MRM,FALSE,LLOD Reached
45899,WTEColi12C01,140221_0_OxicWTEcoliGlcM9_MRMQC-1-10x,MRMQC,QC,0,10,1,gtp,C10H15N5O14P3-,526,0,cps,0,cps,0,normMax,0.000630567,100,MRM,FALSE,LLOD Reached
45910,WTEColi12C01,140221_0_OxicWTEcoliGlcM9_MRMQC-2-10x,MRMQC,QC,0,10,2,gtp,C10H15N5O14P3-,526,0,cps,0,cps,0,normMax,0.000630567,100,MRM,FALSE,LLOD Reached
45921,WTEColi12C01,140221_0_OxicWTEcoliGlcM9_MRMQC-3-10x,MRMQC,QC,0,10,3,gtp,C10H15N5O14P3-,526,0,cps,0,cps,0,normMax,0.000630567,100,MRM,FALSE,LLOD Reached
45606,WTEColi12C01,140221_0_OxicWTEcoliGlcM9_Broth-1,OxicWtGlc,Unknown,0,1,1,gtp,C10H15N5O14P3-,527,0,cps,0,cps,0,normMax,6.03E-05,100,MRM,FALSE,LLOD Reached
45750,WTEColi12C01,140221_0_OxicWTEcoliGlcM9_Broth-1-10x,OxicWtGlc,Unknown,0,10,1,gtp,C10H15N5O14P3-,527,0,cps,0,cps,0,normMax,6.03E-05,100,MRM,FALSE,LLOD Reached
45617,WTEColi12C01,140221_0_OxicWTEcoliGlcM9_Broth-2,OxicWtGlc,Unknown,0,1,2,gtp,C10H15N5O14P3-,527,0,cps,0,cps,0,normMax,6.03E-05,100,MRM,FALSE,LLOD Reached
45761,WTEColi12C01,140221_0_OxicWTEcoliGlcM9_Broth-2-10x,OxicWtGlc,Unknown,0,10,2,gtp,C10H15N5O14P3-,527,0,cps,0,cps,0,normMax,6.03E-05,100,MRM,FALSE,LLOD Reached
45628,WTEColi12C01,140221_0_OxicWTEcoliGlcM9_Broth-3,OxicWtGlc,Unknown,0,1,3,gtp,C10H15N5O14P3-,527,0,cps,0,cps,0,normMax,6.03E-05,100,MRM,FALSE,LLOD Reached
45772,WTEColi12C01,140221_0_OxicWTEcoliGlcM9_Broth-3-10x,OxicWtGlc,Unknown,0,10,3,gtp,C10H15N5O14P3-,527,0,cps,0,cps,0,normMax,6.03E-05,100,MRM,FALSE,LLOD Reached
45639,WTEColi12C01,140221_0_OxicWTEcoliGlcM9_Broth-4,OxicWtGlc,Unknown,0,1,4,gtp,C10H15N5O14P3-,527,0,cps,0,cps,0,normMax,6.03E-05,100,MRM,FALSE,LLOD Reached
45783,WTEColi12C01,140221_0_OxicWTEcoliGlcM9_Broth-4-10x,OxicWtGlc,Unknown,0,10,4,gtp,C10H15N5O14P3-,527,0,cps,0,cps,0,normMax,6.03E-05,100,MRM,FALSE,LLOD Reached
45650,WTEColi12C01,140221_0_OxicWTEcoliGlcM9_Broth-5,OxicWtGlc,Unknown,0,1,5,gtp,C10H15N5O14P3-,527,0,cps,0,cps,0,normMax,6.03E-05,100,MRM,FALSE,LLOD Reached
45794,WTEColi12C01,140221_0_OxicWTEcoliGlcM9_Broth-5-10x,OxicWtGlc,Unknown,0,10,5,gtp,C10H15N5O14P3-,527,0,cps,0,cps,0,normMax,6.03E-05,100,MRM,FALSE,LLOD Reached
45661,WTEColi12C01,140221_0_OxicWTEcoliGlcM9_Broth-6,OxicWtGlc,Unknown,0,1,6,gtp,C10H15N5O14P3-,527,0,cps,0,cps,0,normMax,6.03E-05,100,MRM,FALSE,LLOD Reached
45805,WTEColi12C01,140221_0_OxicWTEcoliGlcM9_Broth-6-10x,OxicWtGlc,Unknown,0,10,6,gtp,C10H15N5O14P3-,527,0,cps,0,cps,0,normMax,6.03E-05,100,MRM,FALSE,LLOD Reached
45900,WTEColi12C01,140221_0_OxicWTEcoliGlcM9_MRMQC-1-10x,MRMQC,QC,0,10,1,gtp,C10H15N5O14P3-,527,0,cps,0,cps,0,normMax,6.03E-05,100,MRM,FALSE,LLOD Reached
45911,WTEColi12C01,140221_0_OxicWTEcoliGlcM9_MRMQC-2-10x,MRMQC,QC,0,10,2,gtp,C10H15N5O14P3-,527,0,cps,0,cps,0,normMax,6.03E-05,100,MRM,FALSE,LLOD Reached
45922,WTEColi12C01,140221_0_OxicWTEcoliGlcM9_MRMQC-3-10x,MRMQC,QC,0,10,3,gtp,C10H15N5O14P3-,527,0,cps,0,cps,0,normMax,6.03E-05,100,MRM,FALSE,LLOD Reached
45607,WTEColi12C01,140221_0_OxicWTEcoliGlcM9_Broth-1,OxicWtGlc,Unknown,0,1,1,gtp,C10H15N5O14P3-,528,0,cps,0,cps,0,normMax,6.56E-06,100,MRM,FALSE,LLOD Reached
45751,WTEColi12C01,140221_0_OxicWTEcoliGlcM9_Broth-1-10x,OxicWtGlc,Unknown,0,10,1,gtp,C10H15N5O14P3-,528,0,cps,0,cps,0,normMax,6.56E-06,100,MRM,FALSE,LLOD Reached
45618,WTEColi12C01,140221_0_OxicWTEcoliGlcM9_Broth-2,OxicWtGlc,Unknown,0,1,2,gtp,C10H15N5O14P3-,528,0,cps,0,cps,0,normMax,6.56E-06,100,MRM,FALSE,LLOD Reached
45762,WTEColi12C01,140221_0_OxicWTEcoliGlcM9_Broth-2-10x,OxicWtGlc,Unknown,0,10,2,gtp,C10H15N5O14P3-,528,0,cps,0,cps,0,normMax,6.56E-06,100,MRM,FALSE,LLOD Reached
45629,WTEColi12C01,140221_0_OxicWTEcoliGlcM9_Broth-3,OxicWtGlc,Unknown,0,1,3,gtp,C10H15N5O14P3-,528,0,cps,0,cps,0,normMax,6.56E-06,100,MRM,FALSE,LLOD Reached
45773,WTEColi12C01,140221_0_OxicWTEcoliGlcM9_Broth-3-10x,OxicWtGlc,Unknown,0,10,3,gtp,C10H15N5O14P3-,528,0,cps,0,cps,0,normMax,6.56E-06,100,MRM,FALSE,LLOD Reached
45640,WTEColi12C01,140221_0_OxicWTEcoliGlcM9_Broth-4,OxicWtGlc,Unknown,0,1,4,gtp,C10H15N5O14P3-,528,0,cps,0,cps,0,normMax,6.56E-06,100,MRM,FALSE,LLOD Reached
45784,WTEColi12C01,140221_0_OxicWTEcoliGlcM9_Broth-4-10x,OxicWtGlc,Unknown,0,10,4,gtp,C10H15N5O14P3-,528,0,cps,0,cps,0,normMax,6.56E-06,100,MRM,FALSE,LLOD Reached
45651,WTEColi12C01,140221_0_OxicWTEcoliGlcM9_Broth-5,OxicWtGlc,Unknown,0,1,5,gtp,C10H15N5O14P3-,528,0,cps,0,cps,0,normMax,6.56E-06,100,MRM,FALSE,LLOD Reached
45795,WTEColi12C01,140221_0_OxicWTEcoliGlcM9_Broth-5-10x,OxicWtGlc,Unknown,0,10,5,gtp,C10H15N5O14P3-,528,0,cps,0,cps,0,normMax,6.56E-06,100,MRM,FALSE,LLOD Reached
45662,WTEColi12C01,140221_0_OxicWTEcoliGlcM9_Broth-6,OxicWtGlc,Unknown,0,1,6,gtp,C10H15N5O14P3-,528,0,cps,0,cps,0,normMax,6.56E-06,100,MRM,FALSE,LLOD Reached
45806,WTEColi12C01,140221_0_OxicWTEcoliGlcM9_Broth-6-10x,OxicWtGlc,Unknown,0,10,6,gtp,C10H15N5O14P3-,528,0,cps,0,cps,0,normMax,6.56E-06,100,MRM,FALSE,LLOD Reached
45901,WTEColi12C01,140221_0_OxicWTEcoliGlcM9_MRMQC-1-10x,MRMQC,QC,0,10,1,gtp,C10H15N5O14P3-,528,0,cps,0,cps,0,normMax,6.56E-06,100,MRM,FALSE,LLOD Reached
45912,WTEColi12C01,140221_0_OxicWTEcoliGlcM9_MRMQC-2-10x,MRMQC,QC,0,10,2,gtp,C10H15N5O14P3-,528,0,cps,0,cps,0,normMax,6.56E-06,100,MRM,FALSE,LLOD Reached
45923,WTEColi12C01,140221_0_OxicWTEcoliGlcM9_MRMQC-3-10x,MRMQC,QC,0,10,3,gtp,C10H15N5O14P3-,528,0,cps,0,cps,0,normMax,6.56E-06,100,MRM,FALSE,LLOD Reached
45608,WTEColi12C01,140221_0_OxicWTEcoliGlcM9_Broth-1,OxicWtGlc,Unknown,0,1,1,gtp,C10H15N5O14P3-,529,0,cps,0,cps,0,normMax,5.43E-07,100,MRM,FALSE,LLOD Reached
45752,WTEColi12C01,140221_0_OxicWTEcoliGlcM9_Broth-1-10x,OxicWtGlc,Unknown,0,10,1,gtp,C10H15N5O14P3-,529,0,cps,0,cps,0,normMax,5.43E-07,100,MRM,FALSE,LLOD Reached
45619,WTEColi12C01,140221_0_OxicWTEcoliGlcM9_Broth-2,OxicWtGlc,Unknown,0,1,2,gtp,C10H15N5O14P3-,529,0,cps,0,cps,0,normMax,5.43E-07,100,MRM,FALSE,LLOD Reached
45763,WTEColi12C01,140221_0_OxicWTEcoliGlcM9_Broth-2-10x,OxicWtGlc,Unknown,0,10,2,gtp,C10H15N5O14P3-,529,0,cps,0,cps,0,normMax,5.43E-07,100,MRM,FALSE,LLOD Reached
45630,WTEColi12C01,140221_0_OxicWTEcoliGlcM9_Broth-3,OxicWtGlc,Unknown,0,1,3,gtp,C10H15N5O14P3-,529,0,cps,0,cps,0,normMax,5.43E-07,100,MRM,FALSE,LLOD Reached
45774,WTEColi12C01,140221_0_OxicWTEcoliGlcM9_Broth-3-10x,OxicWtGlc,Unknown,0,10,3,gtp,C10H15N5O14P3-,529,0,cps,0,cps,0,normMax,5.43E-07,100,MRM,FALSE,LLOD Reached
45641,WTEColi12C01,140221_0_OxicWTEcoliGlcM9_Broth-4,OxicWtGlc,Unknown,0,1,4,gtp,C10H15N5O14P3-,529,0,cps,0,cps,0,normMax,5.43E-07,100,MRM,FALSE,LLOD Reached
45785,WTEColi12C01,140221_0_OxicWTEcoliGlcM9_Broth-4-10x,OxicWtGlc,Unknown,0,10,4,gtp,C10H15N5O14P3-,529,0,cps,0,cps,0,normMax,5.43E-07,100,MRM,FALSE,LLOD Reached
45652,WTEColi12C01,140221_0_OxicWTEcoliGlcM9_Broth-5,OxicWtGlc,Unknown,0,1,5,gtp,C10H15N5O14P3-,529,0,cps,0,cps,0,normMax,5.43E-07,100,MRM,FALSE,LLOD Reached
45796,WTEColi12C01,140221_0_OxicWTEcoliGlcM9_Broth-5-10x,OxicWtGlc,Unknown,0,10,5,gtp,C10H15N5O14P3-,529,0,cps,0,cps,0,normMax,5.43E-07,100,MRM,FALSE,LLOD Reached
45663,WTEColi12C01,140221_0_OxicWTEcoliGlcM9_Broth-6,OxicWtGlc,Unknown,0,1,6,gtp,C10H15N5O14P3-,529,0,cps,0,cps,0,normMax,5.43E-07,100,MRM,FALSE,LLOD Reached
45807,WTEColi12C01,140221_0_OxicWTEcoliGlcM9_Broth-6-10x,OxicWtGlc,Unknown,0,10,6,gtp,C10H15N5O14P3-,529,0,cps,0,cps,0,normMax,5.43E-07,100,MRM,FALSE,LLOD Reached
45902,WTEColi12C01,140221_0_OxicWTEcoliGlcM9_MRMQC-1-10x,MRMQC,QC,0,10,1,gtp,C10H15N5O14P3-,529,0,cps,0,cps,0,normMax,5.43E-07,100,MRM,FALSE,LLOD Reached
45913,WTEColi12C01,140221_0_OxicWTEcoliGlcM9_MRMQC-2-10x,MRMQC,QC,0,10,2,gtp,C10H15N5O14P3-,529,0,cps,0,cps,0,normMax,5.43E-07,100,MRM,FALSE,LLOD Reached
45924,WTEColi12C01,140221_0_OxicWTEcoliGlcM9_MRMQC-3-10x,MRMQC,QC,0,10,3,gtp,C10H15N5O14P3-,529,0,cps,0,cps,0,normMax,5.43E-07,100,MRM,FALSE,LLOD Reached
45609,WTEColi12C01,140221_0_OxicWTEcoliGlcM9_Broth-1,OxicWtGlc,Unknown,0,1,1,gtp,C10H15N5O14P3-,530,0,cps,0,cps,0,normMax,4.54E-08,100,MRM,FALSE,LLOD Reached
45753,WTEColi12C01,140221_0_OxicWTEcoliGlcM9_Broth-1-10x,OxicWtGlc,Unknown,0,10,1,gtp,C10H15N5O14P3-,530,0,cps,0,cps,0,normMax,4.54E-08,100,MRM,FALSE,LLOD Reached
45620,WTEColi12C01,140221_0_OxicWTEcoliGlcM9_Broth-2,OxicWtGlc,Unknown,0,1,2,gtp,C10H15N5O14P3-,530,0,cps,0,cps,0,normMax,4.54E-08,100,MRM,FALSE,LLOD Reached
45764,WTEColi12C01,140221_0_OxicWTEcoliGlcM9_Broth-2-10x,OxicWtGlc,Unknown,0,10,2,gtp,C10H15N5O14P3-,530,0,cps,0,cps,0,normMax,4.54E-08,100,MRM,FALSE,LLOD Reached
45631,WTEColi12C01,140221_0_OxicWTEcoliGlcM9_Broth-3,OxicWtGlc,Unknown,0,1,3,gtp,C10H15N5O14P3-,530,0,cps,0,cps,0,normMax,4.54E-08,100,MRM,FALSE,LLOD Reached
45775,WTEColi12C01,140221_0_OxicWTEcoliGlcM9_Broth-3-10x,OxicWtGlc,Unknown,0,10,3,gtp,C10H15N5O14P3-,530,0,cps,0,cps,0,normMax,4.54E-08,100,MRM,FALSE,LLOD Reached
45642,WTEColi12C01,140221_0_OxicWTEcoliGlcM9_Broth-4,OxicWtGlc,Unknown,0,1,4,gtp,C10H15N5O14P3-,530,0,cps,0,cps,0,normMax,4.54E-08,100,MRM,FALSE,LLOD Reached
45786,WTEColi12C01,140221_0_OxicWTEcoliGlcM9_Broth-4-10x,OxicWtGlc,Unknown,0,10,4,gtp,C10H15N5O14P3-,530,0,cps,0,cps,0,normMax,4.54E-08,100,MRM,FALSE,LLOD Reached
45653,WTEColi12C01,140221_0_OxicWTEcoliGlcM9_Broth-5,OxicWtGlc,Unknown,0,1,5,gtp,C10H15N5O14P3-,530,0,cps,0,cps,0,normMax,4.54E-08,100,MRM,FALSE,LLOD Reached
45797,WTEColi12C01,140221_0_OxicWTEcoliGlcM9_Broth-5-10x,OxicWtGlc,Unknown,0,10,5,gtp,C10H15N5O14P3-,530,0,cps,0,cps,0,normMax,4.54E-08,100,MRM,FALSE,LLOD Reached
45664,WTEColi12C01,140221_0_OxicWTEcoliGlcM9_Broth-6,OxicWtGlc,Unknown,0,1,6,gtp,C10H15N5O14P3-,530,0,cps,0,cps,0,normMax,4.54E-08,100,MRM,FALSE,LLOD Reached
45808,WTEColi12C01,140221_0_OxicWTEcoliGlcM9_Broth-6-10x,OxicWtGlc,Unknown,0,10,6,gtp,C10H15N5O14P3-,530,0,cps,0,cps,0,normMax,4.54E-08,100,MRM,FALSE,LLOD Reached
45903,WTEColi12C01,140221_0_OxicWTEcoliGlcM9_MRMQC-1-10x,MRMQC,QC,0,10,1,gtp,C10H15N5O14P3-,530,0,cps,0,cps,0,normMax,4.54E-08,100,MRM,FALSE,LLOD Reached
45914,WTEColi12C01,140221_0_OxicWTEcoliGlcM9_MRMQC-2-10x,MRMQC,QC,0,10,2,gtp,C10H15N5O14P3-,530,0,cps,0,cps,0,normMax,4.54E-08,100,MRM,FALSE,LLOD Reached
45925,WTEColi12C01,140221_0_OxicWTEcoliGlcM9_MRMQC-3-10x,MRMQC,QC,0,10,3,gtp,C10H15N5O14P3-,530,0,cps,0,cps,0,normMax,4.54E-08,100,MRM,FALSE,LLOD Reached
45610,WTEColi12C01,140221_0_OxicWTEcoliGlcM9_Broth-1,OxicWtGlc,Unknown,0,1,1,gtp,C10H15N5O14P3-,531,0,cps,0,cps,0,normMax,1.61E-10,100,MRM,FALSE,LLOD Reached
45754,WTEColi12C01,140221_0_OxicWTEcoliGlcM9_Broth-1-10x,OxicWtGlc,Unknown,0,10,1,gtp,C10H15N5O14P3-,531,0,cps,0,cps,0,normMax,1.61E-10,100,MRM,FALSE,LLOD Reached
45621,WTEColi12C01,140221_0_OxicWTEcoliGlcM9_Broth-2,OxicWtGlc,Unknown,0,1,2,gtp,C10H15N5O14P3-,531,0,cps,0,cps,0,normMax,1.61E-10,100,MRM,FALSE,LLOD Reached
45765,WTEColi12C01,140221_0_OxicWTEcoliGlcM9_Broth-2-10x,OxicWtGlc,Unknown,0,10,2,gtp,C10H15N5O14P3-,531,0,cps,0,cps,0,normMax,1.61E-10,100,MRM,FALSE,LLOD Reached
45632,WTEColi12C01,140221_0_OxicWTEcoliGlcM9_Broth-3,OxicWtGlc,Unknown,0,1,3,gtp,C10H15N5O14P3-,531,0,cps,0,cps,0,normMax,1.61E-10,100,MRM,FALSE,LLOD Reached
45776,WTEColi12C01,140221_0_OxicWTEcoliGlcM9_Broth-3-10x,OxicWtGlc,Unknown,0,10,3,gtp,C10H15N5O14P3-,531,0,cps,0,cps,0,normMax,1.61E-10,100,MRM,FALSE,LLOD Reached
45643,WTEColi12C01,140221_0_OxicWTEcoliGlcM9_Broth-4,OxicWtGlc,Unknown,0,1,4,gtp,C10H15N5O14P3-,531,0,cps,0,cps,0,normMax,1.61E-10,100,MRM,FALSE,LLOD Reached
45787,WTEColi12C01,140221_0_OxicWTEcoliGlcM9_Broth-4-10x,OxicWtGlc,Unknown,0,10,4,gtp,C10H15N5O14P3-,531,0,cps,0,cps,0,normMax,1.61E-10,100,MRM,FALSE,LLOD Reached
45654,WTEColi12C01,140221_0_OxicWTEcoliGlcM9_Broth-5,OxicWtGlc,Unknown,0,1,5,gtp,C10H15N5O14P3-,531,0,cps,0,cps,0,normMax,1.61E-10,100,MRM,FALSE,LLOD Reached
45798,WTEColi12C01,140221_0_OxicWTEcoliGlcM9_Broth-5-10x,OxicWtGlc,Unknown,0,10,5,gtp,C10H15N5O14P3-,531,0,cps,0,cps,0,normMax,1.61E-10,100,MRM,FALSE,LLOD Reached
45665,WTEColi12C01,140221_0_OxicWTEcoliGlcM9_Broth-6,OxicWtGlc,Unknown,0,1,6,gtp,C10H15N5O14P3-,531,0,cps,0,cps,0,normMax,1.61E-10,100,MRM,FALSE,LLOD Reached
45809,WTEColi12C01,140221_0_OxicWTEcoliGlcM9_Broth-6-10x,OxicWtGlc,Unknown,0,10,6,gtp,C10H15N5O14P3-,531,0,cps,0,cps,0,normMax,1.61E-10,100,MRM,FALSE,LLOD Reached
45904,WTEColi12C01,140221_0_OxicWTEcoliGlcM9_MRMQC-1-10x,MRMQC,QC,0,10,1,gtp,C10H15N5O14P3-,531,0,cps,0,cps,0,normMax,1.61E-10,100,MRM,FALSE,LLOD Reached
45915,WTEColi12C01,140221_0_OxicWTEcoliGlcM9_MRMQC-2-10x,MRMQC,QC,0,10,2,gtp,C10H15N5O14P3-,531,0,cps,0,cps,0,normMax,1.61E-10,100,MRM,FALSE,LLOD Reached
45926,WTEColi12C01,140221_0_OxicWTEcoliGlcM9_MRMQC-3-10x,MRMQC,QC,0,10,3,gtp,C10H15N5O14P3-,531,0,cps,0,cps,0,normMax,1.61E-10,100,MRM,FALSE,LLOD Reached
45611,WTEColi12C01,140221_0_OxicWTEcoliGlcM9_Broth-1,OxicWtGlc,Unknown,0,1,1,gtp,C10H15N5O14P3-,532,0,cps,0,cps,0,normMax,0,NaN,MRM,FALSE,LLOD Reached
45755,WTEColi12C01,140221_0_OxicWTEcoliGlcM9_Broth-1-10x,OxicWtGlc,Unknown,0,10,1,gtp,C10H15N5O14P3-,532,0,cps,0,cps,0,normMax,0,NaN,MRM,FALSE,LLOD Reached
45622,WTEColi12C01,140221_0_OxicWTEcoliGlcM9_Broth-2,OxicWtGlc,Unknown,0,1,2,gtp,C10H15N5O14P3-,532,0,cps,0,cps,0,normMax,0,NaN,MRM,FALSE,LLOD Reached
45766,WTEColi12C01,140221_0_OxicWTEcoliGlcM9_Broth-2-10x,OxicWtGlc,Unknown,0,10,2,gtp,C10H15N5O14P3-,532,0,cps,0,cps,0,normMax,0,NaN,MRM,FALSE,LLOD Reached
45633,WTEColi12C01,140221_0_OxicWTEcoliGlcM9_Broth-3,OxicWtGlc,Unknown,0,1,3,gtp,C10H15N5O14P3-,532,0,cps,0,cps,0,normMax,0,NaN,MRM,FALSE,LLOD Reached
45777,WTEColi12C01,140221_0_OxicWTEcoliGlcM9_Broth-3-10x,OxicWtGlc,Unknown,0,10,3,gtp,C10H15N5O14P3-,532,0,cps,0,cps,0,normMax,0,NaN,MRM,FALSE,LLOD Reached
45644,WTEColi12C01,140221_0_OxicWTEcoliGlcM9_Broth-4,OxicWtGlc,Unknown,0,1,4,gtp,C10H15N5O14P3-,532,0,cps,0,cps,0,normMax,0,NaN,MRM,FALSE,LLOD Reached
45788,WTEColi12C01,140221_0_OxicWTEcoliGlcM9_Broth-4-10x,OxicWtGlc,Unknown,0,10,4,gtp,C10H15N5O14P3-,532,0,cps,0,cps,0,normMax,0,NaN,MRM,FALSE,LLOD Reached
45655,WTEColi12C01,140221_0_OxicWTEcoliGlcM9_Broth-5,OxicWtGlc,Unknown,0,1,5,gtp,C10H15N5O14P3-,532,0,cps,0,cps,0,normMax,0,NaN,MRM,FALSE,LLOD Reached
45799,WTEColi12C01,140221_0_OxicWTEcoliGlcM9_Broth-5-10x,OxicWtGlc,Unknown,0,10,5,gtp,C10H15N5O14P3-,532,0,cps,0,cps,0,normMax,0,NaN,MRM,FALSE,LLOD Reached
45666,WTEColi12C01,140221_0_OxicWTEcoliGlcM9_Broth-6,OxicWtGlc,Unknown,0,1,6,gtp,C10H15N5O14P3-,532,0,cps,0,cps,0,normMax,0,NaN,MRM,FALSE,LLOD Reached
45810,WTEColi12C01,140221_0_OxicWTEcoliGlcM9_Broth-6-10x,OxicWtGlc,Unknown,0,10,6,gtp,C10H15N5O14P3-,532,0,cps,0,cps,0,normMax,0,NaN,MRM,FALSE,LLOD Reached
45905,WTEColi12C01,140221_0_OxicWTEcoliGlcM9_MRMQC-1-10x,MRMQC,QC,0,10,1,gtp,C10H15N5O14P3-,532,0,cps,0,cps,0,normMax,0,NaN,MRM,FALSE,LLOD Reached
45916,WTEColi12C01,140221_0_OxicWTEcoliGlcM9_MRMQC-2-10x,MRMQC,QC,0,10,2,gtp,C10H15N5O14P3-,532,0,cps,0,cps,0,normMax,0,NaN,MRM,FALSE,LLOD Reached
45927,WTEColi12C01,140221_0_OxicWTEcoliGlcM9_MRMQC-3-10x,MRMQC,QC,0,10,3,gtp,C10H15N5O14P3-,532,0,cps,0,cps,0,normMax,0,NaN,MRM,FALSE,LLOD Reached
45530,WTEColi12C01,140221_0_OxicWTEcoliGlcM9_Broth-1,OxicWtGlc,Unknown,0,1,1,icit,C5H3O3-,111,6434464.341,cps,6404362.561,cps,1,normMax,1,0,MRM,FALSE,
45935,WTEColi12C01,140221_0_OxicWTEcoliGlcM9_Broth-1-100x,OxicWtGlc,Unknown,0,100,1,icit,C5H3O3-,111,0,cps,0,cps,,normMax,1,100,MRM,FALSE,
45674,WTEColi12C01,140221_0_OxicWTEcoliGlcM9_Broth-1-10x,OxicWtGlc,Unknown,0,10,1,icit,C5H3O3-,111,1404308.976,cps,1402240.699,cps,1,normMax,1,0,MRM,TRUE,
45543,WTEColi12C01,140221_0_OxicWTEcoliGlcM9_Broth-2,OxicWtGlc,Unknown,0,1,2,icit,C5H3O3-,111,6166281.657,cps,6136179.877,cps,1,normMax,1,0,MRM,FALSE,
45948,WTEColi12C01,140221_0_OxicWTEcoliGlcM9_Broth-2-100x,OxicWtGlc,Unknown,0,100,2,icit,C5H3O3-,111,0,cps,0,cps,,normMax,1,100,MRM,FALSE,
45687,WTEColi12C01,140221_0_OxicWTEcoliGlcM9_Broth-2-10x,OxicWtGlc,Unknown,0,10,2,icit,C5H3O3-,111,5991805.916,cps,5989737.639,cps,1,normMax,1,0,MRM,TRUE,
45556,WTEColi12C01,140221_0_OxicWTEcoliGlcM9_Broth-3,OxicWtGlc,Unknown,0,1,3,icit,C5H3O3-,111,6427717.314,cps,6397615.534,cps,1,normMax,1,0,MRM,FALSE,
45961,WTEColi12C01,140221_0_OxicWTEcoliGlcM9_Broth-3-100x,OxicWtGlc,Unknown,0,100,3,icit,C5H3O3-,111,0,cps,0,cps,,normMax,1,100,MRM,FALSE,
45700,WTEColi12C01,140221_0_OxicWTEcoliGlcM9_Broth-3-10x,OxicWtGlc,Unknown,0,10,3,icit,C5H3O3-,111,2649094.259,cps,2647025.982,cps,1,normMax,1,0,MRM,TRUE,
45569,WTEColi12C01,140221_0_OxicWTEcoliGlcM9_Broth-4,OxicWtGlc,Unknown,0,1,4,icit,C5H3O3-,111,6405632.202,cps,6375530.422,cps,1,normMax,1,0,MRM,FALSE,
45974,WTEColi12C01,140221_0_OxicWTEcoliGlcM9_Broth-4-100x,OxicWtGlc,Unknown,0,100,4,icit,C5H3O3-,111,0,cps,0,cps,,normMax,1,100,MRM,FALSE,
45713,WTEColi12C01,140221_0_OxicWTEcoliGlcM9_Broth-4-10x,OxicWtGlc,Unknown,0,10,4,icit,C5H3O3-,111,2719855.287,cps,2717787.01,cps,1,normMax,1,0,MRM,TRUE,
45582,WTEColi12C01,140221_0_OxicWTEcoliGlcM9_Broth-5,OxicWtGlc,Unknown,0,1,5,icit,C5H3O3-,111,6331067.366,cps,6300965.586,cps,1,normMax,1,0,MRM,FALSE,
45987,WTEColi12C01,140221_0_OxicWTEcoliGlcM9_Broth-5-100x,OxicWtGlc,Unknown,0,100,5,icit,C5H3O3-,111,0,cps,0,cps,,normMax,1,100,MRM,FALSE,
45726,WTEColi12C01,140221_0_OxicWTEcoliGlcM9_Broth-5-10x,OxicWtGlc,Unknown,0,10,5,icit,C5H3O3-,111,6389820.245,cps,6387751.968,cps,1,normMax,1,0,MRM,TRUE,
45595,WTEColi12C01,140221_0_OxicWTEcoliGlcM9_Broth-6,OxicWtGlc,Unknown,0,1,6,icit,C5H3O3-,111,6551337.589,cps,6521235.809,cps,1,normMax,1,0,MRM,FALSE,
46000,WTEColi12C01,140221_0_OxicWTEcoliGlcM9_Broth-6-100x,OxicWtGlc,Unknown,0,100,6,icit,C5H3O3-,111,0,cps,0,cps,,normMax,1,100,MRM,FALSE,
45739,WTEColi12C01,140221_0_OxicWTEcoliGlcM9_Broth-6-10x,OxicWtGlc,Unknown,0,10,6,icit,C5H3O3-,111,3388686.954,cps,3386618.676,cps,1,normMax,1,0,MRM,TRUE,
46013,WTEColi12C01,140221_0_OxicWTEcoliGlcM9_MRMQC-1-100x,MRMQC,QC,0,100,1,icit,C5H3O3-,111,0,cps,0,cps,,normMax,1,100,MRM,FALSE,
45863,WTEColi12C01,140221_0_OxicWTEcoliGlcM9_MRMQC-1-10x,MRMQC,QC,0,10,1,icit,C5H3O3-,111,2445072.755,cps,2434828.479,cps,1,normMax,1,0,MRM,TRUE,
46026,WTEColi12C01,140221_0_OxicWTEcoliGlcM9_MRMQC-2-100x,MRMQC,QC,0,100,2,icit,C5H3O3-,111,0,cps,0,cps,,normMax,1,100,MRM,FALSE,
45876,WTEColi12C01,140221_0_OxicWTEcoliGlcM9_MRMQC-2-10x,MRMQC,QC,0,10,2,icit,C5H3O3-,111,4146644.282,cps,4136400.005,cps,1,normMax,1,0,MRM,TRUE,
46039,WTEColi12C01,140221_0_OxicWTEcoliGlcM9_MRMQC-3-100x,MRMQC,QC,0,100,3,icit,C5H3O3-,111,0,cps,0,cps,,normMax,1,100,MRM,FALSE,
45889,WTEColi12C01,140221_0_OxicWTEcoliGlcM9_MRMQC-3-10x,MRMQC,QC,0,10,3,icit,C5H3O3-,111,4574646.039,cps,4564401.763,cps,1,normMax,1,0,MRM,TRUE,
45531,WTEColi12C01,140221_0_OxicWTEcoliGlcM9_Broth-1,OxicWtGlc,Unknown,0,1,1,icit,C5H3O3-,112,2354690.927,cps,2349894.141,cps,0.366920848,normMax,0.055566458,560.3279397,MRM,FALSE,
45936,WTEColi12C01,140221_0_OxicWTEcoliGlcM9_Broth-1-100x,OxicWtGlc,Unknown,0,100,1,icit,C5H3O3-,112,0,cps,0,cps,,normMax,0.055566458,100,MRM,FALSE,
45675,WTEColi12C01,140221_0_OxicWTEcoliGlcM9_Broth-1-10x,OxicWtGlc,Unknown,0,10,1,icit,C5H3O3-,112,84205.3455,cps,80697.38887,cps,0.057548885,normMax,0.055566458,3.567668493,MRM,TRUE,
45544,WTEColi12C01,140221_0_OxicWTEcoliGlcM9_Broth-2,OxicWtGlc,Unknown,0,1,2,icit,C5H3O3-,112,2266438.041,cps,2261641.255,cps,0.368574797,normMax,0.055566458,563.3044649,MRM,FALSE,
45949,WTEColi12C01,140221_0_OxicWTEcoliGlcM9_Broth-2-100x,OxicWtGlc,Unknown,0,100,2,icit,C5H3O3-,112,0,cps,0,cps,,normMax,0.055566458,100,MRM,FALSE,
45688,WTEColi12C01,140221_0_OxicWTEcoliGlcM9_Broth-2-10x,OxicWtGlc,Unknown,0,10,2,icit,C5H3O3-,112,436242.3522,cps,432734.3956,cps,0.072245968,normMax,0.055566458,30.01722763,MRM,TRUE,
45557,WTEColi12C01,140221_0_OxicWTEcoliGlcM9_Broth-3,OxicWtGlc,Unknown,0,1,3,icit,C5H3O3-,112,2265274.948,cps,2260478.162,cps,0.353331355,normMax,0.055566458,535.8716511,MRM,FALSE,
45962,WTEColi12C01,140221_0_OxicWTEcoliGlcM9_Broth-3-100x,OxicWtGlc,Unknown,0,100,3,icit,C5H3O3-,112,0,cps,0,cps,,normMax,0.055566458,100,MRM,FALSE,
45701,WTEColi12C01,140221_0_OxicWTEcoliGlcM9_Broth-3-10x,OxicWtGlc,Unknown,0,10,3,icit,C5H3O3-,112,161625.0833,cps,158117.1266,cps,0.059733878,normMax,0.055566458,7.49988371,MRM,TRUE,
45570,WTEColi12C01,140221_0_OxicWTEcoliGlcM9_Broth-4,OxicWtGlc,Unknown,0,1,4,icit,C5H3O3-,112,2447951.111,cps,2443154.326,cps,0.38320801,normMax,0.055566458,589.6390793,MRM,FALSE,
45975,WTEColi12C01,140221_0_OxicWTEcoliGlcM9_Broth-4-100x,OxicWtGlc,Unknown,0,100,4,icit,C5H3O3-,112,0,cps,0,cps,,normMax,0.055566458,100,MRM,FALSE,
45714,WTEColi12C01,140221_0_OxicWTEcoliGlcM9_Broth-4-10x,OxicWtGlc,Unknown,0,10,4,icit,C5H3O3-,112,161866.1218,cps,158358.1652,cps,0.05826732,normMax,0.055566458,4.860597419,MRM,TRUE,
45583,WTEColi12C01,140221_0_OxicWTEcoliGlcM9_Broth-5,OxicWtGlc,Unknown,0,1,5,icit,C5H3O3-,112,2466883.335,cps,2462086.549,cps,0.3907475,normMax,0.055566458,603.2074982,MRM,FALSE,
45988,WTEColi12C01,140221_0_OxicWTEcoliGlcM9_Broth-5-100x,OxicWtGlc,Unknown,0,100,5,icit,C5H3O3-,112,0,cps,0,cps,,normMax,0.055566458,100,MRM,FALSE,
45727,WTEColi12C01,140221_0_OxicWTEcoliGlcM9_Broth-5-10x,OxicWtGlc,Unknown,0,10,5,icit,C5H3O3-,112,543716.3219,cps,540208.3653,cps,0.084569402,normMax,0.055566458,52.19505633,MRM,TRUE,
45596,WTEColi12C01,140221_0_OxicWTEcoliGlcM9_Broth-6,OxicWtGlc,Unknown,0,1,6,icit,C5H3O3-,112,2536418.672,cps,2531621.886,cps,0.388211983,normMax,0.055566458,598.6444638,MRM,FALSE,
46001,WTEColi12C01,140221_0_OxicWTEcoliGlcM9_Broth-6-100x,OxicWtGlc,Unknown,0,100,6,icit,C5H3O3-,112,0,cps,0,cps,,normMax,0.055566458,100,MRM,FALSE,
45740,WTEColi12C01,140221_0_OxicWTEcoliGlcM9_Broth-6-10x,OxicWtGlc,Unknown,0,10,6,icit,C5H3O3-,112,208608.0419,cps,205100.0853,cps,0.060561907,normMax,0.055566458,8.990043753,MRM,TRUE,
46014,WTEColi12C01,140221_0_OxicWTEcoliGlcM9_MRMQC-1-100x,MRMQC,QC,0,100,1,icit,C5H3O3-,112,0,cps,0,cps,,normMax,0.055566458,100,MRM,FALSE,
45864,WTEColi12C01,140221_0_OxicWTEcoliGlcM9_MRMQC-1-10x,MRMQC,QC,0,10,1,icit,C5H3O3-,112,167901.9176,cps,162485.1266,cps,0.066733705,normMax,0.055566458,20.09710136,MRM,TRUE,
46027,WTEColi12C01,140221_0_OxicWTEcoliGlcM9_MRMQC-2-100x,MRMQC,QC,0,100,2,icit,C5H3O3-,112,0,cps,0,cps,,normMax,0.055566458,100,MRM,FALSE,
45877,WTEColi12C01,140221_0_OxicWTEcoliGlcM9_MRMQC-2-10x,MRMQC,QC,0,10,2,icit,C5H3O3-,112,251898.5664,cps,246481.7755,cps,0.059588477,normMax,0.055566458,7.238213106,MRM,TRUE,
46040,WTEColi12C01,140221_0_OxicWTEcoliGlcM9_MRMQC-3-100x,MRMQC,QC,0,100,3,icit,C5H3O3-,112,0,cps,0,cps,,normMax,0.055566458,100,MRM,FALSE,
45890,WTEColi12C01,140221_0_OxicWTEcoliGlcM9_MRMQC-3-10x,MRMQC,QC,0,10,3,icit,C5H3O3-,112,280008.3419,cps,274591.551,cps,0.060159374,normMax,0.055566458,8.265625845,MRM,TRUE,
45532,WTEColi12C01,140221_0_OxicWTEcoliGlcM9_Broth-1,OxicWtGlc,Unknown,0,1,1,icit,C5H3O3-,113,340681.5759,cps,338575.905,cps,0.052866449,normMax,0.007416109,612.8596422,MRM,FALSE,
45937,WTEColi12C01,140221_0_OxicWTEcoliGlcM9_Broth-1-100x,OxicWtGlc,Unknown,0,100,1,icit,C5H3O3-,113,0,cps,0,cps,,normMax,0.007416109,100,MRM,FALSE,
45676,WTEColi12C01,140221_0_OxicWTEcoliGlcM9_Broth-1-10x,OxicWtGlc,Unknown,0,10,1,icit,C5H3O3-,113,9169.484727,cps,7418.504977,cps,0.005290465,normMax,0.007416109,28.66252806,MRM,TRUE,
45545,WTEColi12C01,140221_0_OxicWTEcoliGlcM9_Broth-2,OxicWtGlc,Unknown,0,1,2,icit,C5H3O3-,113,335406.8273,cps,333301.1564,cps,0.054317371,normMax,0.007416109,632.4241044,MRM,FALSE,
45950,WTEColi12C01,140221_0_OxicWTEcoliGlcM9_Broth-2-100x,OxicWtGlc,Unknown,0,100,2,icit,C5H3O3-,113,0,cps,0,cps,,normMax,0.007416109,100,MRM,FALSE,
45689,WTEColi12C01,140221_0_OxicWTEcoliGlcM9_Broth-2-10x,OxicWtGlc,Unknown,0,10,2,icit,C5H3O3-,113,63451.1614,cps,61700.18165,cps,0.010300982,normMax,0.007416109,38.90009189,MRM,TRUE,
45558,WTEColi12C01,140221_0_OxicWTEcoliGlcM9_Broth-3,OxicWtGlc,Unknown,0,1,3,icit,C5H3O3-,113,316296.3428,cps,314190.6719,cps,0.04911059,normMax,0.007416109,562.2150395,MRM,FALSE,
45963,WTEColi12C01,140221_0_OxicWTEcoliGlcM9_Broth-3-100x,OxicWtGlc,Unknown,0,100,3,icit,C5H3O3-,113,0,cps,0,cps,,normMax,0.007416109,100,MRM,FALSE,
45702,WTEColi12C01,140221_0_OxicWTEcoliGlcM9_Broth-3-10x,OxicWtGlc,Unknown,0,10,3,icit,C5H3O3-,113,18201.66901,cps,16450.68926,cps,0.006214782,normMax,0.007416109,16.19888731,MRM,TRUE,
45571,WTEColi12C01,140221_0_OxicWTEcoliGlcM9_Broth-4,OxicWtGlc,Unknown,0,1,4,icit,C5H3O3-,113,307369.2504,cps,305263.5795,cps,0.047880499,normMax,0.007416109,545.6283024,MRM,FALSE,
45976,WTEColi12C01,140221_0_OxicWTEcoliGlcM9_Broth-4-100x,OxicWtGlc,Unknown,0,100,4,icit,C5H3O3-,113,0,cps,0,cps,,normMax,0.007416109,100,MRM,FALSE,
45715,WTEColi12C01,140221_0_OxicWTEcoliGlcM9_Broth-4-10x,OxicWtGlc,Unknown,0,10,4,icit,C5H3O3-,113,20396.53013,cps,18645.55038,cps,0.006860564,normMax,0.007416109,7.491065424,MRM,TRUE,
45584,WTEColi12C01,140221_0_OxicWTEcoliGlcM9_Broth-5,OxicWtGlc,Unknown,0,1,5,icit,C5H3O3-,113,331041.8031,cps,328936.1322,cps,0.052204083,normMax,0.007416109,603.9282006,MRM,FALSE,
45989,WTEColi12C01,140221_0_OxicWTEcoliGlcM9_Broth-5-100x,OxicWtGlc,Unknown,0,100,5,icit,C5H3O3-,113,0,cps,0,cps,,normMax,0.007416109,100,MRM,FALSE,
45728,WTEColi12C01,140221_0_OxicWTEcoliGlcM9_Broth-5-10x,OxicWtGlc,Unknown,0,10,5,icit,C5H3O3-,113,76444.49103,cps,74693.51128,cps,0.011693239,normMax,0.007416109,57.67350492,MRM,TRUE,
45597,WTEColi12C01,140221_0_OxicWTEcoliGlcM9_Broth-6,OxicWtGlc,Unknown,0,1,6,icit,C5H3O3-,113,301487.6675,cps,299381.9965,cps,0.045908783,normMax,0.007416109,519.0413593,MRM,FALSE,
46002,WTEColi12C01,140221_0_OxicWTEcoliGlcM9_Broth-6-100x,OxicWtGlc,Unknown,0,100,6,icit,C5H3O3-,113,0,cps,0,cps,,normMax,0.007416109,100,MRM,FALSE,
45741,WTEColi12C01,140221_0_OxicWTEcoliGlcM9_Broth-6-10x,OxicWtGlc,Unknown,0,10,6,icit,C5H3O3-,113,25487.48749,cps,23736.50774,cps,0.007008911,normMax,0.007416109,5.490728719,MRM,TRUE,
46015,WTEColi12C01,140221_0_OxicWTEcoliGlcM9_MRMQC-1-100x,MRMQC,QC,0,100,1,icit,C5H3O3-,113,0,cps,0,cps,,normMax,0.007416109,100,MRM,FALSE,
45865,WTEColi12C01,140221_0_OxicWTEcoliGlcM9_MRMQC-1-10x,MRMQC,QC,0,10,1,icit,C5H3O3-,113,24161.60207,cps,22653.16732,cps,0.009303804,normMax,0.007416109,25.4539819,MRM,TRUE,
46028,WTEColi12C01,140221_0_OxicWTEcoliGlcM9_MRMQC-2-100x,MRMQC,QC,0,100,2,icit,C5H3O3-,113,0,cps,0,cps,,normMax,0.007416109,100,MRM,FALSE,
45878,WTEColi12C01,140221_0_OxicWTEcoliGlcM9_MRMQC-2-10x,MRMQC,QC,0,10,2,icit,C5H3O3-,113,38648.1395,cps,37139.70475,cps,0.008978751,normMax,0.007416109,21.07091016,MRM,TRUE,
46041,WTEColi12C01,140221_0_OxicWTEcoliGlcM9_MRMQC-3-100x,MRMQC,QC,0,100,3,icit,C5H3O3-,113,0,cps,0,cps,,normMax,0.007416109,100,MRM,FALSE,
45891,WTEColi12C01,140221_0_OxicWTEcoliGlcM9_MRMQC-3-10x,MRMQC,QC,0,10,3,icit,C5H3O3-,113,41620.82596,cps,40112.39121,cps,0.008788094,normMax,0.007416109,18.50006216,MRM,TRUE,
45533,WTEColi12C01,140221_0_OxicWTEcoliGlcM9_Broth-1,OxicWtGlc,Unknown,0,1,1,icit,C5H3O3-,114,14030,cps,13390.97726,cps,0.002090915,normMax,0.000354657,489.5593018,MRM,FALSE,
45938,WTEColi12C01,140221_0_OxicWTEcoliGlcM9_Broth-1-100x,OxicWtGlc,Unknown,0,100,1,icit,C5H3O3-,114,0,cps,0,cps,,normMax,0.000354657,100,MRM,FALSE,
45677,WTEColi12C01,140221_0_OxicWTEcoliGlcM9_Broth-1-10x,OxicWtGlc,Unknown,0,10,1,icit,C5H3O3-,114,567.9186788,cps,0,cps,0,normMax,0.000354657,100,MRM,TRUE,
45546,WTEColi12C01,140221_0_OxicWTEcoliGlcM9_Broth-2,OxicWtGlc,Unknown,0,1,2,icit,C5H3O3-,114,17195.82196,cps,16556.79922,cps,0.002698226,normMax,0.000354657,660.7981246,MRM,FALSE,
45951,WTEColi12C01,140221_0_OxicWTEcoliGlcM9_Broth-2-100x,OxicWtGlc,Unknown,0,100,2,icit,C5H3O3-,114,0,cps,0,cps,,normMax,0.000354657,100,MRM,FALSE,
45690,WTEColi12C01,140221_0_OxicWTEcoliGlcM9_Broth-2-10x,OxicWtGlc,Unknown,0,10,2,icit,C5H3O3-,114,2455,cps,1929,cps,0.000322051,normMax,0.000354657,9.193787678,MRM,TRUE,
45559,WTEColi12C01,140221_0_OxicWTEcoliGlcM9_Broth-3,OxicWtGlc,Unknown,0,1,3,icit,C5H3O3-,114,14215.24923,cps,13576.22649,cps,0.002122076,normMax,0.000354657,498.3455568,MRM,FALSE,
45964,WTEColi12C01,140221_0_OxicWTEcoliGlcM9_Broth-3-100x,OxicWtGlc,Unknown,0,100,3,icit,C5H3O3-,114,0,cps,0,cps,,normMax,0.000354657,100,MRM,FALSE,
45703,WTEColi12C01,140221_0_OxicWTEcoliGlcM9_Broth-3-10x,OxicWtGlc,Unknown,0,10,3,icit,C5H3O3-,114,1403,cps,877,cps,0.000331315,normMax,0.000354657,6.581578998,MRM,TRUE,
45572,WTEColi12C01,140221_0_OxicWTEcoliGlcM9_Broth-4,OxicWtGlc,Unknown,0,1,4,icit,C5H3O3-,114,16668.70838,cps,16029.68564,cps,0.002514251,normMax,0.000354657,608.9242237,MRM,FALSE,
45977,WTEColi12C01,140221_0_OxicWTEcoliGlcM9_Broth-4-100x,OxicWtGlc,Unknown,0,100,4,icit,C5H3O3-,114,0,cps,0,cps,,normMax,0.000354657,100,MRM,FALSE,
45716,WTEColi12C01,140221_0_OxicWTEcoliGlcM9_Broth-4-10x,OxicWtGlc,Unknown,0,10,4,icit,C5H3O3-,114,1103.223853,cps,577.223853,cps,0.000212387,normMax,0.000354657,40.11473384,MRM,TRUE,
45585,WTEColi12C01,140221_0_OxicWTEcoliGlcM9_Broth-5,OxicWtGlc,Unknown,0,1,5,icit,C5H3O3-,114,19293,cps,18653.97726,cps,0.002960495,normMax,0.000354657,734.7481565,MRM,FALSE,
45990,WTEColi12C01,140221_0_OxicWTEcoliGlcM9_Broth-5-100x,OxicWtGlc,Unknown,0,100,5,icit,C5H3O3-,114,0,cps,0,cps,,normMax,0.000354657,100,MRM,FALSE,
45729,WTEColi12C01,140221_0_OxicWTEcoliGlcM9_Broth-5-10x,OxicWtGlc,Unknown,0,10,5,icit,C5H3O3-,114,4090.263775,cps,3564.263775,cps,0.000557984,normMax,0.000354657,57.33050094,MRM,TRUE,
45598,WTEColi12C01,140221_0_OxicWTEcoliGlcM9_Broth-6,OxicWtGlc,Unknown,0,1,6,icit,C5H3O3-,114,15288.02502,cps,14649.00228,cps,0.002246354,normMax,0.000354657,533.3871893,MRM,FALSE,
46003,WTEColi12C01,140221_0_OxicWTEcoliGlcM9_Broth-6-100x,OxicWtGlc,Unknown,0,100,6,icit,C5H3O3-,114,0,cps,0,cps,,normMax,0.000354657,100,MRM,FALSE,
45742,WTEColi12C01,140221_0_OxicWTEcoliGlcM9_Broth-6-10x,OxicWtGlc,Unknown,0,10,6,icit,C5H3O3-,114,1317.308584,cps,791.308584,cps,0.000233657,normMax,0.000354657,34.11740286,MRM,TRUE,
46016,WTEColi12C01,140221_0_OxicWTEcoliGlcM9_MRMQC-1-100x,MRMQC,QC,0,100,1,icit,C5H3O3-,114,0,cps,0,cps,,normMax,0.000354657,100,MRM,FALSE,
45866,WTEColi12C01,140221_0_OxicWTEcoliGlcM9_MRMQC-1-10x,MRMQC,QC,0,10,1,icit,C5H3O3-,114,1930,cps,1053,cps,0.000432474,normMax,0.000354657,21.94138729,MRM,TRUE,
46029,WTEColi12C01,140221_0_OxicWTEcoliGlcM9_MRMQC-2-100x,MRMQC,QC,0,100,2,icit,C5H3O3-,114,0,cps,0,cps,,normMax,0.000354657,100,MRM,FALSE,
45879,WTEColi12C01,140221_0_OxicWTEcoliGlcM9_MRMQC-2-10x,MRMQC,QC,0,10,2,icit,C5H3O3-,114,2214.878601,cps,1337.878601,cps,0.00032344,normMax,0.000354657,8.80200077,MRM,TRUE,
46042,WTEColi12C01,140221_0_OxicWTEcoliGlcM9_MRMQC-3-100x,MRMQC,QC,0,100,3,icit,C5H3O3-,114,0,cps,0,cps,,normMax,0.000354657,100,MRM,FALSE,
45892,WTEColi12C01,140221_0_OxicWTEcoliGlcM9_MRMQC-3-10x,MRMQC,QC,0,10,3,icit,C5H3O3-,114,2870.242612,cps,1993.242612,cps,0.000436693,normMax,0.000354657,23.13100715,MRM,TRUE,
45534,WTEColi12C01,140221_0_OxicWTEcoliGlcM9_Broth-1,OxicWtGlc,Unknown,0,1,1,icit,C5H3O3-,115,0,cps,0,cps,0,normMax,2.03E-05,100,MRM,FALSE,LLOD Reached
45939,WTEColi12C01,140221_0_OxicWTEcoliGlcM9_Broth-1-100x,OxicWtGlc,Unknown,0,100,1,icit,C5H3O3-,115,0,cps,0,cps,,normMax,2.03E-05,100,MRM,FALSE,
45678,WTEColi12C01,140221_0_OxicWTEcoliGlcM9_Broth-1-10x,OxicWtGlc,Unknown,0,10,1,icit,C5H3O3-,115,0,cps,0,cps,0,normMax,2.03E-05,100,MRM,FALSE,LLOD Reached
45547,WTEColi12C01,140221_0_OxicWTEcoliGlcM9_Broth-2,OxicWtGlc,Unknown,0,1,2,icit,C5H3O3-,115,0,cps,0,cps,0,normMax,2.03E-05,100,MRM,FALSE,LLOD Reached
45952,WTEColi12C01,140221_0_OxicWTEcoliGlcM9_Broth-2-100x,OxicWtGlc,Unknown,0,100,2,icit,C5H3O3-,115,0,cps,0,cps,,normMax,2.03E-05,100,MRM,FALSE,
45691,WTEColi12C01,140221_0_OxicWTEcoliGlcM9_Broth-2-10x,OxicWtGlc,Unknown,0,10,2,icit,C5H3O3-,115,0,cps,0,cps,0,normMax,2.03E-05,100,MRM,FALSE,LLOD Reached
45560,WTEColi12C01,140221_0_OxicWTEcoliGlcM9_Broth-3,OxicWtGlc,Unknown,0,1,3,icit,C5H3O3-,115,0,cps,0,cps,0,normMax,2.03E-05,100,MRM,FALSE,LLOD Reached
45965,WTEColi12C01,140221_0_OxicWTEcoliGlcM9_Broth-3-100x,OxicWtGlc,Unknown,0,100,3,icit,C5H3O3-,115,0,cps,0,cps,,normMax,2.03E-05,100,MRM,FALSE,
45704,WTEColi12C01,140221_0_OxicWTEcoliGlcM9_Broth-3-10x,OxicWtGlc,Unknown,0,10,3,icit,C5H3O3-,115,0,cps,0,cps,0,normMax,2.03E-05,100,MRM,FALSE,LLOD Reached
45573,WTEColi12C01,140221_0_OxicWTEcoliGlcM9_Broth-4,OxicWtGlc,Unknown,0,1,4,icit,C5H3O3-,115,0,cps,0,cps,0,normMax,2.03E-05,100,MRM,FALSE,LLOD Reached
45978,WTEColi12C01,140221_0_OxicWTEcoliGlcM9_Broth-4-100x,OxicWtGlc,Unknown,0,100,4,icit,C5H3O3-,115,0,cps,0,cps,,normMax,2.03E-05,100,MRM,FALSE,
45717,WTEColi12C01,140221_0_OxicWTEcoliGlcM9_Broth-4-10x,OxicWtGlc,Unknown,0,10,4,icit,C5H3O3-,115,0,cps,0,cps,0,normMax,2.03E-05,100,MRM,FALSE,LLOD Reached
45586,WTEColi12C01,140221_0_OxicWTEcoliGlcM9_Broth-5,OxicWtGlc,Unknown,0,1,5,icit,C5H3O3-,115,0,cps,0,cps,0,normMax,2.03E-05,100,MRM,FALSE,LLOD Reached
45991,WTEColi12C01,140221_0_OxicWTEcoliGlcM9_Broth-5-100x,OxicWtGlc,Unknown,0,100,5,icit,C5H3O3-,115,0,cps,0,cps,,normMax,2.03E-05,100,MRM,FALSE,
45730,WTEColi12C01,140221_0_OxicWTEcoliGlcM9_Broth-5-10x,OxicWtGlc,Unknown,0,10,5,icit,C5H3O3-,115,0,cps,0,cps,0,normMax,2.03E-05,100,MRM,FALSE,LLOD Reached
45599,WTEColi12C01,140221_0_OxicWTEcoliGlcM9_Broth-6,OxicWtGlc,Unknown,0,1,6,icit,C5H3O3-,115,0,cps,0,cps,0,normMax,2.03E-05,100,MRM,FALSE,LLOD Reached
46004,WTEColi12C01,140221_0_OxicWTEcoliGlcM9_Broth-6-100x,OxicWtGlc,Unknown,0,100,6,icit,C5H3O3-,115,0,cps,0,cps,,normMax,2.03E-05,100,MRM,FALSE,
45743,WTEColi12C01,140221_0_OxicWTEcoliGlcM9_Broth-6-10x,OxicWtGlc,Unknown,0,10,6,icit,C5H3O3-,115,0,cps,0,cps,0,normMax,2.03E-05,100,MRM,FALSE,LLOD Reached
46017,WTEColi12C01,140221_0_OxicWTEcoliGlcM9_MRMQC-1-100x,MRMQC,QC,0,100,1,icit,C5H3O3-,115,0,cps,0,cps,,normMax,2.03E-05,100,MRM,FALSE,
45867,WTEColi12C01,140221_0_OxicWTEcoliGlcM9_MRMQC-1-10x,MRMQC,QC,0,10,1,icit,C5H3O3-,115,0,cps,0,cps,0,normMax,2.03E-05,100,MRM,FALSE,LLOD Reached
46030,WTEColi12C01,140221_0_OxicWTEcoliGlcM9_MRMQC-2-100x,MRMQC,QC,0,100,2,icit,C5H3O3-,115,0,cps,0,cps,,normMax,2.03E-05,100,MRM,FALSE,
45880,WTEColi12C01,140221_0_OxicWTEcoliGlcM9_MRMQC-2-10x,MRMQC,QC,0,10,2,icit,C5H3O3-,115,0,cps,0,cps,0,normMax,2.03E-05,100,MRM,FALSE,LLOD Reached
46043,WTEColi12C01,140221_0_OxicWTEcoliGlcM9_MRMQC-3-100x,MRMQC,QC,0,100,3,icit,C5H3O3-,115,0,cps,0,cps,,normMax,2.03E-05,100,MRM,FALSE,
45893,WTEColi12C01,140221_0_OxicWTEcoliGlcM9_MRMQC-3-10x,MRMQC,QC,0,10,3,icit,C5H3O3-,115,0,cps,0,cps,0,normMax,2.03E-05,100,MRM,FALSE,LLOD Reached
45535,WTEColi12C01,140221_0_OxicWTEcoliGlcM9_Broth-1,OxicWtGlc,Unknown,0,1,1,icit,C5H3O3-,116,0,cps,0,cps,0,normMax,7.81E-07,100,MRM,FALSE,LLOD Reached
45940,WTEColi12C01,140221_0_OxicWTEcoliGlcM9_Broth-1-100x,OxicWtGlc,Unknown,0,100,1,icit,C5H3O3-,116,0,cps,0,cps,,normMax,7.81E-07,100,MRM,FALSE,
45679,WTEColi12C01,140221_0_OxicWTEcoliGlcM9_Broth-1-10x,OxicWtGlc,Unknown,0,10,1,icit,C5H3O3-,116,0,cps,0,cps,0,normMax,7.81E-07,100,MRM,FALSE,LLOD Reached
45548,WTEColi12C01,140221_0_OxicWTEcoliGlcM9_Broth-2,OxicWtGlc,Unknown,0,1,2,icit,C5H3O3-,116,0,cps,0,cps,0,normMax,7.81E-07,100,MRM,FALSE,LLOD Reached
45953,WTEColi12C01,140221_0_OxicWTEcoliGlcM9_Broth-2-100x,OxicWtGlc,Unknown,0,100,2,icit,C5H3O3-,116,0,cps,0,cps,,normMax,7.81E-07,100,MRM,FALSE,
45692,WTEColi12C01,140221_0_OxicWTEcoliGlcM9_Broth-2-10x,OxicWtGlc,Unknown,0,10,2,icit,C5H3O3-,116,0,cps,0,cps,0,normMax,7.81E-07,100,MRM,FALSE,LLOD Reached
45561,WTEColi12C01,140221_0_OxicWTEcoliGlcM9_Broth-3,OxicWtGlc,Unknown,0,1,3,icit,C5H3O3-,116,0,cps,0,cps,0,normMax,7.81E-07,100,MRM,FALSE,LLOD Reached
45966,WTEColi12C01,140221_0_OxicWTEcoliGlcM9_Broth-3-100x,OxicWtGlc,Unknown,0,100,3,icit,C5H3O3-,116,0,cps,0,cps,,normMax,7.81E-07,100,MRM,FALSE,
45705,WTEColi12C01,140221_0_OxicWTEcoliGlcM9_Broth-3-10x,OxicWtGlc,Unknown,0,10,3,icit,C5H3O3-,116,0,cps,0,cps,0,normMax,7.81E-07,100,MRM,FALSE,LLOD Reached
45574,WTEColi12C01,140221_0_OxicWTEcoliGlcM9_Broth-4,OxicWtGlc,Unknown,0,1,4,icit,C5H3O3-,116,0,cps,0,cps,0,normMax,7.81E-07,100,MRM,FALSE,LLOD Reached
45979,WTEColi12C01,140221_0_OxicWTEcoliGlcM9_Broth-4-100x,OxicWtGlc,Unknown,0,100,4,icit,C5H3O3-,116,0,cps,0,cps,,normMax,7.81E-07,100,MRM,FALSE,
45718,WTEColi12C01,140221_0_OxicWTEcoliGlcM9_Broth-4-10x,OxicWtGlc,Unknown,0,10,4,icit,C5H3O3-,116,0,cps,0,cps,0,normMax,7.81E-07,100,MRM,FALSE,LLOD Reached
45587,WTEColi12C01,140221_0_OxicWTEcoliGlcM9_Broth-5,OxicWtGlc,Unknown,0,1,5,icit,C5H3O3-,116,0,cps,0,cps,0,normMax,7.81E-07,100,MRM,FALSE,LLOD Reached
45992,WTEColi12C01,140221_0_OxicWTEcoliGlcM9_Broth-5-100x,OxicWtGlc,Unknown,0,100,5,icit,C5H3O3-,116,0,cps,0,cps,,normMax,7.81E-07,100,MRM,FALSE,
45731,WTEColi12C01,140221_0_OxicWTEcoliGlcM9_Broth-5-10x,OxicWtGlc,Unknown,0,10,5,icit,C5H3O3-,116,0,cps,0,cps,0,normMax,7.81E-07,100,MRM,FALSE,LLOD Reached
45600,WTEColi12C01,140221_0_OxicWTEcoliGlcM9_Broth-6,OxicWtGlc,Unknown,0,1,6,icit,C5H3O3-,116,0,cps,0,cps,0,normMax,7.81E-07,100,MRM,FALSE,LLOD Reached
46005,WTEColi12C01,140221_0_OxicWTEcoliGlcM9_Broth-6-100x,OxicWtGlc,Unknown,0,100,6,icit,C5H3O3-,116,0,cps,0,cps,,normMax,7.81E-07,100,MRM,FALSE,
45744,WTEColi12C01,140221_0_OxicWTEcoliGlcM9_Broth-6-10x,OxicWtGlc,Unknown,0,10,6,icit,C5H3O3-,116,0,cps,0,cps,0,normMax,7.81E-07,100,MRM,FALSE,LLOD Reached
46018,WTEColi12C01,140221_0_OxicWTEcoliGlcM9_MRMQC-1-100x,MRMQC,QC,0,100,1,icit,C5H3O3-,116,0,cps,0,cps,,normMax,7.81E-07,100,MRM,FALSE,
45868,WTEColi12C01,140221_0_OxicWTEcoliGlcM9_MRMQC-1-10x,MRMQC,QC,0,10,1,icit,C5H3O3-,116,0,cps,0,cps,0,normMax,7.81E-07,100,MRM,FALSE,LLOD Reached
46031,WTEColi12C01,140221_0_OxicWTEcoliGlcM9_MRMQC-2-100x,MRMQC,QC,0,100,2,icit,C5H3O3-,116,0,cps,0,cps,,normMax,7.81E-07,100,MRM,FALSE,
45881,WTEColi12C01,140221_0_OxicWTEcoliGlcM9_MRMQC-2-10x,MRMQC,QC,0,10,2,icit,C5H3O3-,116,0,cps,0,cps,0,normMax,7.81E-07,100,MRM,FALSE,LLOD Reached
46044,WTEColi12C01,140221_0_OxicWTEcoliGlcM9_MRMQC-3-100x,MRMQC,QC,0,100,3,icit,C5H3O3-,116,0,cps,0,cps,,normMax,7.81E-07,100,MRM,FALSE,
45894,WTEColi12C01,140221_0_OxicWTEcoliGlcM9_MRMQC-3-10x,MRMQC,QC,0,10,3,icit,C5H3O3-,116,0,cps,0,cps,0,normMax,7.81E-07,100,MRM,FALSE,LLOD Reached
45529,WTEColi12C01,140221_0_OxicWTEcoliGlcM9_Broth-1,OxicWtGlc,Unknown,0,1,1,icit,C6H7O7-,191,5802288.636,cps,5773950.985,cps,1,normMax,1,0,MRM,FALSE,Saturated
45934,WTEColi12C01,140221_0_OxicWTEcoliGlcM9_Broth-1-100x,OxicWtGlc,Unknown,0,100,1,icit,C6H7O7-,191,0,cps,0,cps,,normMax,1,100,MRM,FALSE,
45673,WTEColi12C01,140221_0_OxicWTEcoliGlcM9_Broth-1-10x,OxicWtGlc,Unknown,0,10,1,icit,C6H7O7-,191,1385367.976,cps,1385367.976,cps,1,normMax,1,0,MRM,TRUE,
45542,WTEColi12C01,140221_0_OxicWTEcoliGlcM9_Broth-2,OxicWtGlc,Unknown,0,1,2,icit,C6H7O7-,191,5603490.496,cps,5575152.845,cps,1,normMax,1,0,MRM,FALSE,Saturated
45947,WTEColi12C01,140221_0_OxicWTEcoliGlcM9_Broth-2-100x,OxicWtGlc,Unknown,0,100,2,icit,C6H7O7-,191,0,cps,0,cps,,normMax,1,100,MRM,FALSE,
45686,WTEColi12C01,140221_0_OxicWTEcoliGlcM9_Broth-2-10x,OxicWtGlc,Unknown,0,10,2,icit,C6H7O7-,191,5887163.912,cps,5887163.912,cps,1,normMax,1,0,MRM,TRUE,
45555,WTEColi12C01,140221_0_OxicWTEcoliGlcM9_Broth-3,OxicWtGlc,Unknown,0,1,3,icit,C6H7O7-,191,5860919.043,cps,5832581.392,cps,1,normMax,1,0,MRM,FALSE,Saturated
45960,WTEColi12C01,140221_0_OxicWTEcoliGlcM9_Broth-3-100x,OxicWtGlc,Unknown,0,100,3,icit,C6H7O7-,191,0,cps,0,cps,,normMax,1,100,MRM,FALSE,
45699,WTEColi12C01,140221_0_OxicWTEcoliGlcM9_Broth-3-10x,OxicWtGlc,Unknown,0,10,3,icit,C6H7O7-,191,2609615.565,cps,2609615.565,cps,1,normMax,1,0,MRM,TRUE,
45568,WTEColi12C01,140221_0_OxicWTEcoliGlcM9_Broth-4,OxicWtGlc,Unknown,0,1,4,icit,C6H7O7-,191,5855070.215,cps,5826732.564,cps,1,normMax,1,0,MRM,FALSE,Saturated
45973,WTEColi12C01,140221_0_OxicWTEcoliGlcM9_Broth-4-100x,OxicWtGlc,Unknown,0,100,4,icit,C6H7O7-,191,0,cps,0,cps,,normMax,1,100,MRM,FALSE,
45712,WTEColi12C01,140221_0_OxicWTEcoliGlcM9_Broth-4-10x,OxicWtGlc,Unknown,0,10,4,icit,C6H7O7-,191,2680340.658,cps,2680340.658,cps,1,normMax,1,0,MRM,TRUE,
45581,WTEColi12C01,140221_0_OxicWTEcoliGlcM9_Broth-5,OxicWtGlc,Unknown,0,1,5,icit,C6H7O7-,191,5711178.085,cps,5682840.434,cps,1,normMax,1,0,MRM,FALSE,Saturated
45986,WTEColi12C01,140221_0_OxicWTEcoliGlcM9_Broth-5-100x,OxicWtGlc,Unknown,0,100,5,icit,C6H7O7-,191,0,cps,0,cps,,normMax,1,100,MRM,FALSE,
45725,WTEColi12C01,140221_0_OxicWTEcoliGlcM9_Broth-5-10x,OxicWtGlc,Unknown,0,10,5,icit,C6H7O7-,191,6258917.419,cps,6258917.419,cps,1,normMax,1,0,MRM,TRUE,
45594,WTEColi12C01,140221_0_OxicWTEcoliGlcM9_Broth-6,OxicWtGlc,Unknown,0,1,6,icit,C6H7O7-,191,6022702.551,cps,5994364.9,cps,1,normMax,1,0,MRM,FALSE,Saturated
45999,WTEColi12C01,140221_0_OxicWTEcoliGlcM9_Broth-6-100x,OxicWtGlc,Unknown,0,100,6,icit,C6H7O7-,191,0,cps,0,cps,,normMax,1,100,MRM,FALSE,
45738,WTEColi12C01,140221_0_OxicWTEcoliGlcM9_Broth-6-10x,OxicWtGlc,Unknown,0,10,6,icit,C6H7O7-,191,3334245.39,cps,3334245.39,cps,1,normMax,1,0,MRM,TRUE,
46012,WTEColi12C01,140221_0_OxicWTEcoliGlcM9_MRMQC-1-100x,MRMQC,QC,0,100,1,icit,C6H7O7-,191,0,cps,0,cps,,normMax,1,100,MRM,FALSE,
45862,WTEColi12C01,140221_0_OxicWTEcoliGlcM9_MRMQC-1-10x,MRMQC,QC,0,10,1,icit,C6H7O7-,191,2409866.987,cps,2401703.119,cps,1,normMax,1,0,MRM,TRUE,
46025,WTEColi12C01,140221_0_OxicWTEcoliGlcM9_MRMQC-2-100x,MRMQC,QC,0,100,2,icit,C6H7O7-,191,0,cps,0,cps,,normMax,1,100,MRM,FALSE,
45875,WTEColi12C01,140221_0_OxicWTEcoliGlcM9_MRMQC-2-10x,MRMQC,QC,0,10,2,icit,C6H7O7-,191,4090840.045,cps,4082676.177,cps,1,normMax,1,0,MRM,TRUE,
46038,WTEColi12C01,140221_0_OxicWTEcoliGlcM9_MRMQC-3-100x,MRMQC,QC,0,100,3,icit,C6H7O7-,191,0,cps,0,cps,,normMax,1,100,MRM,FALSE,
45888,WTEColi12C01,140221_0_OxicWTEcoliGlcM9_MRMQC-3-10x,MRMQC,QC,0,10,3,icit,C6H7O7-,191,4510477.129,cps,4502313.261,cps,1,normMax,1,0,MRM,TRUE,
45523,WTEColi12C01,140221_0_OxicWTEcoliGlcM9_Broth-1,OxicWtGlc,Unknown,0,1,1,icit,C6H7O7-,192,2957478.23,cps,2951619.316,cps,0.511195769,normMax,0.068365942,647.734552,MRM,FALSE,Saturated
45928,WTEColi12C01,140221_0_OxicWTEcoliGlcM9_Broth-1-100x,OxicWtGlc,Unknown,0,100,1,icit,C6H7O7-,192,0,cps,0,cps,,normMax,0.068365942,100,MRM,FALSE,
45667,WTEColi12C01,140221_0_OxicWTEcoliGlcM9_Broth-1-10x,OxicWtGlc,Unknown,0,10,1,icit,C6H7O7-,192,102269.3455,cps,96693.11171,cps,0.069795977,normMax,0.068365942,2.091736481,MRM,TRUE,
45536,WTEColi12C01,140221_0_OxicWTEcoliGlcM9_Broth-2,OxicWtGlc,Unknown,0,1,2,icit,C6H7O7-,192,2794152.202,cps,2788293.287,cps,0.500128582,normMax,0.068365942,631.5463933,MRM,FALSE,Saturated
45941,WTEColi12C01,140221_0_OxicWTEcoliGlcM9_Broth-2-100x,OxicWtGlc,Unknown,0,100,2,icit,C6H7O7-,192,0,cps,0,cps,,normMax,0.068365942,100,MRM,FALSE,
45680,WTEColi12C01,140221_0_OxicWTEcoliGlcM9_Broth-2-10x,OxicWtGlc,Unknown,0,10,2,icit,C6H7O7-,192,534044.356,cps,528468.1222,cps,0.089766164,normMax,0.068365942,31.30246098,MRM,TRUE,
45549,WTEColi12C01,140221_0_OxicWTEcoliGlcM9_Broth-3,OxicWtGlc,Unknown,0,1,3,icit,C6H7O7-,192,2793142.365,cps,2787283.451,cps,0.477881621,normMax,0.068365942,599.0053935,MRM,FALSE,Saturated
45954,WTEColi12C01,140221_0_OxicWTEcoliGlcM9_Broth-3-100x,OxicWtGlc,Unknown,0,100,3,icit,C6H7O7-,192,0,cps,0,cps,,normMax,0.068365942,100,MRM,FALSE,
45693,WTEColi12C01,140221_0_OxicWTEcoliGlcM9_Broth-3-10x,OxicWtGlc,Unknown,0,10,3,icit,C6H7O7-,192,198927.8772,cps,193351.6434,cps,0.074092003,normMax,0.068365942,8.375604329,MRM,TRUE,
45562,WTEColi12C01,140221_0_OxicWTEcoliGlcM9_Broth-4,OxicWtGlc,Unknown,0,1,4,icit,C6H7O7-,192,2971298.142,cps,2965439.228,cps,0.508936903,normMax,0.068365942,644.4304713,MRM,FALSE,Saturated
45967,WTEColi12C01,140221_0_OxicWTEcoliGlcM9_Broth-4-100x,OxicWtGlc,Unknown,0,100,4,icit,C6H7O7-,192,0,cps,0,cps,,normMax,0.068365942,100,MRM,FALSE,
45706,WTEColi12C01,140221_0_OxicWTEcoliGlcM9_Broth-4-10x,OxicWtGlc,Unknown,0,10,4,icit,C6H7O7-,192,199626.7508,cps,194050.517,cps,0.072397707,normMax,0.068365942,5.897329525,MRM,TRUE,
45575,WTEColi12C01,140221_0_OxicWTEcoliGlcM9_Broth-5,OxicWtGlc,Unknown,0,1,5,icit,C6H7O7-,192,3047938.261,cps,3042079.347,cps,0.535309654,normMax,0.068365942,683.0063323,MRM,FALSE,Saturated
45980,WTEColi12C01,140221_0_OxicWTEcoliGlcM9_Broth-5-100x,OxicWtGlc,Unknown,0,100,5,icit,C6H7O7-,192,0,cps,0,cps,,normMax,0.068365942,100,MRM,FALSE,
45719,WTEColi12C01,140221_0_OxicWTEcoliGlcM9_Broth-5-10x,OxicWtGlc,Unknown,0,10,5,icit,C6H7O7-,192,665790.216,cps,660213.9822,cps,0.105483734,normMax,0.068365942,54.29281221,MRM,TRUE,
45588,WTEColi12C01,140221_0_OxicWTEcoliGlcM9_Broth-6,OxicWtGlc,Unknown,0,1,6,icit,C6H7O7-,192,3035907.174,cps,3030048.26,cps,0.505482784,normMax,0.068365942,639.3780739,MRM,FALSE,Saturated
45993,WTEColi12C01,140221_0_OxicWTEcoliGlcM9_Broth-6-100x,OxicWtGlc,Unknown,0,100,6,icit,C6H7O7-,192,0,cps,0,cps,,normMax,0.068365942,100,MRM,FALSE,
45732,WTEColi12C01,140221_0_OxicWTEcoliGlcM9_Broth-6-10x,OxicWtGlc,Unknown,0,10,6,icit,C6H7O7-,192,260944.6054,cps,255368.3716,cps,0.076589555,normMax,0.068365942,12.02881605,MRM,TRUE,
46006,WTEColi12C01,140221_0_OxicWTEcoliGlcM9_MRMQC-1-100x,MRMQC,QC,0,100,1,icit,C6H7O7-,192,0,cps,0,cps,,normMax,0.068365942,100,MRM,FALSE,
45856,WTEColi12C01,140221_0_OxicWTEcoliGlcM9_MRMQC-1-10x,MRMQC,QC,0,10,1,icit,C6H7O7-,192,200524.3418,cps,193553.1428,cps,0.080589954,normMax,0.068365942,17.88026512,MRM,TRUE,
46019,WTEColi12C01,140221_0_OxicWTEcoliGlcM9_MRMQC-2-100x,MRMQC,QC,0,100,2,icit,C6H7O7-,192,0,cps,0,cps,,normMax,0.068365942,100,MRM,FALSE,
45869,WTEColi12C01,140221_0_OxicWTEcoliGlcM9_MRMQC-2-10x,MRMQC,QC,0,10,2,icit,C6H7O7-,192,302333.7607,cps,295362.5617,cps,0.072345332,normMax,0.068365942,5.820719459,MRM,TRUE,
46032,WTEColi12C01,140221_0_OxicWTEcoliGlcM9_MRMQC-3-100x,MRMQC,QC,0,100,3,icit,C6H7O7-,192,0,cps,0,cps,,normMax,0.068365942,100,MRM,FALSE,
45882,WTEColi12C01,140221_0_OxicWTEcoliGlcM9_MRMQC-3-10x,MRMQC,QC,0,10,3,icit,C6H7O7-,192,340143.2524,cps,333172.0533,cps,0.074000194,normMax,0.068365942,8.2413138,MRM,TRUE,
45524,WTEColi12C01,140221_0_OxicWTEcoliGlcM9_Broth-1,OxicWtGlc,Unknown,0,1,1,icit,C6H7O7-,193,366211.9774,cps,363755.3065,cps,0.062999376,normMax,0.016370412,284.8368276,MRM,TRUE,Recombine
45929,WTEColi12C01,140221_0_OxicWTEcoliGlcM9_Broth-1-100x,OxicWtGlc,Unknown,0,100,1,icit,C6H7O7-,193,0,cps,0,cps,,normMax,0.016370412,100,MRM,FALSE,
45668,WTEColi12C01,140221_0_OxicWTEcoliGlcM9_Broth-1-10x,OxicWtGlc,Unknown,0,10,1,icit,C6H7O7-,193,9871.484727,cps,8120.504977,cps,0.005861623,normMax,0.016370412,64.19379665,MRM,TRUE,Recombine
45537,WTEColi12C01,140221_0_OxicWTEcoliGlcM9_Broth-2,OxicWtGlc,Unknown,0,1,2,icit,C6H7O7-,193,363994.8273,cps,361538.1564,cps,0.064848116,normMax,0.016370412,296.1300073,MRM,TRUE,Recombine
45942,WTEColi12C01,140221_0_OxicWTEcoliGlcM9_Broth-2-100x,OxicWtGlc,Unknown,0,100,2,icit,C6H7O7-,193,0,cps,0,cps,,normMax,0.016370412,100,MRM,FALSE,
45681,WTEColi12C01,140221_0_OxicWTEcoliGlcM9_Broth-2-10x,OxicWtGlc,Unknown,0,10,2,icit,C6H7O7-,193,69239.1614,cps,67488.18165,cps,0.011463615,normMax,0.016370412,29.97357094,MRM,TRUE,Recombine
45550,WTEColi12C01,140221_0_OxicWTEcoliGlcM9_Broth-3,OxicWtGlc,Unknown,0,1,3,icit,C6H7O7-,193,351487.0232,cps,349030.3523,cps,0.059841489,normMax,0.016370412,265.5466169,MRM,TRUE,Recombine
45955,WTEColi12C01,140221_0_OxicWTEcoliGlcM9_Broth-3-100x,OxicWtGlc,Unknown,0,100,3,icit,C6H7O7-,193,0,cps,0,cps,,normMax,0.016370412,100,MRM,FALSE,
45694,WTEColi12C01,140221_0_OxicWTEcoliGlcM9_Broth-3-10x,OxicWtGlc,Unknown,0,10,3,icit,C6H7O7-,193,19851.56926,cps,18100.58951,cps,0.006936113,normMax,0.016370412,57.63018511,MRM,TRUE,Recombine
45563,WTEColi12C01,140221_0_OxicWTEcoliGlcM9_Broth-4,OxicWtGlc,Unknown,0,1,4,icit,C6H7O7-,193,329673.2068,cps,327216.5358,cps,0.056157809,normMax,0.016370412,243.0445614,MRM,TRUE,Recombine
45968,WTEColi12C01,140221_0_OxicWTEcoliGlcM9_Broth-4-100x,OxicWtGlc,Unknown,0,100,4,icit,C6H7O7-,193,0,cps,0,cps,,normMax,0.016370412,100,MRM,FALSE,
45707,WTEColi12C01,140221_0_OxicWTEcoliGlcM9_Broth-4-10x,OxicWtGlc,Unknown,0,10,4,icit,C6H7O7-,193,21098.53013,cps,19347.55038,cps,0.007218318,normMax,0.016370412,55.90631724,MRM,TRUE,Recombine
45576,WTEColi12C01,140221_0_OxicWTEcoliGlcM9_Broth-5,OxicWtGlc,Unknown,0,1,5,icit,C6H7O7-,193,364008.642,cps,361551.9711,cps,0.0636217,normMax,0.016370412,288.6383494,MRM,TRUE,Recombine
45981,WTEColi12C01,140221_0_OxicWTEcoliGlcM9_Broth-5-100x,OxicWtGlc,Unknown,0,100,5,icit,C6H7O7-,193,0,cps,0,cps,,normMax,0.016370412,100,MRM,FALSE,
45720,WTEColi12C01,140221_0_OxicWTEcoliGlcM9_Broth-5-10x,OxicWtGlc,Unknown,0,10,5,icit,C6H7O7-,193,84571.42303,cps,82820.44328,cps,0.013232391,normMax,0.016370412,19.16885879,MRM,TRUE,Recombine
45589,WTEColi12C01,140221_0_OxicWTEcoliGlcM9_Broth-6,OxicWtGlc,Unknown,0,1,6,icit,C6H7O7-,193,325798.4398,cps,323341.7689,cps,0.053940955,normMax,0.016370412,229.5027279,MRM,TRUE,Recombine
45994,WTEColi12C01,140221_0_OxicWTEcoliGlcM9_Broth-6-100x,OxicWtGlc,Unknown,0,100,6,icit,C6H7O7-,193,0,cps,0,cps,,normMax,0.016370412,100,MRM,FALSE,
45733,WTEColi12C01,140221_0_OxicWTEcoliGlcM9_Broth-6-10x,OxicWtGlc,Unknown,0,10,6,icit,C6H7O7-,193,26890.48749,cps,25139.50774,cps,0.007539789,normMax,0.016370412,53.94258161,MRM,TRUE,Recombine
46007,WTEColi12C01,140221_0_OxicWTEcoliGlcM9_MRMQC-1-100x,MRMQC,QC,0,100,1,icit,C6H7O7-,193,0,cps,0,cps,,normMax,0.016370412,100,MRM,FALSE,
45857,WTEColi12C01,140221_0_OxicWTEcoliGlcM9_MRMQC-1-10x,MRMQC,QC,0,10,1,icit,C6H7O7-,193,26218.94624,cps,24184.51149,cps,0.010069734,normMax,0.016370412,38.48820812,MRM,TRUE,
46020,WTEColi12C01,140221_0_OxicWTEcoliGlcM9_MRMQC-2-100x,MRMQC,QC,0,100,2,icit,C6H7O7-,193,0,cps,0,cps,,normMax,0.016370412,100,MRM,FALSE,
45870,WTEColi12C01,140221_0_OxicWTEcoliGlcM9_MRMQC-2-10x,MRMQC,QC,0,10,2,icit,C6H7O7-,193,43315.18204,cps,41280.7473,cps,0.010111198,normMax,0.016370412,38.23492157,MRM,TRUE,
46033,WTEColi12C01,140221_0_OxicWTEcoliGlcM9_MRMQC-3-100x,MRMQC,QC,0,100,3,icit,C6H7O7-,193,0,cps,0,cps,,normMax,0.016370412,100,MRM,FALSE,
45883,WTEColi12C01,140221_0_OxicWTEcoliGlcM9_MRMQC-3-10x,MRMQC,QC,0,10,3,icit,C6H7O7-,193,44952.82596,cps,42918.39121,cps,0.00953252,normMax,0.016370412,41.76982351,MRM,TRUE,
45525,WTEColi12C01,140221_0_OxicWTEcoliGlcM9_Broth-1,OxicWtGlc,Unknown,0,1,1,icit,C6H7O7-,194,17362,cps,16371.97726,cps,0.002835489,normMax,0.001009718,180.8200278,MRM,TRUE,Recombine
45930,WTEColi12C01,140221_0_OxicWTEcoliGlcM9_Broth-1-100x,OxicWtGlc,Unknown,0,100,1,icit,C6H7O7-,194,0,cps,0,cps,,normMax,0.001009718,100,MRM,FALSE,
45669,WTEColi12C01,140221_0_OxicWTEcoliGlcM9_Broth-1-10x,OxicWtGlc,Unknown,0,10,1,icit,C6H7O7-,194,742.9186788,cps,175,cps,0.00012632,normMax,0.001009718,87.48954969,MRM,FALSE,
45538,WTEColi12C01,140221_0_OxicWTEcoliGlcM9_Broth-2,OxicWtGlc,Unknown,0,1,2,icit,C6H7O7-,194,23080.99717,cps,22090.97443,cps,0.003962398,normMax,0.001009718,292.4263245,MRM,TRUE,Recombine
45943,WTEColi12C01,140221_0_OxicWTEcoliGlcM9_Broth-2-100x,OxicWtGlc,Unknown,0,100,2,icit,C6H7O7-,194,0,cps,0,cps,,normMax,0.001009718,100,MRM,FALSE,
45682,WTEColi12C01,140221_0_OxicWTEcoliGlcM9_Broth-2-10x,OxicWtGlc,Unknown,0,10,2,icit,C6H7O7-,194,3507,cps,2981,cps,0.000506356,normMax,0.001009718,49.85173799,MRM,FALSE,
45551,WTEColi12C01,140221_0_OxicWTEcoliGlcM9_Broth-3,OxicWtGlc,Unknown,0,1,3,icit,C6H7O7-,194,17429.42272,cps,16439.39998,cps,0.002818546,normMax,0.001009718,179.1420042,MRM,TRUE,Recombine
45956,WTEColi12C01,140221_0_OxicWTEcoliGlcM9_Broth-3-100x,OxicWtGlc,Unknown,0,100,3,icit,C6H7O7-,194,0,cps,0,cps,,normMax,0.001009718,100,MRM,FALSE,
45695,WTEColi12C01,140221_0_OxicWTEcoliGlcM9_Broth-3-10x,OxicWtGlc,Unknown,0,10,3,icit,C6H7O7-,194,1929,cps,1403,cps,0.000537627,normMax,0.001009718,46.75471267,MRM,FALSE,
45564,WTEColi12C01,140221_0_OxicWTEcoliGlcM9_Broth-4,OxicWtGlc,Unknown,0,1,4,icit,C6H7O7-,194,21053.70838,cps,20063.68564,cps,0.003443385,normMax,0.001009718,241.024568,MRM,TRUE,Recombine
45969,WTEColi12C01,140221_0_OxicWTEcoliGlcM9_Broth-4-100x,OxicWtGlc,Unknown,0,100,4,icit,C6H7O7-,194,0,cps,0,cps,,normMax,0.001009718,100,MRM,FALSE,
45708,WTEColi12C01,140221_0_OxicWTEcoliGlcM9_Broth-4-10x,OxicWtGlc,Unknown,0,10,4,icit,C6H7O7-,194,2155.223853,cps,1629.223853,cps,0.000607842,normMax,0.001009718,39.80078839,MRM,FALSE,
45577,WTEColi12C01,140221_0_OxicWTEcoliGlcM9_Broth-5,OxicWtGlc,Unknown,0,1,5,icit,C6H7O7-,194,24283.51563,cps,23293.49289,cps,0.004098917,normMax,0.001009718,305.9468657,MRM,TRUE,Recombine
45982,WTEColi12C01,140221_0_OxicWTEcoliGlcM9_Broth-5-100x,OxicWtGlc,Unknown,0,100,5,icit,C6H7O7-,194,0,cps,0,cps,,normMax,0.001009718,100,MRM,FALSE,
45721,WTEColi12C01,140221_0_OxicWTEcoliGlcM9_Broth-5-10x,OxicWtGlc,Unknown,0,10,5,icit,C6H7O7-,194,4792.263775,cps,4266.263775,cps,0.00068163,normMax,0.001009718,32.49304482,MRM,FALSE,
45590,WTEColi12C01,140221_0_OxicWTEcoliGlcM9_Broth-6,OxicWtGlc,Unknown,0,1,6,icit,C6H7O7-,194,19421.78869,cps,18431.76595,cps,0.003074849,normMax,0.001009718,204.5256006,MRM,TRUE,Recombine
45995,WTEColi12C01,140221_0_OxicWTEcoliGlcM9_Broth-6-100x,OxicWtGlc,Unknown,0,100,6,icit,C6H7O7-,194,0,cps,0,cps,,normMax,0.001009718,100,MRM,FALSE,
45734,WTEColi12C01,140221_0_OxicWTEcoliGlcM9_Broth-6-10x,OxicWtGlc,Unknown,0,10,6,icit,C6H7O7-,194,2019.308584,cps,1493.308584,cps,0.00044787,normMax,0.001009718,55.64403418,MRM,FALSE,
46008,WTEColi12C01,140221_0_OxicWTEcoliGlcM9_MRMQC-1-100x,MRMQC,QC,0,100,1,icit,C6H7O7-,194,0,cps,0,cps,,normMax,0.001009718,100,MRM,FALSE,
45858,WTEColi12C01,140221_0_OxicWTEcoliGlcM9_MRMQC-1-10x,MRMQC,QC,0,10,1,icit,C6H7O7-,194,2456,cps,1579,cps,0.00065745,normMax,0.001009718,34.88772855,MRM,TRUE,
46021,WTEColi12C01,140221_0_OxicWTEcoliGlcM9_MRMQC-2-100x,MRMQC,QC,0,100,2,icit,C6H7O7-,194,0,cps,0,cps,,normMax,0.001009718,100,MRM,FALSE,
45871,WTEColi12C01,140221_0_OxicWTEcoliGlcM9_MRMQC-2-10x,MRMQC,QC,0,10,2,icit,C6H7O7-,194,2916.878601,cps,2039.878601,cps,0.000499643,normMax,0.001009718,50.51661217,MRM,TRUE,
46034,WTEColi12C01,140221_0_OxicWTEcoliGlcM9_MRMQC-3-100x,MRMQC,QC,0,100,3,icit,C6H7O7-,194,0,cps,0,cps,,normMax,0.001009718,100,MRM,FALSE,
45884,WTEColi12C01,140221_0_OxicWTEcoliGlcM9_MRMQC-3-10x,MRMQC,QC,0,10,3,icit,C6H7O7-,194,3572.242612,cps,2695.242612,cps,0.000598635,normMax,0.001009718,40.71262892,MRM,TRUE,
45526,WTEColi12C01,140221_0_OxicWTEcoliGlcM9_Broth-1,OxicWtGlc,Unknown,0,1,1,icit,C6H7O7-,195,526,cps,526,cps,9.11E-05,normMax,0.000117174,22.25351454,MRM,TRUE,
45931,WTEColi12C01,140221_0_OxicWTEcoliGlcM9_Broth-1-100x,OxicWtGlc,Unknown,0,100,1,icit,C6H7O7-,195,0,cps,0,cps,,normMax,0.000117174,100,MRM,FALSE,
45670,WTEColi12C01,140221_0_OxicWTEcoliGlcM9_Broth-1-10x,OxicWtGlc,Unknown,0,10,1,icit,C6H7O7-,195,0,cps,0,cps,0,normMax,0.000117174,100,MRM,FALSE,LLOD Reached
45539,WTEColi12C01,140221_0_OxicWTEcoliGlcM9_Broth-2,OxicWtGlc,Unknown,0,1,2,icit,C6H7O7-,195,603.8247881,cps,603.8247881,cps,0.000108306,normMax,0.000117174,7.568016238,MRM,TRUE,
45944,WTEColi12C01,140221_0_OxicWTEcoliGlcM9_Broth-2-100x,OxicWtGlc,Unknown,0,100,2,icit,C6H7O7-,195,0,cps,0,cps,,normMax,0.000117174,100,MRM,FALSE,
45683,WTEColi12C01,140221_0_OxicWTEcoliGlcM9_Broth-2-10x,OxicWtGlc,Unknown,0,10,2,icit,C6H7O7-,195,0,cps,0,cps,0,normMax,0.000117174,100,MRM,FALSE,LLOD Reached
45552,WTEColi12C01,140221_0_OxicWTEcoliGlcM9_Broth-3,OxicWtGlc,Unknown,0,1,3,icit,C6H7O7-,195,526,cps,526,cps,9.02E-05,normMax,0.000117174,23.03503952,MRM,TRUE,
45957,WTEColi12C01,140221_0_OxicWTEcoliGlcM9_Broth-3-100x,OxicWtGlc,Unknown,0,100,3,icit,C6H7O7-,195,0,cps,0,cps,,normMax,0.000117174,100,MRM,FALSE,
45696,WTEColi12C01,140221_0_OxicWTEcoliGlcM9_Broth-3-10x,OxicWtGlc,Unknown,0,10,3,icit,C6H7O7-,195,0,cps,0,cps,0,normMax,0.000117174,100,MRM,FALSE,LLOD Reached
45565,WTEColi12C01,140221_0_OxicWTEcoliGlcM9_Broth-4,OxicWtGlc,Unknown,0,1,4,icit,C6H7O7-,195,526,cps,526,cps,9.03E-05,normMax,0.000117174,22.9577827,MRM,TRUE,
45970,WTEColi12C01,140221_0_OxicWTEcoliGlcM9_Broth-4-100x,OxicWtGlc,Unknown,0,100,4,icit,C6H7O7-,195,0,cps,0,cps,,normMax,0.000117174,100,MRM,FALSE,
45709,WTEColi12C01,140221_0_OxicWTEcoliGlcM9_Broth-4-10x,OxicWtGlc,Unknown,0,10,4,icit,C6H7O7-,195,0,cps,0,cps,0,normMax,0.000117174,100,MRM,FALSE,LLOD Reached
45578,WTEColi12C01,140221_0_OxicWTEcoliGlcM9_Broth-5,OxicWtGlc,Unknown,0,1,5,icit,C6H7O7-,195,877,cps,877,cps,0.000154324,normMax,0.000117174,31.70499495,MRM,TRUE,
45983,WTEColi12C01,140221_0_OxicWTEcoliGlcM9_Broth-5-100x,OxicWtGlc,Unknown,0,100,5,icit,C6H7O7-,195,0,cps,0,cps,,normMax,0.000117174,100,MRM,FALSE,
45722,WTEColi12C01,140221_0_OxicWTEcoliGlcM9_Broth-5-10x,OxicWtGlc,Unknown,0,10,5,icit,C6H7O7-,195,0,cps,0,cps,0,normMax,0.000117174,100,MRM,FALSE,LLOD Reached
45591,WTEColi12C01,140221_0_OxicWTEcoliGlcM9_Broth-6,OxicWtGlc,Unknown,0,1,6,icit,C6H7O7-,195,702,cps,702,cps,0.00011711,normMax,0.000117174,0.054774992,MRM,TRUE,
45996,WTEColi12C01,140221_0_OxicWTEcoliGlcM9_Broth-6-100x,OxicWtGlc,Unknown,0,100,6,icit,C6H7O7-,195,0,cps,0,cps,,normMax,0.000117174,100,MRM,FALSE,
45735,WTEColi12C01,140221_0_OxicWTEcoliGlcM9_Broth-6-10x,OxicWtGlc,Unknown,0,10,6,icit,C6H7O7-,195,0,cps,0,cps,0,normMax,0.000117174,100,MRM,FALSE,LLOD Reached
46009,WTEColi12C01,140221_0_OxicWTEcoliGlcM9_MRMQC-1-100x,MRMQC,QC,0,100,1,icit,C6H7O7-,195,0,cps,0,cps,,normMax,0.000117174,100,MRM,FALSE,
45859,WTEColi12C01,140221_0_OxicWTEcoliGlcM9_MRMQC-1-10x,MRMQC,QC,0,10,1,icit,C6H7O7-,195,0,cps,0,cps,0,normMax,0.000117174,100,MRM,FALSE,LLOD Reached
46022,WTEColi12C01,140221_0_OxicWTEcoliGlcM9_MRMQC-2-100x,MRMQC,QC,0,100,2,icit,C6H7O7-,195,0,cps,0,cps,,normMax,0.000117174,100,MRM,FALSE,
45872,WTEColi12C01,140221_0_OxicWTEcoliGlcM9_MRMQC-2-10x,MRMQC,QC,0,10,2,icit,C6H7O7-,195,0,cps,0,cps,0,normMax,0.000117174,100,MRM,FALSE,LLOD Reached
46035,WTEColi12C01,140221_0_OxicWTEcoliGlcM9_MRMQC-3-100x,MRMQC,QC,0,100,3,icit,C6H7O7-,195,0,cps,0,cps,,normMax,0.000117174,100,MRM,FALSE,
45885,WTEColi12C01,140221_0_OxicWTEcoliGlcM9_MRMQC-3-10x,MRMQC,QC,0,10,3,icit,C6H7O7-,195,0,cps,0,cps,0,normMax,0.000117174,100,MRM,FALSE,LLOD Reached
45527,WTEColi12C01,140221_0_OxicWTEcoliGlcM9_Broth-1,OxicWtGlc,Unknown,0,1,1,icit,C6H7O7-,196,0,cps,0,cps,0,normMax,6.44E-06,100,MRM,TRUE,
45932,WTEColi12C01,140221_0_OxicWTEcoliGlcM9_Broth-1-100x,OxicWtGlc,Unknown,0,100,1,icit,C6H7O7-,196,0,cps,0,cps,,normMax,6.44E-06,100,MRM,FALSE,
45671,WTEColi12C01,140221_0_OxicWTEcoliGlcM9_Broth-1-10x,OxicWtGlc,Unknown,0,10,1,icit,C6H7O7-,196,0,cps,0,cps,0,normMax,6.44E-06,100,MRM,FALSE,LLOD Reached
45540,WTEColi12C01,140221_0_OxicWTEcoliGlcM9_Broth-2,OxicWtGlc,Unknown,0,1,2,icit,C6H7O7-,196,0,cps,0,cps,0,normMax,6.44E-06,100,MRM,TRUE,
45945,WTEColi12C01,140221_0_OxicWTEcoliGlcM9_Broth-2-100x,OxicWtGlc,Unknown,0,100,2,icit,C6H7O7-,196,0,cps,0,cps,,normMax,6.44E-06,100,MRM,FALSE,
45684,WTEColi12C01,140221_0_OxicWTEcoliGlcM9_Broth-2-10x,OxicWtGlc,Unknown,0,10,2,icit,C6H7O7-,196,0,cps,0,cps,0,normMax,6.44E-06,100,MRM,FALSE,LLOD Reached
45553,WTEColi12C01,140221_0_OxicWTEcoliGlcM9_Broth-3,OxicWtGlc,Unknown,0,1,3,icit,C6H7O7-,196,0,cps,0,cps,0,normMax,6.44E-06,100,MRM,TRUE,
45958,WTEColi12C01,140221_0_OxicWTEcoliGlcM9_Broth-3-100x,OxicWtGlc,Unknown,0,100,3,icit,C6H7O7-,196,0,cps,0,cps,,normMax,6.44E-06,100,MRM,FALSE,
45697,WTEColi12C01,140221_0_OxicWTEcoliGlcM9_Broth-3-10x,OxicWtGlc,Unknown,0,10,3,icit,C6H7O7-,196,0,cps,0,cps,0,normMax,6.44E-06,100,MRM,FALSE,LLOD Reached
45566,WTEColi12C01,140221_0_OxicWTEcoliGlcM9_Broth-4,OxicWtGlc,Unknown,0,1,4,icit,C6H7O7-,196,0,cps,0,cps,0,normMax,6.44E-06,100,MRM,TRUE,
45971,WTEColi12C01,140221_0_OxicWTEcoliGlcM9_Broth-4-100x,OxicWtGlc,Unknown,0,100,4,icit,C6H7O7-,196,0,cps,0,cps,,normMax,6.44E-06,100,MRM,FALSE,
45710,WTEColi12C01,140221_0_OxicWTEcoliGlcM9_Broth-4-10x,OxicWtGlc,Unknown,0,10,4,icit,C6H7O7-,196,0,cps,0,cps,0,normMax,6.44E-06,100,MRM,FALSE,LLOD Reached
45579,WTEColi12C01,140221_0_OxicWTEcoliGlcM9_Broth-5,OxicWtGlc,Unknown,0,1,5,icit,C6H7O7-,196,0,cps,0,cps,0,normMax,6.44E-06,100,MRM,TRUE,
45984,WTEColi12C01,140221_0_OxicWTEcoliGlcM9_Broth-5-100x,OxicWtGlc,Unknown,0,100,5,icit,C6H7O7-,196,0,cps,0,cps,,normMax,6.44E-06,100,MRM,FALSE,
45723,WTEColi12C01,140221_0_OxicWTEcoliGlcM9_Broth-5-10x,OxicWtGlc,Unknown,0,10,5,icit,C6H7O7-,196,0,cps,0,cps,0,normMax,6.44E-06,100,MRM,FALSE,LLOD Reached
45592,WTEColi12C01,140221_0_OxicWTEcoliGlcM9_Broth-6,OxicWtGlc,Unknown,0,1,6,icit,C6H7O7-,196,0,cps,0,cps,0,normMax,6.44E-06,100,MRM,TRUE,
45997,WTEColi12C01,140221_0_OxicWTEcoliGlcM9_Broth-6-100x,OxicWtGlc,Unknown,0,100,6,icit,C6H7O7-,196,0,cps,0,cps,,normMax,6.44E-06,100,MRM,FALSE,
45736,WTEColi12C01,140221_0_OxicWTEcoliGlcM9_Broth-6-10x,OxicWtGlc,Unknown,0,10,6,icit,C6H7O7-,196,0,cps,0,cps,0,normMax,6.44E-06,100,MRM,FALSE,LLOD Reached
46010,WTEColi12C01,140221_0_OxicWTEcoliGlcM9_MRMQC-1-100x,MRMQC,QC,0,100,1,icit,C6H7O7-,196,0,cps,0,cps,,normMax,6.44E-06,100,MRM,FALSE,
45860,WTEColi12C01,140221_0_OxicWTEcoliGlcM9_MRMQC-1-10x,MRMQC,QC,0,10,1,icit,C6H7O7-,196,0,cps,0,cps,0,normMax,6.44E-06,100,MRM,FALSE,LLOD Reached
46023,WTEColi12C01,140221_0_OxicWTEcoliGlcM9_MRMQC-2-100x,MRMQC,QC,0,100,2,icit,C6H7O7-,196,0,cps,0,cps,,normMax,6.44E-06,100,MRM,FALSE,
45873,WTEColi12C01,140221_0_OxicWTEcoliGlcM9_MRMQC-2-10x,MRMQC,QC,0,10,2,icit,C6H7O7-,196,0,cps,0,cps,0,normMax,6.44E-06,100,MRM,FALSE,LLOD Reached
46036,WTEColi12C01,140221_0_OxicWTEcoliGlcM9_MRMQC-3-100x,MRMQC,QC,0,100,3,icit,C6H7O7-,196,0,cps,0,cps,,normMax,6.44E-06,100,MRM,FALSE,
45886,WTEColi12C01,140221_0_OxicWTEcoliGlcM9_MRMQC-3-10x,MRMQC,QC,0,10,3,icit,C6H7O7-,196,0,cps,0,cps,0,normMax,6.44E-06,100,MRM,FALSE,LLOD Reached
45528,WTEColi12C01,140221_0_OxicWTEcoliGlcM9_Broth-1,OxicWtGlc,Unknown,0,1,1,icit,C6H7O7-,197,0,cps,0,cps,0,normMax,4.79E-07,100,MRM,TRUE,
45933,WTEColi12C01,140221_0_OxicWTEcoliGlcM9_Broth-1-100x,OxicWtGlc,Unknown,0,100,1,icit,C6H7O7-,197,0,cps,0,cps,,normMax,4.79E-07,100,MRM,FALSE,
45672,WTEColi12C01,140221_0_OxicWTEcoliGlcM9_Broth-1-10x,OxicWtGlc,Unknown,0,10,1,icit,C6H7O7-,197,0,cps,0,cps,0,normMax,4.79E-07,100,MRM,FALSE,LLOD Reached
45541,WTEColi12C01,140221_0_OxicWTEcoliGlcM9_Broth-2,OxicWtGlc,Unknown,0,1,2,icit,C6H7O7-,197,0,cps,0,cps,0,normMax,4.79E-07,100,MRM,TRUE,
45946,WTEColi12C01,140221_0_OxicWTEcoliGlcM9_Broth-2-100x,OxicWtGlc,Unknown,0,100,2,icit,C6H7O7-,197,0,cps,0,cps,,normMax,4.79E-07,100,MRM,FALSE,
45685,WTEColi12C01,140221_0_OxicWTEcoliGlcM9_Broth-2-10x,OxicWtGlc,Unknown,0,10,2,icit,C6H7O7-,197,0,cps,0,cps,0,normMax,4.79E-07,100,MRM,FALSE,LLOD Reached
45554,WTEColi12C01,140221_0_OxicWTEcoliGlcM9_Broth-3,OxicWtGlc,Unknown,0,1,3,icit,C6H7O7-,197,0,cps,0,cps,0,normMax,4.79E-07,100,MRM,TRUE,
45959,WTEColi12C01,140221_0_OxicWTEcoliGlcM9_Broth-3-100x,OxicWtGlc,Unknown,0,100,3,icit,C6H7O7-,197,0,cps,0,cps,,normMax,4.79E-07,100,MRM,FALSE,
45698,WTEColi12C01,140221_0_OxicWTEcoliGlcM9_Broth-3-10x,OxicWtGlc,Unknown,0,10,3,icit,C6H7O7-,197,0,cps,0,cps,0,normMax,4.79E-07,100,MRM,FALSE,LLOD Reached
45567,WTEColi12C01,140221_0_OxicWTEcoliGlcM9_Broth-4,OxicWtGlc,Unknown,0,1,4,icit,C6H7O7-,197,0,cps,0,cps,0,normMax,4.79E-07,100,MRM,TRUE,
45972,WTEColi12C01,140221_0_OxicWTEcoliGlcM9_Broth-4-100x,OxicWtGlc,Unknown,0,100,4,icit,C6H7O7-,197,0,cps,0,cps,,normMax,4.79E-07,100,MRM,FALSE,
45711,WTEColi12C01,140221_0_OxicWTEcoliGlcM9_Broth-4-10x,OxicWtGlc,Unknown,0,10,4,icit,C6H7O7-,197,0,cps,0,cps,0,normMax,4.79E-07,100,MRM,FALSE,LLOD Reached
45580,WTEColi12C01,140221_0_OxicWTEcoliGlcM9_Broth-5,OxicWtGlc,Unknown,0,1,5,icit,C6H7O7-,197,0,cps,0,cps,0,normMax,4.79E-07,100,MRM,TRUE,
45985,WTEColi12C01,140221_0_OxicWTEcoliGlcM9_Broth-5-100x,OxicWtGlc,Unknown,0,100,5,icit,C6H7O7-,197,0,cps,0,cps,,normMax,4.79E-07,100,MRM,FALSE,
45724,WTEColi12C01,140221_0_OxicWTEcoliGlcM9_Broth-5-10x,OxicWtGlc,Unknown,0,10,5,icit,C6H7O7-,197,0,cps,0,cps,0,normMax,4.79E-07,100,MRM,FALSE,LLOD Reached
45593,WTEColi12C01,140221_0_OxicWTEcoliGlcM9_Broth-6,OxicWtGlc,Unknown,0,1,6,icit,C6H7O7-,197,0,cps,0,cps,0,normMax,4.79E-07,100,MRM,TRUE,
45998,WTEColi12C01,140221_0_OxicWTEcoliGlcM9_Broth-6-100x,OxicWtGlc,Unknown,0,100,6,icit,C6H7O7-,197,0,cps,0,cps,,normMax,4.79E-07,100,MRM,FALSE,
45737,WTEColi12C01,140221_0_OxicWTEcoliGlcM9_Broth-6-10x,OxicWtGlc,Unknown,0,10,6,icit,C6H7O7-,197,0,cps,0,cps,0,normMax,4.79E-07,100,MRM,FALSE,LLOD Reached
46011,WTEColi12C01,140221_0_OxicWTEcoliGlcM9_MRMQC-1-100x,MRMQC,QC,0,100,1,icit,C6H7O7-,197,0,cps,0,cps,,normMax,4.79E-07,100,MRM,FALSE,
45861,WTEColi12C01,140221_0_OxicWTEcoliGlcM9_MRMQC-1-10x,MRMQC,QC,0,10,1,icit,C6H7O7-,197,0,cps,0,cps,0,normMax,4.79E-07,100,MRM,FALSE,LLOD Reached
46024,WTEColi12C01,140221_0_OxicWTEcoliGlcM9_MRMQC-2-100x,MRMQC,QC,0,100,2,icit,C6H7O7-,197,0,cps,0,cps,,normMax,4.79E-07,100,MRM,FALSE,
45874,WTEColi12C01,140221_0_OxicWTEcoliGlcM9_MRMQC-2-10x,MRMQC,QC,0,10,2,icit,C6H7O7-,197,0,cps,0,cps,0,normMax,4.79E-07,100,MRM,FALSE,LLOD Reached
46037,WTEColi12C01,140221_0_OxicWTEcoliGlcM9_MRMQC-3-100x,MRMQC,QC,0,100,3,icit,C6H7O7-,197,0,cps,0,cps,,normMax,4.79E-07,100,MRM,FALSE,
45887,WTEColi12C01,140221_0_OxicWTEcoliGlcM9_MRMQC-3-10x,MRMQC,QC,0,10,3,icit,C6H7O7-,197,0,cps,0,cps,0,normMax,4.79E-07,100,MRM,FALSE,LLOD Reached
45502,WTEColi12C01,140221_0_OxicWTEcoliGlcM9_Broth-1,OxicWtGlc,Unknown,0,1,1,pep,C3H4O6P-,167,1429365.87,cps,1423616.682,cps,1,normMax,1,0,MRM,TRUE,
45506,WTEColi12C01,140221_0_OxicWTEcoliGlcM9_Broth-2,OxicWtGlc,Unknown,0,1,2,pep,C3H4O6P-,167,710534.5009,cps,704785.3133,cps,1,normMax,1,0,MRM,TRUE,
45510,WTEColi12C01,140221_0_OxicWTEcoliGlcM9_Broth-3,OxicWtGlc,Unknown,0,1,3,pep,C3H4O6P-,167,2611304.333,cps,2605555.145,cps,1,normMax,1,0,MRM,TRUE,
45514,WTEColi12C01,140221_0_OxicWTEcoliGlcM9_Broth-4,OxicWtGlc,Unknown,0,1,4,pep,C3H4O6P-,167,1364495.017,cps,1358745.829,cps,1,normMax,1,0,MRM,TRUE,
45518,WTEColi12C01,140221_0_OxicWTEcoliGlcM9_Broth-5,OxicWtGlc,Unknown,0,1,5,pep,C3H4O6P-,167,584296.75,cps,578547.5624,cps,1,normMax,1,0,MRM,TRUE,
45522,WTEColi12C01,140221_0_OxicWTEcoliGlcM9_Broth-6,OxicWtGlc,Unknown,0,1,6,pep,C3H4O6P-,167,2672483.119,cps,2666733.931,cps,1,normMax,1,0,MRM,TRUE,
45847,WTEColi12C01,140221_0_OxicWTEcoliGlcM9_MRMQC-1-10x,MRMQC,QC,0,10,1,pep,C3H4O6P-,167,144396,cps,139790,cps,1,normMax,1,0,MRM,TRUE,
45851,WTEColi12C01,140221_0_OxicWTEcoliGlcM9_MRMQC-2-10x,MRMQC,QC,0,10,2,pep,C3H4O6P-,167,197212.986,cps,192606.986,cps,1,normMax,1,0,MRM,TRUE,
45855,WTEColi12C01,140221_0_OxicWTEcoliGlcM9_MRMQC-3-10x,MRMQC,QC,0,10,3,pep,C3H4O6P-,167,185938.5914,cps,181332.5914,cps,1,normMax,1,0,MRM,TRUE,
45499,WTEColi12C01,140221_0_OxicWTEcoliGlcM9_Broth-1,OxicWtGlc,Unknown,0,1,1,pep,C3H4O6P-,168,40172.00473,cps,39481.00473,cps,0.02773289,normMax,0.035192792,21.19724356,MRM,TRUE,
45503,WTEColi12C01,140221_0_OxicWTEcoliGlcM9_Broth-2,OxicWtGlc,Unknown,0,1,2,pep,C3H4O6P-,168,24949.62104,cps,24258.62104,cps,0.034419873,normMax,0.035192792,2.196241202,MRM,TRUE,
45507,WTEColi12C01,140221_0_OxicWTEcoliGlcM9_Broth-3,OxicWtGlc,Unknown,0,1,3,pep,C3H4O6P-,168,108335.8749,cps,107644.8749,cps,0.041313605,normMax,0.035192792,17.39223453,MRM,TRUE,
45511,WTEColi12C01,140221_0_OxicWTEcoliGlcM9_Broth-4,OxicWtGlc,Unknown,0,1,4,pep,C3H4O6P-,168,56652.95309,cps,55961.95309,cps,0.041186476,normMax,0.035192792,17.03100116,MRM,TRUE,
45515,WTEColi12C01,140221_0_OxicWTEcoliGlcM9_Broth-5,OxicWtGlc,Unknown,0,1,5,pep,C3H4O6P-,168,21776.45627,cps,21085.45627,cps,0.036445502,normMax,0.035192792,3.559564708,MRM,TRUE,
45519,WTEColi12C01,140221_0_OxicWTEcoliGlcM9_Broth-6,OxicWtGlc,Unknown,0,1,6,pep,C3H4O6P-,168,97803.49641,cps,97112.49641,cps,0.036416268,normMax,0.035192792,3.476495728,MRM,TRUE,
45844,WTEColi12C01,140221_0_OxicWTEcoliGlcM9_MRMQC-1-10x,MRMQC,QC,0,10,1,pep,C3H4O6P-,168,4917.890928,cps,4226.890928,cps,0.030237434,normMax,0.035192792,14.08060354,MRM,TRUE,
45848,WTEColi12C01,140221_0_OxicWTEcoliGlcM9_MRMQC-2-10x,MRMQC,QC,0,10,2,pep,C3H4O6P-,168,5988,cps,5297,cps,0.027501599,normMax,0.035192792,21.85445598,MRM,TRUE,
45852,WTEColi12C01,140221_0_OxicWTEcoliGlcM9_MRMQC-3-10x,MRMQC,QC,0,10,3,pep,C3H4O6P-,168,3801.35478,cps,3110.35478,cps,0.017152762,normMax,0.035192792,51.2605816,MRM,TRUE,
45500,WTEColi12C01,140221_0_OxicWTEcoliGlcM9_Broth-1,OxicWtGlc,Unknown,0,1,1,pep,C3H4O6P-,169,8410.754546,cps,5923.059995,cps,0.004160572,normMax,0.012773296,67.42757638,MRM,TRUE,
45504,WTEColi12C01,140221_0_OxicWTEcoliGlcM9_Broth-2,OxicWtGlc,Unknown,0,1,2,pep,C3H4O6P-,169,11794.08895,cps,9306.394399,cps,0.01320458,normMax,0.012773296,3.376451275,MRM,TRUE,
45508,WTEColi12C01,140221_0_OxicWTEcoliGlcM9_Broth-3,OxicWtGlc,Unknown,0,1,3,pep,C3H4O6P-,169,16191.50335,cps,13703.8088,cps,0.005259458,normMax,0.012773296,58.82458049,MRM,TRUE,
45512,WTEColi12C01,140221_0_OxicWTEcoliGlcM9_Broth-4,OxicWtGlc,Unknown,0,1,4,pep,C3H4O6P-,169,11284,cps,8796.305449,cps,0.006473842,normMax,0.012773296,49.31737631,MRM,TRUE,
45516,WTEColi12C01,140221_0_OxicWTEcoliGlcM9_Broth-5,OxicWtGlc,Unknown,0,1,5,pep,C3H4O6P-,169,9164.938286,cps,6677.243735,cps,0.011541391,normMax,0.012773296,9.644379548,MRM,TRUE,
45520,WTEColi12C01,140221_0_OxicWTEcoliGlcM9_Broth-6,OxicWtGlc,Unknown,0,1,6,pep,C3H4O6P-,169,21847.1299,cps,19359.43535,cps,0.007259605,normMax,0.012773296,43.16576606,MRM,TRUE,
45845,WTEColi12C01,140221_0_OxicWTEcoliGlcM9_MRMQC-1-10x,MRMQC,QC,0,10,1,pep,C3H4O6P-,169,0,cps,0,cps,0,normMax,0.012773296,100,MRM,TRUE,
45849,WTEColi12C01,140221_0_OxicWTEcoliGlcM9_MRMQC-2-10x,MRMQC,QC,0,10,2,pep,C3H4O6P-,169,0,cps,0,cps,0,normMax,0.012773296,100,MRM,TRUE,
45853,WTEColi12C01,140221_0_OxicWTEcoliGlcM9_MRMQC-3-10x,MRMQC,QC,0,10,3,pep,C3H4O6P-,169,0,cps,0,cps,0,normMax,0.012773296,100,MRM,TRUE,
45501,WTEColi12C01,140221_0_OxicWTEcoliGlcM9_Broth-1,OxicWtGlc,Unknown,0,1,1,pep,C3H4O6P-,170,0,cps,0,cps,0,normMax,0.000431567,100,MRM,TRUE,
45505,WTEColi12C01,140221_0_OxicWTEcoliGlcM9_Broth-2,OxicWtGlc,Unknown,0,1,2,pep,C3H4O6P-,170,0,cps,0,cps,0,normMax,0.000431567,100,MRM,TRUE,
45509,WTEColi12C01,140221_0_OxicWTEcoliGlcM9_Broth-3,OxicWtGlc,Unknown,0,1,3,pep,C3H4O6P-,170,0,cps,0,cps,0,normMax,0.000431567,100,MRM,TRUE,
45513,WTEColi12C01,140221_0_OxicWTEcoliGlcM9_Broth-4,OxicWtGlc,Unknown,0,1,4,pep,C3H4O6P-,170,0,cps,0,cps,0,normMax,0.000431567,100,MRM,TRUE,
45517,WTEColi12C01,140221_0_OxicWTEcoliGlcM9_Broth-5,OxicWtGlc,Unknown,0,1,5,pep,C3H4O6P-,170,0,cps,0,cps,0,normMax,0.000431567,100,MRM,TRUE,
45521,WTEColi12C01,140221_0_OxicWTEcoliGlcM9_Broth-6,OxicWtGlc,Unknown,0,1,6,pep,C3H4O6P-,170,0,cps,0,cps,0,normMax,0.000431567,100,MRM,TRUE,
45846,WTEColi12C01,140221_0_OxicWTEcoliGlcM9_MRMQC-1-10x,MRMQC,QC,0,10,1,pep,C3H4O6P-,170,0,cps,0,cps,0,normMax,0.000431567,100,MRM,TRUE,
45850,WTEColi12C01,140221_0_OxicWTEcoliGlcM9_MRMQC-2-10x,MRMQC,QC,0,10,2,pep,C3H4O6P-,170,0,cps,0,cps,0,normMax,0.000431567,100,MRM,TRUE,
45854,WTEColi12C01,140221_0_OxicWTEcoliGlcM9_MRMQC-3-10x,MRMQC,QC,0,10,3,pep,C3H4O6P-,170,0,cps,0,cps,0,normMax,0.000431567,100,MRM,TRUE,
