id,experiment_id,sample_name,sample_name_abbreviation,sample_type,time_point,replicate_number,met_id,precursor_formula,precursor_mass,product_formula,product_mass,intensity,intensity_units,intensity_corrected,intensity_corrected_units,intensity_normalized,intensity_normalized_units,intensity_theoretical,abs_devFromTheoretical,scan_type,used_,comment_
19005,WTEColi12C02,140221_0_OxicWTEcoliGlcM9_Broth-10,OxicWtGlc,Unknown,0,10,phe-L,C9H10NO2-,164,C9H7O2-,147,20999.99982,cps,20666.66649,cps,1,normMax,1,0,EPI,t,
19118,WTEColi12C02,140221_0_OxicWTEcoliGlcM9_Broth-11-10x,OxicWtGlc,Unknown,0,11,phe-L,C9H10NO2-,164,C9H7O2-,147,18666.6665,cps,18333.33317,cps,1,normMax,1,0,EPI,t,
19231,WTEColi12C02,140221_0_OxicWTEcoliGlcM9_Broth-12,OxicWtGlc,Unknown,0,12,phe-L,C9H10NO2-,164,C9H7O2-,147,25666.66644,cps,25333.33311,cps,1,normMax,1,0,EPI,t,
19344,WTEColi12C02,140221_0_OxicWTEcoliGlcM9_Broth-7,OxicWtGlc,Unknown,0,7,phe-L,C9H10NO2-,164,C9H7O2-,147,11333.33323,cps,10999.9999,cps,1,normMax,1,0,EPI,t,
19511,WTEColi12C02,140221_0_OxicWTEcoliGlcM9_Broth-9,OxicWtGlc,Unknown,0,9,phe-L,C9H10NO2-,164,C9H7O2-,147,19999.99983,cps,19666.6665,cps,1,normMax,1,0,EPI,t,
19006,WTEColi12C02,140221_0_OxicWTEcoliGlcM9_Broth-10,OxicWtGlc,Unknown,0,10,phe-L,C9H10NO2-,164,C9H7O2-,148,666.6666609,cps,0,cps,0,normMax,0.098908499,0.098908499,EPI,t,
19119,WTEColi12C02,140221_0_OxicWTEcoliGlcM9_Broth-11-10x,OxicWtGlc,Unknown,0,11,phe-L,C9H10NO2-,164,C9H7O2-,148,666.6666609,cps,0,cps,0,normMax,0.098908499,0.098908499,EPI,t,
19232,WTEColi12C02,140221_0_OxicWTEcoliGlcM9_Broth-12,OxicWtGlc,Unknown,0,12,phe-L,C9H10NO2-,164,C9H7O2-,148,333.3333304,cps,0,cps,0,normMax,0.098908499,0.098908499,EPI,t,
19345,WTEColi12C02,140221_0_OxicWTEcoliGlcM9_Broth-7,OxicWtGlc,Unknown,0,7,phe-L,C9H10NO2-,164,C9H7O2-,148,666.6666609,cps,0,cps,0,normMax,0.098908499,0.098908499,EPI,t,
19512,WTEColi12C02,140221_0_OxicWTEcoliGlcM9_Broth-9,OxicWtGlc,Unknown,0,9,phe-L,C9H10NO2-,164,C9H7O2-,148,333.3333304,cps,0,cps,0,normMax,0.098908499,0.098908499,EPI,t,
19007,WTEColi12C02,140221_0_OxicWTEcoliGlcM9_Broth-10,OxicWtGlc,Unknown,0,10,phe-L,C9H10NO2-,164,C9H7O2-,149,333.3333304,cps,0,cps,0,normMax,0.008474832,0.008474832,EPI,t,
19120,WTEColi12C02,140221_0_OxicWTEcoliGlcM9_Broth-11-10x,OxicWtGlc,Unknown,0,11,phe-L,C9H10NO2-,164,C9H7O2-,149,666.6666609,cps,0,cps,0,normMax,0.008474832,0.008474832,EPI,t,
19233,WTEColi12C02,140221_0_OxicWTEcoliGlcM9_Broth-12,OxicWtGlc,Unknown,0,12,phe-L,C9H10NO2-,164,C9H7O2-,149,0,cps,0,cps,0,normMax,0.008474832,0.008474832,EPI,t,
19346,WTEColi12C02,140221_0_OxicWTEcoliGlcM9_Broth-7,OxicWtGlc,Unknown,0,7,phe-L,C9H10NO2-,164,C9H7O2-,149,333.3333304,cps,0,cps,0,normMax,0.008474832,0.008474832,EPI,t,
19513,WTEColi12C02,140221_0_OxicWTEcoliGlcM9_Broth-9,OxicWtGlc,Unknown,0,9,phe-L,C9H10NO2-,164,C9H7O2-,149,333.3333304,cps,0,cps,0,normMax,0.008474832,0.008474832,EPI,t,
19008,WTEColi12C02,140221_0_OxicWTEcoliGlcM9_Broth-10,OxicWtGlc,Unknown,0,10,phe-L,C9H10NO2-,164,C9H7O2-,150,0,cps,0,cps,0,normMax,0.000517926,0.000517926,EPI,t,
19121,WTEColi12C02,140221_0_OxicWTEcoliGlcM9_Broth-11-10x,OxicWtGlc,Unknown,0,11,phe-L,C9H10NO2-,164,C9H7O2-,150,0,cps,0,cps,0,normMax,0.000517926,0.000517926,EPI,t,
19234,WTEColi12C02,140221_0_OxicWTEcoliGlcM9_Broth-12,OxicWtGlc,Unknown,0,12,phe-L,C9H10NO2-,164,C9H7O2-,150,0,cps,0,cps,0,normMax,0.000517926,0.000517926,EPI,t,
19347,WTEColi12C02,140221_0_OxicWTEcoliGlcM9_Broth-7,OxicWtGlc,Unknown,0,7,phe-L,C9H10NO2-,164,C9H7O2-,150,0,cps,0,cps,0,normMax,0.000517926,0.000517926,EPI,t,
19514,WTEColi12C02,140221_0_OxicWTEcoliGlcM9_Broth-9,OxicWtGlc,Unknown,0,9,phe-L,C9H10NO2-,164,C9H7O2-,150,0,cps,0,cps,0,normMax,0.000517926,0.000517926,EPI,t,
19009,WTEColi12C02,140221_0_OxicWTEcoliGlcM9_Broth-10,OxicWtGlc,Unknown,0,10,phe-L,C9H10NO2-,164,C9H7O2-,151,0,cps,0,cps,0,normMax,2.39E-05,2.39E-05,EPI,t,
19122,WTEColi12C02,140221_0_OxicWTEcoliGlcM9_Broth-11-10x,OxicWtGlc,Unknown,0,11,phe-L,C9H10NO2-,164,C9H7O2-,151,0,cps,0,cps,0,normMax,2.39E-05,2.39E-05,EPI,t,
19235,WTEColi12C02,140221_0_OxicWTEcoliGlcM9_Broth-12,OxicWtGlc,Unknown,0,12,phe-L,C9H10NO2-,164,C9H7O2-,151,0,cps,0,cps,0,normMax,2.39E-05,2.39E-05,EPI,t,
19348,WTEColi12C02,140221_0_OxicWTEcoliGlcM9_Broth-7,OxicWtGlc,Unknown,0,7,phe-L,C9H10NO2-,164,C9H7O2-,151,0,cps,0,cps,0,normMax,2.39E-05,2.39E-05,EPI,t,
19515,WTEColi12C02,140221_0_OxicWTEcoliGlcM9_Broth-9,OxicWtGlc,Unknown,0,9,phe-L,C9H10NO2-,164,C9H7O2-,151,0,cps,0,cps,0,normMax,2.39E-05,2.39E-05,EPI,t,
19010,WTEColi12C02,140221_0_OxicWTEcoliGlcM9_Broth-10,OxicWtGlc,Unknown,0,10,phe-L,C9H10NO2-,164,C9H7O2-,152,0,cps,0,cps,0,normMax,8.92E-07,8.92E-07,EPI,t,
19123,WTEColi12C02,140221_0_OxicWTEcoliGlcM9_Broth-11-10x,OxicWtGlc,Unknown,0,11,phe-L,C9H10NO2-,164,C9H7O2-,152,0,cps,0,cps,0,normMax,8.92E-07,8.92E-07,EPI,t,
19236,WTEColi12C02,140221_0_OxicWTEcoliGlcM9_Broth-12,OxicWtGlc,Unknown,0,12,phe-L,C9H10NO2-,164,C9H7O2-,152,0,cps,0,cps,0,normMax,8.92E-07,8.92E-07,EPI,t,
19349,WTEColi12C02,140221_0_OxicWTEcoliGlcM9_Broth-7,OxicWtGlc,Unknown,0,7,phe-L,C9H10NO2-,164,C9H7O2-,152,0,cps,0,cps,0,normMax,8.92E-07,8.92E-07,EPI,t,
19516,WTEColi12C02,140221_0_OxicWTEcoliGlcM9_Broth-9,OxicWtGlc,Unknown,0,9,phe-L,C9H10NO2-,164,C9H7O2-,152,0,cps,0,cps,0,normMax,8.92E-07,8.92E-07,EPI,t,
19011,WTEColi12C02,140221_0_OxicWTEcoliGlcM9_Broth-10,OxicWtGlc,Unknown,0,10,phe-L,C9H10NO2-,164,C9H7O2-,153,0,cps,0,cps,0,normMax,2.57E-08,2.57E-08,EPI,t,
19124,WTEColi12C02,140221_0_OxicWTEcoliGlcM9_Broth-11-10x,OxicWtGlc,Unknown,0,11,phe-L,C9H10NO2-,164,C9H7O2-,153,0,cps,0,cps,0,normMax,2.57E-08,2.57E-08,EPI,t,
19237,WTEColi12C02,140221_0_OxicWTEcoliGlcM9_Broth-12,OxicWtGlc,Unknown,0,12,phe-L,C9H10NO2-,164,C9H7O2-,153,0,cps,0,cps,0,normMax,2.57E-08,2.57E-08,EPI,t,
19350,WTEColi12C02,140221_0_OxicWTEcoliGlcM9_Broth-7,OxicWtGlc,Unknown,0,7,phe-L,C9H10NO2-,164,C9H7O2-,153,0,cps,0,cps,0,normMax,2.57E-08,2.57E-08,EPI,t,
19517,WTEColi12C02,140221_0_OxicWTEcoliGlcM9_Broth-9,OxicWtGlc,Unknown,0,9,phe-L,C9H10NO2-,164,C9H7O2-,153,0,cps,0,cps,0,normMax,2.57E-08,2.57E-08,EPI,t,
19012,WTEColi12C02,140221_0_OxicWTEcoliGlcM9_Broth-10,OxicWtGlc,Unknown,0,10,phe-L,C9H10NO2-,164,C9H7O2-,154,0,cps,0,cps,0,normMax,5.05E-10,5.05E-10,EPI,t,
19125,WTEColi12C02,140221_0_OxicWTEcoliGlcM9_Broth-11-10x,OxicWtGlc,Unknown,0,11,phe-L,C9H10NO2-,164,C9H7O2-,154,0,cps,0,cps,0,normMax,5.05E-10,5.05E-10,EPI,t,
19238,WTEColi12C02,140221_0_OxicWTEcoliGlcM9_Broth-12,OxicWtGlc,Unknown,0,12,phe-L,C9H10NO2-,164,C9H7O2-,154,0,cps,0,cps,0,normMax,5.05E-10,5.05E-10,EPI,t,
19351,WTEColi12C02,140221_0_OxicWTEcoliGlcM9_Broth-7,OxicWtGlc,Unknown,0,7,phe-L,C9H10NO2-,164,C9H7O2-,154,0,cps,0,cps,0,normMax,5.05E-10,5.05E-10,EPI,t,
19518,WTEColi12C02,140221_0_OxicWTEcoliGlcM9_Broth-9,OxicWtGlc,Unknown,0,9,phe-L,C9H10NO2-,164,C9H7O2-,154,0,cps,0,cps,0,normMax,5.05E-10,5.05E-10,EPI,t,
19013,WTEColi12C02,140221_0_OxicWTEcoliGlcM9_Broth-10,OxicWtGlc,Unknown,0,10,phe-L,C9H10NO2-,164,C9H7O2-,155,0,cps,0,cps,0,normMax,7.66E-12,7.66E-12,EPI,t,
19126,WTEColi12C02,140221_0_OxicWTEcoliGlcM9_Broth-11-10x,OxicWtGlc,Unknown,0,11,phe-L,C9H10NO2-,164,C9H7O2-,155,0,cps,0,cps,0,normMax,7.66E-12,7.66E-12,EPI,t,
19239,WTEColi12C02,140221_0_OxicWTEcoliGlcM9_Broth-12,OxicWtGlc,Unknown,0,12,phe-L,C9H10NO2-,164,C9H7O2-,155,0,cps,0,cps,0,normMax,7.66E-12,7.66E-12,EPI,t,
19352,WTEColi12C02,140221_0_OxicWTEcoliGlcM9_Broth-7,OxicWtGlc,Unknown,0,7,phe-L,C9H10NO2-,164,C9H7O2-,155,0,cps,0,cps,0,normMax,7.66E-12,7.66E-12,EPI,t,
19519,WTEColi12C02,140221_0_OxicWTEcoliGlcM9_Broth-9,OxicWtGlc,Unknown,0,9,phe-L,C9H10NO2-,164,C9H7O2-,155,0,cps,0,cps,0,normMax,7.66E-12,7.66E-12,EPI,t,
19014,WTEColi12C02,140221_0_OxicWTEcoliGlcM9_Broth-10,OxicWtGlc,Unknown,0,10,phe-L,C9H10NO2-,164,C9H7O2-,156,0,cps,0,cps,0,normMax,0,,EPI,t,
19127,WTEColi12C02,140221_0_OxicWTEcoliGlcM9_Broth-11-10x,OxicWtGlc,Unknown,0,11,phe-L,C9H10NO2-,164,C9H7O2-,156,0,cps,0,cps,0,normMax,0,,EPI,t,
19240,WTEColi12C02,140221_0_OxicWTEcoliGlcM9_Broth-12,OxicWtGlc,Unknown,0,12,phe-L,C9H10NO2-,164,C9H7O2-,156,0,cps,0,cps,0,normMax,0,,EPI,t,
19353,WTEColi12C02,140221_0_OxicWTEcoliGlcM9_Broth-7,OxicWtGlc,Unknown,0,7,phe-L,C9H10NO2-,164,C9H7O2-,156,0,cps,0,cps,0,normMax,0,,EPI,t,
19520,WTEColi12C02,140221_0_OxicWTEcoliGlcM9_Broth-9,OxicWtGlc,Unknown,0,9,phe-L,C9H10NO2-,164,C9H7O2-,156,0,cps,0,cps,0,normMax,0,,EPI,t,
18983,WTEColi12C02,140221_0_OxicWTEcoliGlcM9_Broth-10,OxicWtGlc,Unknown,0,10,phe-L,C9H10NO2-,164,C9H10NO2-,164,16333.33319,cps,15999.99986,cps,1,normMax,1,0,EPI,t,
19096,WTEColi12C02,140221_0_OxicWTEcoliGlcM9_Broth-11-10x,OxicWtGlc,Unknown,0,11,phe-L,C9H10NO2-,164,C9H10NO2-,164,13666.66655,cps,13333.33322,cps,1,normMax,1,0,EPI,t,
19209,WTEColi12C02,140221_0_OxicWTEcoliGlcM9_Broth-12,OxicWtGlc,Unknown,0,12,phe-L,C9H10NO2-,164,C9H10NO2-,164,11999.9999,cps,11666.66657,cps,1,normMax,1,0,EPI,t,
19322,WTEColi12C02,140221_0_OxicWTEcoliGlcM9_Broth-7,OxicWtGlc,Unknown,0,7,phe-L,C9H10NO2-,164,C9H10NO2-,164,12666.66656,cps,12333.33323,cps,1,normMax,1,0,EPI,t,
19489,WTEColi12C02,140221_0_OxicWTEcoliGlcM9_Broth-9,OxicWtGlc,Unknown,0,9,phe-L,C9H10NO2-,164,C9H10NO2-,164,14999.99987,cps,14666.66654,cps,1,normMax,1,0,EPI,t,
18984,WTEColi12C02,140221_0_OxicWTEcoliGlcM9_Broth-10,OxicWtGlc,Unknown,0,10,phe-L,C9H10NO2-,164,C9H10NO2-,165,0,cps,0,cps,0,normMax,0.102947131,0.102947131,EPI,t,
19097,WTEColi12C02,140221_0_OxicWTEcoliGlcM9_Broth-11-10x,OxicWtGlc,Unknown,0,11,phe-L,C9H10NO2-,164,C9H10NO2-,165,666.6666609,cps,0,cps,0,normMax,0.102947131,0.102947131,EPI,t,
19210,WTEColi12C02,140221_0_OxicWTEcoliGlcM9_Broth-12,OxicWtGlc,Unknown,0,12,phe-L,C9H10NO2-,164,C9H10NO2-,165,0,cps,0,cps,0,normMax,0.102947131,0.102947131,EPI,t,
19323,WTEColi12C02,140221_0_OxicWTEcoliGlcM9_Broth-7,OxicWtGlc,Unknown,0,7,phe-L,C9H10NO2-,164,C9H10NO2-,165,0,cps,0,cps,0,normMax,0.102947131,0.102947131,EPI,t,
19490,WTEColi12C02,140221_0_OxicWTEcoliGlcM9_Broth-9,OxicWtGlc,Unknown,0,9,phe-L,C9H10NO2-,164,C9H10NO2-,165,999.9999913,cps,0,cps,0,normMax,0.102947131,0.102947131,EPI,t,
18985,WTEColi12C02,140221_0_OxicWTEcoliGlcM9_Broth-10,OxicWtGlc,Unknown,0,10,phe-L,C9H10NO2-,164,C9H10NO2-,166,0,cps,0,cps,0,normMax,0.008875601,0.008875601,EPI,t,
19098,WTEColi12C02,140221_0_OxicWTEcoliGlcM9_Broth-11-10x,OxicWtGlc,Unknown,0,11,phe-L,C9H10NO2-,164,C9H10NO2-,166,0,cps,0,cps,0,normMax,0.008875601,0.008875601,EPI,t,
19211,WTEColi12C02,140221_0_OxicWTEcoliGlcM9_Broth-12,OxicWtGlc,Unknown,0,12,phe-L,C9H10NO2-,164,C9H10NO2-,166,0,cps,0,cps,0,normMax,0.008875601,0.008875601,EPI,t,
19324,WTEColi12C02,140221_0_OxicWTEcoliGlcM9_Broth-7,OxicWtGlc,Unknown,0,7,phe-L,C9H10NO2-,164,C9H10NO2-,166,0,cps,0,cps,0,normMax,0.008875601,0.008875601,EPI,t,
19491,WTEColi12C02,140221_0_OxicWTEcoliGlcM9_Broth-9,OxicWtGlc,Unknown,0,9,phe-L,C9H10NO2-,164,C9H10NO2-,166,0,cps,0,cps,0,normMax,0.008875601,0.008875601,EPI,t,
18986,WTEColi12C02,140221_0_OxicWTEcoliGlcM9_Broth-10,OxicWtGlc,Unknown,0,10,phe-L,C9H10NO2-,164,C9H10NO2-,167,0,cps,0,cps,0,normMax,0.000552283,0.000552283,EPI,t,
19099,WTEColi12C02,140221_0_OxicWTEcoliGlcM9_Broth-11-10x,OxicWtGlc,Unknown,0,11,phe-L,C9H10NO2-,164,C9H10NO2-,167,0,cps,0,cps,0,normMax,0.000552283,0.000552283,EPI,t,
19212,WTEColi12C02,140221_0_OxicWTEcoliGlcM9_Broth-12,OxicWtGlc,Unknown,0,12,phe-L,C9H10NO2-,164,C9H10NO2-,167,0,cps,0,cps,0,normMax,0.000552283,0.000552283,EPI,t,
19325,WTEColi12C02,140221_0_OxicWTEcoliGlcM9_Broth-7,OxicWtGlc,Unknown,0,7,phe-L,C9H10NO2-,164,C9H10NO2-,167,0,cps,0,cps,0,normMax,0.000552283,0.000552283,EPI,t,
19492,WTEColi12C02,140221_0_OxicWTEcoliGlcM9_Broth-9,OxicWtGlc,Unknown,0,9,phe-L,C9H10NO2-,164,C9H10NO2-,167,0,cps,0,cps,0,normMax,0.000552283,0.000552283,EPI,t,
18987,WTEColi12C02,140221_0_OxicWTEcoliGlcM9_Broth-10,OxicWtGlc,Unknown,0,10,phe-L,C9H10NO2-,164,C9H10NO2-,168,0,cps,0,cps,0,normMax,2.60E-05,2.60E-05,EPI,t,
19100,WTEColi12C02,140221_0_OxicWTEcoliGlcM9_Broth-11-10x,OxicWtGlc,Unknown,0,11,phe-L,C9H10NO2-,164,C9H10NO2-,168,0,cps,0,cps,0,normMax,2.60E-05,2.60E-05,EPI,t,
19213,WTEColi12C02,140221_0_OxicWTEcoliGlcM9_Broth-12,OxicWtGlc,Unknown,0,12,phe-L,C9H10NO2-,164,C9H10NO2-,168,0,cps,0,cps,0,normMax,2.60E-05,2.60E-05,EPI,t,
19326,WTEColi12C02,140221_0_OxicWTEcoliGlcM9_Broth-7,OxicWtGlc,Unknown,0,7,phe-L,C9H10NO2-,164,C9H10NO2-,168,0,cps,0,cps,0,normMax,2.60E-05,2.60E-05,EPI,t,
19493,WTEColi12C02,140221_0_OxicWTEcoliGlcM9_Broth-9,OxicWtGlc,Unknown,0,9,phe-L,C9H10NO2-,164,C9H10NO2-,168,0,cps,0,cps,0,normMax,2.60E-05,2.60E-05,EPI,t,
18988,WTEColi12C02,140221_0_OxicWTEcoliGlcM9_Broth-10,OxicWtGlc,Unknown,0,10,phe-L,C9H10NO2-,164,C9H10NO2-,169,0,cps,0,cps,0,normMax,9.90E-07,9.90E-07,EPI,t,
19101,WTEColi12C02,140221_0_OxicWTEcoliGlcM9_Broth-11-10x,OxicWtGlc,Unknown,0,11,phe-L,C9H10NO2-,164,C9H10NO2-,169,0,cps,0,cps,0,normMax,9.90E-07,9.90E-07,EPI,t,
19214,WTEColi12C02,140221_0_OxicWTEcoliGlcM9_Broth-12,OxicWtGlc,Unknown,0,12,phe-L,C9H10NO2-,164,C9H10NO2-,169,0,cps,0,cps,0,normMax,9.90E-07,9.90E-07,EPI,t,
19327,WTEColi12C02,140221_0_OxicWTEcoliGlcM9_Broth-7,OxicWtGlc,Unknown,0,7,phe-L,C9H10NO2-,164,C9H10NO2-,169,0,cps,0,cps,0,normMax,9.90E-07,9.90E-07,EPI,t,
19494,WTEColi12C02,140221_0_OxicWTEcoliGlcM9_Broth-9,OxicWtGlc,Unknown,0,9,phe-L,C9H10NO2-,164,C9H10NO2-,169,0,cps,0,cps,0,normMax,9.90E-07,9.90E-07,EPI,t,
18989,WTEColi12C02,140221_0_OxicWTEcoliGlcM9_Broth-10,OxicWtGlc,Unknown,0,10,phe-L,C9H10NO2-,164,C9H10NO2-,170,0,cps,0,cps,0,normMax,2.94E-08,2.94E-08,EPI,t,
19102,WTEColi12C02,140221_0_OxicWTEcoliGlcM9_Broth-11-10x,OxicWtGlc,Unknown,0,11,phe-L,C9H10NO2-,164,C9H10NO2-,170,0,cps,0,cps,0,normMax,2.94E-08,2.94E-08,EPI,t,
19215,WTEColi12C02,140221_0_OxicWTEcoliGlcM9_Broth-12,OxicWtGlc,Unknown,0,12,phe-L,C9H10NO2-,164,C9H10NO2-,170,0,cps,0,cps,0,normMax,2.94E-08,2.94E-08,EPI,t,
19328,WTEColi12C02,140221_0_OxicWTEcoliGlcM9_Broth-7,OxicWtGlc,Unknown,0,7,phe-L,C9H10NO2-,164,C9H10NO2-,170,0,cps,0,cps,0,normMax,2.94E-08,2.94E-08,EPI,t,
19495,WTEColi12C02,140221_0_OxicWTEcoliGlcM9_Broth-9,OxicWtGlc,Unknown,0,9,phe-L,C9H10NO2-,164,C9H10NO2-,170,0,cps,0,cps,0,normMax,2.94E-08,2.94E-08,EPI,t,
18990,WTEColi12C02,140221_0_OxicWTEcoliGlcM9_Broth-10,OxicWtGlc,Unknown,0,10,phe-L,C9H10NO2-,164,C9H10NO2-,171,0,cps,0,cps,0,normMax,9.62E-11,9.62E-11,EPI,t,
19103,WTEColi12C02,140221_0_OxicWTEcoliGlcM9_Broth-11-10x,OxicWtGlc,Unknown,0,11,phe-L,C9H10NO2-,164,C9H10NO2-,171,0,cps,0,cps,0,normMax,9.62E-11,9.62E-11,EPI,t,
19216,WTEColi12C02,140221_0_OxicWTEcoliGlcM9_Broth-12,OxicWtGlc,Unknown,0,12,phe-L,C9H10NO2-,164,C9H10NO2-,171,0,cps,0,cps,0,normMax,9.62E-11,9.62E-11,EPI,t,
19329,WTEColi12C02,140221_0_OxicWTEcoliGlcM9_Broth-7,OxicWtGlc,Unknown,0,7,phe-L,C9H10NO2-,164,C9H10NO2-,171,0,cps,0,cps,0,normMax,9.62E-11,9.62E-11,EPI,t,
19496,WTEColi12C02,140221_0_OxicWTEcoliGlcM9_Broth-9,OxicWtGlc,Unknown,0,9,phe-L,C9H10NO2-,164,C9H10NO2-,171,0,cps,0,cps,0,normMax,9.62E-11,9.62E-11,EPI,t,
18991,WTEColi12C02,140221_0_OxicWTEcoliGlcM9_Broth-10,OxicWtGlc,Unknown,0,10,phe-L,C9H10NO2-,164,C9H10NO2-,172,0,cps,0,cps,0,normMax,0,,EPI,t,
19104,WTEColi12C02,140221_0_OxicWTEcoliGlcM9_Broth-11-10x,OxicWtGlc,Unknown,0,11,phe-L,C9H10NO2-,164,C9H10NO2-,172,0,cps,0,cps,0,normMax,0,,EPI,t,
19217,WTEColi12C02,140221_0_OxicWTEcoliGlcM9_Broth-12,OxicWtGlc,Unknown,0,12,phe-L,C9H10NO2-,164,C9H10NO2-,172,0,cps,0,cps,0,normMax,0,,EPI,t,
19330,WTEColi12C02,140221_0_OxicWTEcoliGlcM9_Broth-7,OxicWtGlc,Unknown,0,7,phe-L,C9H10NO2-,164,C9H10NO2-,172,0,cps,0,cps,0,normMax,0,,EPI,t,
19497,WTEColi12C02,140221_0_OxicWTEcoliGlcM9_Broth-9,OxicWtGlc,Unknown,0,9,phe-L,C9H10NO2-,164,C9H10NO2-,172,0,cps,0,cps,0,normMax,0,,EPI,t,
18992,WTEColi12C02,140221_0_OxicWTEcoliGlcM9_Broth-10,OxicWtGlc,Unknown,0,10,phe-L,C9H10NO2-,164,C9H10NO2-,173,0,cps,0,cps,0,normMax,0,,EPI,t,
19105,WTEColi12C02,140221_0_OxicWTEcoliGlcM9_Broth-11-10x,OxicWtGlc,Unknown,0,11,phe-L,C9H10NO2-,164,C9H10NO2-,173,0,cps,0,cps,0,normMax,0,,EPI,t,
19218,WTEColi12C02,140221_0_OxicWTEcoliGlcM9_Broth-12,OxicWtGlc,Unknown,0,12,phe-L,C9H10NO2-,164,C9H10NO2-,173,0,cps,0,cps,0,normMax,0,,EPI,t,
19331,WTEColi12C02,140221_0_OxicWTEcoliGlcM9_Broth-7,OxicWtGlc,Unknown,0,7,phe-L,C9H10NO2-,164,C9H10NO2-,173,0,cps,0,cps,0,normMax,0,,EPI,t,
19498,WTEColi12C02,140221_0_OxicWTEcoliGlcM9_Broth-9,OxicWtGlc,Unknown,0,9,phe-L,C9H10NO2-,164,C9H10NO2-,173,0,cps,0,cps,0,normMax,0,,EPI,t,
18993,WTEColi12C02,140221_0_OxicWTEcoliGlcM9_Broth-10,OxicWtGlc,Unknown,0,10,phe-L,C9H10NO2-,164,C8H7-,103,1999.999983,cps,0,cps,,normMax,1,1,EPI,t,
19106,WTEColi12C02,140221_0_OxicWTEcoliGlcM9_Broth-11-10x,OxicWtGlc,Unknown,0,11,phe-L,C9H10NO2-,164,C8H7-,103,999.9999913,cps,0,cps,,normMax,1,1,EPI,t,
19219,WTEColi12C02,140221_0_OxicWTEcoliGlcM9_Broth-12,OxicWtGlc,Unknown,0,12,phe-L,C9H10NO2-,164,C8H7-,103,1999.999983,cps,0,cps,,normMax,1,1,EPI,t,
19332,WTEColi12C02,140221_0_OxicWTEcoliGlcM9_Broth-7,OxicWtGlc,Unknown,0,7,phe-L,C9H10NO2-,164,C8H7-,103,1999.999983,cps,0,cps,,normMax,1,1,EPI,t,
19499,WTEColi12C02,140221_0_OxicWTEcoliGlcM9_Broth-9,OxicWtGlc,Unknown,0,9,phe-L,C9H10NO2-,164,C8H7-,103,999.9999913,cps,0,cps,,normMax,1,1,EPI,t,
18994,WTEColi12C02,140221_0_OxicWTEcoliGlcM9_Broth-10,OxicWtGlc,Unknown,0,10,phe-L,C9H10NO2-,164,C8H7-,104,1666.666652,cps,0,cps,,normMax,0.087330919,0.087330919,EPI,t,
19107,WTEColi12C02,140221_0_OxicWTEcoliGlcM9_Broth-11-10x,OxicWtGlc,Unknown,0,11,phe-L,C9H10NO2-,164,C8H7-,104,333.3333304,cps,0,cps,,normMax,0.087330919,0.087330919,EPI,t,
19220,WTEColi12C02,140221_0_OxicWTEcoliGlcM9_Broth-12,OxicWtGlc,Unknown,0,12,phe-L,C9H10NO2-,164,C8H7-,104,999.9999913,cps,0,cps,,normMax,0.087330919,0.087330919,EPI,t,
19333,WTEColi12C02,140221_0_OxicWTEcoliGlcM9_Broth-7,OxicWtGlc,Unknown,0,7,phe-L,C9H10NO2-,164,C8H7-,104,333.3333304,cps,0,cps,,normMax,0.087330919,0.087330919,EPI,t,
19500,WTEColi12C02,140221_0_OxicWTEcoliGlcM9_Broth-9,OxicWtGlc,Unknown,0,9,phe-L,C9H10NO2-,164,C8H7-,104,666.6666609,cps,0,cps,,normMax,0.087330919,0.087330919,EPI,t,
18995,WTEColi12C02,140221_0_OxicWTEcoliGlcM9_Broth-10,OxicWtGlc,Unknown,0,10,phe-L,C9H10NO2-,164,C8H7-,105,999.9999913,cps,0,cps,,normMax,0.003345378,0.003345378,EPI,t,
19108,WTEColi12C02,140221_0_OxicWTEcoliGlcM9_Broth-11-10x,OxicWtGlc,Unknown,0,11,phe-L,C9H10NO2-,164,C8H7-,105,0,cps,0,cps,,normMax,0.003345378,0.003345378,EPI,t,
19221,WTEColi12C02,140221_0_OxicWTEcoliGlcM9_Broth-12,OxicWtGlc,Unknown,0,12,phe-L,C9H10NO2-,164,C8H7-,105,0,cps,0,cps,,normMax,0.003345378,0.003345378,EPI,t,
19334,WTEColi12C02,140221_0_OxicWTEcoliGlcM9_Broth-7,OxicWtGlc,Unknown,0,7,phe-L,C9H10NO2-,164,C8H7-,105,0,cps,0,cps,,normMax,0.003345378,0.003345378,EPI,t,
19501,WTEColi12C02,140221_0_OxicWTEcoliGlcM9_Broth-9,OxicWtGlc,Unknown,0,9,phe-L,C9H10NO2-,164,C8H7-,105,0,cps,0,cps,,normMax,0.003345378,0.003345378,EPI,t,
18996,WTEColi12C02,140221_0_OxicWTEcoliGlcM9_Broth-10,OxicWtGlc,Unknown,0,10,phe-L,C9H10NO2-,164,C8H7-,106,0,cps,0,cps,,normMax,7.35E-05,7.35E-05,EPI,t,
19109,WTEColi12C02,140221_0_OxicWTEcoliGlcM9_Broth-11-10x,OxicWtGlc,Unknown,0,11,phe-L,C9H10NO2-,164,C8H7-,106,0,cps,0,cps,,normMax,7.35E-05,7.35E-05,EPI,t,
19222,WTEColi12C02,140221_0_OxicWTEcoliGlcM9_Broth-12,OxicWtGlc,Unknown,0,12,phe-L,C9H10NO2-,164,C8H7-,106,333.3333304,cps,0,cps,,normMax,7.35E-05,7.35E-05,EPI,t,
19335,WTEColi12C02,140221_0_OxicWTEcoliGlcM9_Broth-7,OxicWtGlc,Unknown,0,7,phe-L,C9H10NO2-,164,C8H7-,106,0,cps,0,cps,,normMax,7.35E-05,7.35E-05,EPI,t,
19502,WTEColi12C02,140221_0_OxicWTEcoliGlcM9_Broth-9,OxicWtGlc,Unknown,0,9,phe-L,C9H10NO2-,164,C8H7-,106,1333.333322,cps,0,cps,,normMax,7.35E-05,7.35E-05,EPI,t,
18997,WTEColi12C02,140221_0_OxicWTEcoliGlcM9_Broth-10,OxicWtGlc,Unknown,0,10,phe-L,C9H10NO2-,164,C8H7-,107,333.3333304,cps,0,cps,,normMax,1.02E-06,1.02E-06,EPI,t,
19110,WTEColi12C02,140221_0_OxicWTEcoliGlcM9_Broth-11-10x,OxicWtGlc,Unknown,0,11,phe-L,C9H10NO2-,164,C8H7-,107,2333.333313,cps,0,cps,,normMax,1.02E-06,1.02E-06,EPI,t,
19223,WTEColi12C02,140221_0_OxicWTEcoliGlcM9_Broth-12,OxicWtGlc,Unknown,0,12,phe-L,C9H10NO2-,164,C8H7-,107,0,cps,0,cps,,normMax,1.02E-06,1.02E-06,EPI,t,
19336,WTEColi12C02,140221_0_OxicWTEcoliGlcM9_Broth-7,OxicWtGlc,Unknown,0,7,phe-L,C9H10NO2-,164,C8H7-,107,0,cps,0,cps,,normMax,1.02E-06,1.02E-06,EPI,t,
19503,WTEColi12C02,140221_0_OxicWTEcoliGlcM9_Broth-9,OxicWtGlc,Unknown,0,9,phe-L,C9H10NO2-,164,C8H7-,107,333.3333304,cps,0,cps,,normMax,1.02E-06,1.02E-06,EPI,t,
18998,WTEColi12C02,140221_0_OxicWTEcoliGlcM9_Broth-10,OxicWtGlc,Unknown,0,10,phe-L,C9H10NO2-,164,C8H7-,108,333.3333304,cps,0,cps,,normMax,8.02E-09,8.02E-09,EPI,t,
19111,WTEColi12C02,140221_0_OxicWTEcoliGlcM9_Broth-11-10x,OxicWtGlc,Unknown,0,11,phe-L,C9H10NO2-,164,C8H7-,108,333.3333304,cps,0,cps,,normMax,8.02E-09,8.02E-09,EPI,t,
19224,WTEColi12C02,140221_0_OxicWTEcoliGlcM9_Broth-12,OxicWtGlc,Unknown,0,12,phe-L,C9H10NO2-,164,C8H7-,108,0,cps,0,cps,,normMax,8.02E-09,8.02E-09,EPI,t,
19337,WTEColi12C02,140221_0_OxicWTEcoliGlcM9_Broth-7,OxicWtGlc,Unknown,0,7,phe-L,C9H10NO2-,164,C8H7-,108,666.6666609,cps,0,cps,,normMax,8.02E-09,8.02E-09,EPI,t,
19504,WTEColi12C02,140221_0_OxicWTEcoliGlcM9_Broth-9,OxicWtGlc,Unknown,0,9,phe-L,C9H10NO2-,164,C8H7-,108,333.3333304,cps,0,cps,,normMax,8.02E-09,8.02E-09,EPI,t,
18999,WTEColi12C02,140221_0_OxicWTEcoliGlcM9_Broth-10,OxicWtGlc,Unknown,0,10,phe-L,C9H10NO2-,164,C8H7-,109,333.3333304,cps,0,cps,,normMax,2.64E-11,2.64E-11,EPI,t,
19112,WTEColi12C02,140221_0_OxicWTEcoliGlcM9_Broth-11-10x,OxicWtGlc,Unknown,0,11,phe-L,C9H10NO2-,164,C8H7-,109,0,cps,0,cps,,normMax,2.64E-11,2.64E-11,EPI,t,
19225,WTEColi12C02,140221_0_OxicWTEcoliGlcM9_Broth-12,OxicWtGlc,Unknown,0,12,phe-L,C9H10NO2-,164,C8H7-,109,666.6666609,cps,0,cps,,normMax,2.64E-11,2.64E-11,EPI,t,
19338,WTEColi12C02,140221_0_OxicWTEcoliGlcM9_Broth-7,OxicWtGlc,Unknown,0,7,phe-L,C9H10NO2-,164,C8H7-,109,0,cps,0,cps,,normMax,2.64E-11,2.64E-11,EPI,t,
19505,WTEColi12C02,140221_0_OxicWTEcoliGlcM9_Broth-9,OxicWtGlc,Unknown,0,9,phe-L,C9H10NO2-,164,C8H7-,109,0,cps,0,cps,,normMax,2.64E-11,2.64E-11,EPI,t,
19000,WTEColi12C02,140221_0_OxicWTEcoliGlcM9_Broth-10,OxicWtGlc,Unknown,0,10,phe-L,C9H10NO2-,164,C8H7-,110,0,cps,0,cps,,normMax,0,,EPI,t,
19113,WTEColi12C02,140221_0_OxicWTEcoliGlcM9_Broth-11-10x,OxicWtGlc,Unknown,0,11,phe-L,C9H10NO2-,164,C8H7-,110,0,cps,0,cps,,normMax,0,,EPI,t,
19226,WTEColi12C02,140221_0_OxicWTEcoliGlcM9_Broth-12,OxicWtGlc,Unknown,0,12,phe-L,C9H10NO2-,164,C8H7-,110,0,cps,0,cps,,normMax,0,,EPI,t,
19339,WTEColi12C02,140221_0_OxicWTEcoliGlcM9_Broth-7,OxicWtGlc,Unknown,0,7,phe-L,C9H10NO2-,164,C8H7-,110,0,cps,0,cps,,normMax,0,,EPI,t,
19506,WTEColi12C02,140221_0_OxicWTEcoliGlcM9_Broth-9,OxicWtGlc,Unknown,0,9,phe-L,C9H10NO2-,164,C8H7-,110,0,cps,0,cps,,normMax,0,,EPI,t,
19001,WTEColi12C02,140221_0_OxicWTEcoliGlcM9_Broth-10,OxicWtGlc,Unknown,0,10,phe-L,C9H10NO2-,164,C8H7-,111,0,cps,0,cps,,normMax,0,,EPI,t,
19114,WTEColi12C02,140221_0_OxicWTEcoliGlcM9_Broth-11-10x,OxicWtGlc,Unknown,0,11,phe-L,C9H10NO2-,164,C8H7-,111,0,cps,0,cps,,normMax,0,,EPI,t,
19227,WTEColi12C02,140221_0_OxicWTEcoliGlcM9_Broth-12,OxicWtGlc,Unknown,0,12,phe-L,C9H10NO2-,164,C8H7-,111,0,cps,0,cps,,normMax,0,,EPI,t,
19340,WTEColi12C02,140221_0_OxicWTEcoliGlcM9_Broth-7,OxicWtGlc,Unknown,0,7,phe-L,C9H10NO2-,164,C8H7-,111,0,cps,0,cps,,normMax,0,,EPI,t,
19507,WTEColi12C02,140221_0_OxicWTEcoliGlcM9_Broth-9,OxicWtGlc,Unknown,0,9,phe-L,C9H10NO2-,164,C8H7-,111,0,cps,0,cps,,normMax,0,,EPI,t,
19002,WTEColi12C02,140221_0_OxicWTEcoliGlcM9_Broth-10,OxicWtGlc,Unknown,0,10,phe-L,C9H10NO2-,164,C2H2NO2-,72,6333.333278,cps,5999.999948,cps,1,normMax,1,0,EPI,t,
19115,WTEColi12C02,140221_0_OxicWTEcoliGlcM9_Broth-11-10x,OxicWtGlc,Unknown,0,11,phe-L,C9H10NO2-,164,C2H2NO2-,72,2333.333313,cps,0,cps,,normMax,1,1,EPI,t,
19228,WTEColi12C02,140221_0_OxicWTEcoliGlcM9_Broth-12,OxicWtGlc,Unknown,0,12,phe-L,C9H10NO2-,164,C2H2NO2-,72,4999.999957,cps,4666.666626,cps,1,normMax,1,0,EPI,t,
19341,WTEColi12C02,140221_0_OxicWTEcoliGlcM9_Broth-7,OxicWtGlc,Unknown,0,7,phe-L,C9H10NO2-,164,C2H2NO2-,72,3999.999965,cps,3666.666635,cps,1,normMax,1,0,EPI,t,
19508,WTEColi12C02,140221_0_OxicWTEcoliGlcM9_Broth-9,OxicWtGlc,Unknown,0,9,phe-L,C9H10NO2-,164,C2H2NO2-,72,6333.333278,cps,5999.999948,cps,1,normMax,1,0,EPI,t,
19003,WTEColi12C02,140221_0_OxicWTEcoliGlcM9_Broth-10,OxicWtGlc,Unknown,0,10,phe-L,C9H10NO2-,164,C2H2NO2-,73,666.6666609,cps,0,cps,0,normMax,0.026316927,0.026316927,EPI,t,
19116,WTEColi12C02,140221_0_OxicWTEcoliGlcM9_Broth-11-10x,OxicWtGlc,Unknown,0,11,phe-L,C9H10NO2-,164,C2H2NO2-,73,0,cps,0,cps,,normMax,0.026316927,0.026316927,EPI,t,
19229,WTEColi12C02,140221_0_OxicWTEcoliGlcM9_Broth-12,OxicWtGlc,Unknown,0,12,phe-L,C9H10NO2-,164,C2H2NO2-,73,999.9999913,cps,0,cps,0,normMax,0.026316927,0.026316927,EPI,t,
19342,WTEColi12C02,140221_0_OxicWTEcoliGlcM9_Broth-7,OxicWtGlc,Unknown,0,7,phe-L,C9H10NO2-,164,C2H2NO2-,73,0,cps,0,cps,0,normMax,0.026316927,0.026316927,EPI,t,
19509,WTEColi12C02,140221_0_OxicWTEcoliGlcM9_Broth-9,OxicWtGlc,Unknown,0,9,phe-L,C9H10NO2-,164,C2H2NO2-,73,333.3333304,cps,0,cps,0,normMax,0.026316927,0.026316927,EPI,t,
19004,WTEColi12C02,140221_0_OxicWTEcoliGlcM9_Broth-10,OxicWtGlc,Unknown,0,10,phe-L,C9H10NO2-,164,C2H2NO2-,74,0,cps,0,cps,0,normMax,0.004332318,0.004332318,EPI,t,
19117,WTEColi12C02,140221_0_OxicWTEcoliGlcM9_Broth-11-10x,OxicWtGlc,Unknown,0,11,phe-L,C9H10NO2-,164,C2H2NO2-,74,0,cps,0,cps,,normMax,0.004332318,0.004332318,EPI,t,
19230,WTEColi12C02,140221_0_OxicWTEcoliGlcM9_Broth-12,OxicWtGlc,Unknown,0,12,phe-L,C9H10NO2-,164,C2H2NO2-,74,666.6666609,cps,0,cps,0,normMax,0.004332318,0.004332318,EPI,t,
19343,WTEColi12C02,140221_0_OxicWTEcoliGlcM9_Broth-7,OxicWtGlc,Unknown,0,7,phe-L,C9H10NO2-,164,C2H2NO2-,74,0,cps,0,cps,0,normMax,0.004332318,0.004332318,EPI,t,
19510,WTEColi12C02,140221_0_OxicWTEcoliGlcM9_Broth-9,OxicWtGlc,Unknown,0,9,phe-L,C9H10NO2-,164,C2H2NO2-,74,333.3333304,cps,0,cps,0,normMax,0.004332318,0.004332318,EPI,t,
19059,WTEColi12C02,140221_0_OxicWTEcoliGlcM9_Broth-10,OxicWtGlc,Unknown,0,10,phpyr,C9H7O3-,163,C9H7O3-,163,15528.3332,cps,14881.31932,cps,1,normMax,1,0,EPI,t,
19199,WTEColi12C02,140221_0_OxicWTEcoliGlcM9_Broth-11-10x,OxicWtGlc,Unknown,0,11,phpyr,C9H7O3-,163,C9H7O3-,163,17057.63874,cps,16469.4443,cps,1,normMax,1,0,EPI,t,
19312,WTEColi12C02,140221_0_OxicWTEcoliGlcM9_Broth-12,OxicWtGlc,Unknown,0,12,phpyr,C9H7O3-,163,C9H7O3-,163,14293.12488,cps,13763.74988,cps,1,normMax,1,0,EPI,t,
19398,WTEColi12C02,140221_0_OxicWTEcoliGlcM9_Broth-7,OxicWtGlc,Unknown,0,7,phpyr,C9H7O3-,163,C9H7O3-,163,16881.18041,cps,16469.4443,cps,1,normMax,1,0,EPI,t,
19479,WTEColi12C02,140221_0_OxicWTEcoliGlcM9_Broth-8,OxicWtGlc,Unknown,0,8,phpyr,C9H7O3-,163,C9H7O3-,163,12999.09711,cps,12616.77072,cps,1,normMax,1,0,EPI,t,
19592,WTEColi12C02,140221_0_OxicWTEcoliGlcM9_Broth-9-10x,OxicWtGlc,Unknown,0,9,phpyr,C9H7O3-,163,C9H7O3-,163,15333.3332,cps,14999.99987,cps,1,normMax,1,0,EPI,t,
19060,WTEColi12C02,140221_0_OxicWTEcoliGlcM9_Broth-10,OxicWtGlc,Unknown,0,10,phpyr,C9H7O3-,163,C9H7O3-,164,0,cps,0,cps,0,normMax,0.099289424,0.099289424,EPI,t,
19200,WTEColi12C02,140221_0_OxicWTEcoliGlcM9_Broth-11-10x,OxicWtGlc,Unknown,0,11,phpyr,C9H7O3-,163,C9H7O3-,164,0,cps,0,cps,0,normMax,0.099289424,0.099289424,EPI,t,
19313,WTEColi12C02,140221_0_OxicWTEcoliGlcM9_Broth-12,OxicWtGlc,Unknown,0,12,phpyr,C9H7O3-,163,C9H7O3-,164,0,cps,0,cps,0,normMax,0.099289424,0.099289424,EPI,t,
19399,WTEColi12C02,140221_0_OxicWTEcoliGlcM9_Broth-7,OxicWtGlc,Unknown,0,7,phpyr,C9H7O3-,163,C9H7O3-,164,0,cps,0,cps,0,normMax,0.099289424,0.099289424,EPI,t,
19480,WTEColi12C02,140221_0_OxicWTEcoliGlcM9_Broth-8,OxicWtGlc,Unknown,0,8,phpyr,C9H7O3-,163,C9H7O3-,164,0,cps,0,cps,0,normMax,0.099289424,0.099289424,EPI,t,
19593,WTEColi12C02,140221_0_OxicWTEcoliGlcM9_Broth-9-10x,OxicWtGlc,Unknown,0,9,phpyr,C9H7O3-,163,C9H7O3-,164,0,cps,0,cps,0,normMax,0.099289424,0.099289424,EPI,t,
19061,WTEColi12C02,140221_0_OxicWTEcoliGlcM9_Broth-10,OxicWtGlc,Unknown,0,10,phpyr,C9H7O3-,163,C9H7O3-,165,0,cps,0,cps,0,normMax,0.010567502,0.010567502,EPI,t,
19201,WTEColi12C02,140221_0_OxicWTEcoliGlcM9_Broth-11-10x,OxicWtGlc,Unknown,0,11,phpyr,C9H7O3-,163,C9H7O3-,165,0,cps,0,cps,0,normMax,0.010567502,0.010567502,EPI,t,
19314,WTEColi12C02,140221_0_OxicWTEcoliGlcM9_Broth-12,OxicWtGlc,Unknown,0,12,phpyr,C9H7O3-,163,C9H7O3-,165,0,cps,0,cps,0,normMax,0.010567502,0.010567502,EPI,t,
19400,WTEColi12C02,140221_0_OxicWTEcoliGlcM9_Broth-7,OxicWtGlc,Unknown,0,7,phpyr,C9H7O3-,163,C9H7O3-,165,0,cps,0,cps,0,normMax,0.010567502,0.010567502,EPI,t,
19481,WTEColi12C02,140221_0_OxicWTEcoliGlcM9_Broth-8,OxicWtGlc,Unknown,0,8,phpyr,C9H7O3-,163,C9H7O3-,165,0,cps,0,cps,0,normMax,0.010567502,0.010567502,EPI,t,
19594,WTEColi12C02,140221_0_OxicWTEcoliGlcM9_Broth-9-10x,OxicWtGlc,Unknown,0,9,phpyr,C9H7O3-,163,C9H7O3-,165,0,cps,0,cps,0,normMax,0.010567502,0.010567502,EPI,t,
19062,WTEColi12C02,140221_0_OxicWTEcoliGlcM9_Broth-10,OxicWtGlc,Unknown,0,10,phpyr,C9H7O3-,163,C9H7O3-,166,0,cps,0,cps,0,normMax,0.000724411,0.000724411,EPI,t,
19202,WTEColi12C02,140221_0_OxicWTEcoliGlcM9_Broth-11-10x,OxicWtGlc,Unknown,0,11,phpyr,C9H7O3-,163,C9H7O3-,166,0,cps,0,cps,0,normMax,0.000724411,0.000724411,EPI,t,
19315,WTEColi12C02,140221_0_OxicWTEcoliGlcM9_Broth-12,OxicWtGlc,Unknown,0,12,phpyr,C9H7O3-,163,C9H7O3-,166,0,cps,0,cps,0,normMax,0.000724411,0.000724411,EPI,t,
19401,WTEColi12C02,140221_0_OxicWTEcoliGlcM9_Broth-7,OxicWtGlc,Unknown,0,7,phpyr,C9H7O3-,163,C9H7O3-,166,0,cps,0,cps,0,normMax,0.000724411,0.000724411,EPI,t,
19482,WTEColi12C02,140221_0_OxicWTEcoliGlcM9_Broth-8,OxicWtGlc,Unknown,0,8,phpyr,C9H7O3-,163,C9H7O3-,166,0,cps,0,cps,0,normMax,0.000724411,0.000724411,EPI,t,
19595,WTEColi12C02,140221_0_OxicWTEcoliGlcM9_Broth-9-10x,OxicWtGlc,Unknown,0,9,phpyr,C9H7O3-,163,C9H7O3-,166,0,cps,0,cps,0,normMax,0.000724411,0.000724411,EPI,t,
19063,WTEColi12C02,140221_0_OxicWTEcoliGlcM9_Broth-10,OxicWtGlc,Unknown,0,10,phpyr,C9H7O3-,163,C9H7O3-,167,0,cps,0,cps,0,normMax,4.15E-05,4.15E-05,EPI,t,
19203,WTEColi12C02,140221_0_OxicWTEcoliGlcM9_Broth-11-10x,OxicWtGlc,Unknown,0,11,phpyr,C9H7O3-,163,C9H7O3-,167,0,cps,0,cps,0,normMax,4.15E-05,4.15E-05,EPI,t,
19316,WTEColi12C02,140221_0_OxicWTEcoliGlcM9_Broth-12,OxicWtGlc,Unknown,0,12,phpyr,C9H7O3-,163,C9H7O3-,167,0,cps,0,cps,0,normMax,4.15E-05,4.15E-05,EPI,t,
19402,WTEColi12C02,140221_0_OxicWTEcoliGlcM9_Broth-7,OxicWtGlc,Unknown,0,7,phpyr,C9H7O3-,163,C9H7O3-,167,0,cps,0,cps,0,normMax,4.15E-05,4.15E-05,EPI,t,
19483,WTEColi12C02,140221_0_OxicWTEcoliGlcM9_Broth-8,OxicWtGlc,Unknown,0,8,phpyr,C9H7O3-,163,C9H7O3-,167,0,cps,0,cps,0,normMax,4.15E-05,4.15E-05,EPI,t,
19596,WTEColi12C02,140221_0_OxicWTEcoliGlcM9_Broth-9-10x,OxicWtGlc,Unknown,0,9,phpyr,C9H7O3-,163,C9H7O3-,167,0,cps,0,cps,0,normMax,4.15E-05,4.15E-05,EPI,t,
19064,WTEColi12C02,140221_0_OxicWTEcoliGlcM9_Broth-10,OxicWtGlc,Unknown,0,10,phpyr,C9H7O3-,163,C9H7O3-,168,0,cps,0,cps,0,normMax,1.97E-06,1.97E-06,EPI,t,
19204,WTEColi12C02,140221_0_OxicWTEcoliGlcM9_Broth-11-10x,OxicWtGlc,Unknown,0,11,phpyr,C9H7O3-,163,C9H7O3-,168,0,cps,0,cps,0,normMax,1.97E-06,1.97E-06,EPI,t,
19317,WTEColi12C02,140221_0_OxicWTEcoliGlcM9_Broth-12,OxicWtGlc,Unknown,0,12,phpyr,C9H7O3-,163,C9H7O3-,168,0,cps,0,cps,0,normMax,1.97E-06,1.97E-06,EPI,t,
19403,WTEColi12C02,140221_0_OxicWTEcoliGlcM9_Broth-7,OxicWtGlc,Unknown,0,7,phpyr,C9H7O3-,163,C9H7O3-,168,0,cps,0,cps,0,normMax,1.97E-06,1.97E-06,EPI,t,
19484,WTEColi12C02,140221_0_OxicWTEcoliGlcM9_Broth-8,OxicWtGlc,Unknown,0,8,phpyr,C9H7O3-,163,C9H7O3-,168,0,cps,0,cps,0,normMax,1.97E-06,1.97E-06,EPI,t,
19597,WTEColi12C02,140221_0_OxicWTEcoliGlcM9_Broth-9-10x,OxicWtGlc,Unknown,0,9,phpyr,C9H7O3-,163,C9H7O3-,168,0,cps,0,cps,0,normMax,1.97E-06,1.97E-06,EPI,t,
19065,WTEColi12C02,140221_0_OxicWTEcoliGlcM9_Broth-10,OxicWtGlc,Unknown,0,10,phpyr,C9H7O3-,163,C9H7O3-,169,0,cps,0,cps,0,normMax,7.52E-08,7.52E-08,EPI,t,
19205,WTEColi12C02,140221_0_OxicWTEcoliGlcM9_Broth-11-10x,OxicWtGlc,Unknown,0,11,phpyr,C9H7O3-,163,C9H7O3-,169,0,cps,0,cps,0,normMax,7.52E-08,7.52E-08,EPI,t,
19318,WTEColi12C02,140221_0_OxicWTEcoliGlcM9_Broth-12,OxicWtGlc,Unknown,0,12,phpyr,C9H7O3-,163,C9H7O3-,169,0,cps,0,cps,0,normMax,7.52E-08,7.52E-08,EPI,t,
19404,WTEColi12C02,140221_0_OxicWTEcoliGlcM9_Broth-7,OxicWtGlc,Unknown,0,7,phpyr,C9H7O3-,163,C9H7O3-,169,0,cps,0,cps,0,normMax,7.52E-08,7.52E-08,EPI,t,
19485,WTEColi12C02,140221_0_OxicWTEcoliGlcM9_Broth-8,OxicWtGlc,Unknown,0,8,phpyr,C9H7O3-,163,C9H7O3-,169,0,cps,0,cps,0,normMax,7.52E-08,7.52E-08,EPI,t,
19598,WTEColi12C02,140221_0_OxicWTEcoliGlcM9_Broth-9-10x,OxicWtGlc,Unknown,0,9,phpyr,C9H7O3-,163,C9H7O3-,169,0,cps,0,cps,0,normMax,7.52E-08,7.52E-08,EPI,t,
19066,WTEColi12C02,140221_0_OxicWTEcoliGlcM9_Broth-10,OxicWtGlc,Unknown,0,10,phpyr,C9H7O3-,163,C9H7O3-,170,0,cps,0,cps,0,normMax,1.84E-09,1.84E-09,EPI,t,
19206,WTEColi12C02,140221_0_OxicWTEcoliGlcM9_Broth-11-10x,OxicWtGlc,Unknown,0,11,phpyr,C9H7O3-,163,C9H7O3-,170,0,cps,0,cps,0,normMax,1.84E-09,1.84E-09,EPI,t,
19319,WTEColi12C02,140221_0_OxicWTEcoliGlcM9_Broth-12,OxicWtGlc,Unknown,0,12,phpyr,C9H7O3-,163,C9H7O3-,170,0,cps,0,cps,0,normMax,1.84E-09,1.84E-09,EPI,t,
19405,WTEColi12C02,140221_0_OxicWTEcoliGlcM9_Broth-7,OxicWtGlc,Unknown,0,7,phpyr,C9H7O3-,163,C9H7O3-,170,0,cps,0,cps,0,normMax,1.84E-09,1.84E-09,EPI,t,
19486,WTEColi12C02,140221_0_OxicWTEcoliGlcM9_Broth-8,OxicWtGlc,Unknown,0,8,phpyr,C9H7O3-,163,C9H7O3-,170,0,cps,0,cps,0,normMax,1.84E-09,1.84E-09,EPI,t,
19599,WTEColi12C02,140221_0_OxicWTEcoliGlcM9_Broth-9-10x,OxicWtGlc,Unknown,0,9,phpyr,C9H7O3-,163,C9H7O3-,170,0,cps,0,cps,0,normMax,1.84E-09,1.84E-09,EPI,t,
19067,WTEColi12C02,140221_0_OxicWTEcoliGlcM9_Broth-10,OxicWtGlc,Unknown,0,10,phpyr,C9H7O3-,163,C9H7O3-,171,0,cps,0,cps,0,normMax,5.29E-11,5.29E-11,EPI,t,
19207,WTEColi12C02,140221_0_OxicWTEcoliGlcM9_Broth-11-10x,OxicWtGlc,Unknown,0,11,phpyr,C9H7O3-,163,C9H7O3-,171,0,cps,0,cps,0,normMax,5.29E-11,5.29E-11,EPI,t,
19320,WTEColi12C02,140221_0_OxicWTEcoliGlcM9_Broth-12,OxicWtGlc,Unknown,0,12,phpyr,C9H7O3-,163,C9H7O3-,171,0,cps,0,cps,0,normMax,5.29E-11,5.29E-11,EPI,t,
19406,WTEColi12C02,140221_0_OxicWTEcoliGlcM9_Broth-7,OxicWtGlc,Unknown,0,7,phpyr,C9H7O3-,163,C9H7O3-,171,0,cps,0,cps,0,normMax,5.29E-11,5.29E-11,EPI,t,
19487,WTEColi12C02,140221_0_OxicWTEcoliGlcM9_Broth-8,OxicWtGlc,Unknown,0,8,phpyr,C9H7O3-,163,C9H7O3-,171,0,cps,0,cps,0,normMax,5.29E-11,5.29E-11,EPI,t,
19600,WTEColi12C02,140221_0_OxicWTEcoliGlcM9_Broth-9-10x,OxicWtGlc,Unknown,0,9,phpyr,C9H7O3-,163,C9H7O3-,171,0,cps,0,cps,0,normMax,5.29E-11,5.29E-11,EPI,t,
19068,WTEColi12C02,140221_0_OxicWTEcoliGlcM9_Broth-10,OxicWtGlc,Unknown,0,10,phpyr,C9H7O3-,163,C9H7O3-,172,0,cps,0,cps,0,normMax,0,,EPI,t,
19208,WTEColi12C02,140221_0_OxicWTEcoliGlcM9_Broth-11-10x,OxicWtGlc,Unknown,0,11,phpyr,C9H7O3-,163,C9H7O3-,172,0,cps,0,cps,0,normMax,0,,EPI,t,
19321,WTEColi12C02,140221_0_OxicWTEcoliGlcM9_Broth-12,OxicWtGlc,Unknown,0,12,phpyr,C9H7O3-,163,C9H7O3-,172,0,cps,0,cps,0,normMax,0,,EPI,t,
19407,WTEColi12C02,140221_0_OxicWTEcoliGlcM9_Broth-7,OxicWtGlc,Unknown,0,7,phpyr,C9H7O3-,163,C9H7O3-,172,0,cps,0,cps,0,normMax,0,,EPI,t,
19488,WTEColi12C02,140221_0_OxicWTEcoliGlcM9_Broth-8,OxicWtGlc,Unknown,0,8,phpyr,C9H7O3-,163,C9H7O3-,172,0,cps,0,cps,0,normMax,0,,EPI,t,
19601,WTEColi12C02,140221_0_OxicWTEcoliGlcM9_Broth-9-10x,OxicWtGlc,Unknown,0,9,phpyr,C9H7O3-,163,C9H7O3-,172,0,cps,0,cps,0,normMax,0,,EPI,t,
19042,WTEColi12C02,140221_0_OxicWTEcoliGlcM9_Broth-10,OxicWtGlc,Unknown,0,10,phpyr,C9H7O3-,163,C8H7O,119,32350.69416,cps,31703.68028,cps,1,normMax,1,0,EPI,t,
19182,WTEColi12C02,140221_0_OxicWTEcoliGlcM9_Broth-11-10x,OxicWtGlc,Unknown,0,11,phpyr,C9H7O3-,163,C8H7O,119,49996.52734,cps,49408.3329,cps,1,normMax,1,0,EPI,t,
19295,WTEColi12C02,140221_0_OxicWTEcoliGlcM9_Broth-12,OxicWtGlc,Unknown,0,12,phpyr,C9H7O3-,163,C8H7O,119,32821.24971,cps,32291.87472,cps,1,normMax,1,0,EPI,t,
19381,WTEColi12C02,140221_0_OxicWTEcoliGlcM9_Broth-7,OxicWtGlc,Unknown,0,7,phpyr,C9H7O3-,163,C8H7O,119,51467.01344,cps,51055.27733,cps,1,normMax,1,0,EPI,t,
19462,WTEColi12C02,140221_0_OxicWTEcoliGlcM9_Broth-8,OxicWtGlc,Unknown,0,8,phpyr,C9H7O3-,163,C8H7O,119,31350.76362,cps,30968.43723,cps,1,normMax,1,0,EPI,t,
19575,WTEColi12C02,140221_0_OxicWTEcoliGlcM9_Broth-9-10x,OxicWtGlc,Unknown,0,9,phpyr,C9H7O3-,163,C8H7O,119,36666.66635,cps,36333.33302,cps,1,normMax,1,0,EPI,t,
19043,WTEColi12C02,140221_0_OxicWTEcoliGlcM9_Broth-10,OxicWtGlc,Unknown,0,10,phpyr,C9H7O3-,163,C8H7O,120,647.0138833,cps,0,cps,0,normMax,0.087711845,0.087711845,EPI,t,
19183,WTEColi12C02,140221_0_OxicWTEcoliGlcM9_Broth-11-10x,OxicWtGlc,Unknown,0,11,phpyr,C9H7O3-,163,C8H7O,120,588.1944393,cps,0,cps,0,normMax,0.087711845,0.087711845,EPI,t,
19296,WTEColi12C02,140221_0_OxicWTEcoliGlcM9_Broth-12,OxicWtGlc,Unknown,0,12,phpyr,C9H7O3-,163,C8H7O,120,529.3749954,cps,0,cps,0,normMax,0.087711845,0.087711845,EPI,t,
19382,WTEColi12C02,140221_0_OxicWTEcoliGlcM9_Broth-7,OxicWtGlc,Unknown,0,7,phpyr,C9H7O3-,163,C8H7O,120,823.4722151,cps,0,cps,0,normMax,0.087711845,0.087711845,EPI,t,
19463,WTEColi12C02,140221_0_OxicWTEcoliGlcM9_Broth-8,OxicWtGlc,Unknown,0,8,phpyr,C9H7O3-,163,C8H7O,120,1529.305542,cps,0,cps,0,normMax,0.087711845,0.087711845,EPI,t,
19576,WTEColi12C02,140221_0_OxicWTEcoliGlcM9_Broth-9-10x,OxicWtGlc,Unknown,0,9,phpyr,C9H7O3-,163,C8H7O,120,666.6666609,cps,0,cps,0,normMax,0.087711845,0.087711845,EPI,t,
19044,WTEColi12C02,140221_0_OxicWTEcoliGlcM9_Broth-10,OxicWtGlc,Unknown,0,10,phpyr,C9H7O3-,163,C8H7O,121,1941.04165,cps,0,cps,0,normMax,0.005433639,0.005433639,EPI,t,
19184,WTEColi12C02,140221_0_OxicWTEcoliGlcM9_Broth-11-10x,OxicWtGlc,Unknown,0,11,phpyr,C9H7O3-,163,C8H7O,121,1176.388879,cps,0,cps,0,normMax,0.005433639,0.005433639,EPI,t,
19297,WTEColi12C02,140221_0_OxicWTEcoliGlcM9_Broth-12,OxicWtGlc,Unknown,0,12,phpyr,C9H7O3-,163,C8H7O,121,529.3749954,cps,0,cps,0,normMax,0.005433639,0.005433639,EPI,t,
19383,WTEColi12C02,140221_0_OxicWTEcoliGlcM9_Broth-7,OxicWtGlc,Unknown,0,7,phpyr,C9H7O3-,163,C8H7O,121,1235.208323,cps,0,cps,0,normMax,0.005433639,0.005433639,EPI,t,
19464,WTEColi12C02,140221_0_OxicWTEcoliGlcM9_Broth-8,OxicWtGlc,Unknown,0,8,phpyr,C9H7O3-,163,C8H7O,121,764.6527711,cps,0,cps,0,normMax,0.005433639,0.005433639,EPI,t,
19577,WTEColi12C02,140221_0_OxicWTEcoliGlcM9_Broth-9-10x,OxicWtGlc,Unknown,0,9,phpyr,C9H7O3-,163,C8H7O,121,666.6666609,cps,0,cps,0,normMax,0.005433639,0.005433639,EPI,t,
19045,WTEColi12C02,140221_0_OxicWTEcoliGlcM9_Broth-10,OxicWtGlc,Unknown,0,10,phpyr,C9H7O3-,163,C8H7O,122,0,cps,0,cps,0,normMax,0.000254252,0.000254252,EPI,t,
19185,WTEColi12C02,140221_0_OxicWTEcoliGlcM9_Broth-11-10x,OxicWtGlc,Unknown,0,11,phpyr,C9H7O3-,163,C8H7O,122,0,cps,0,cps,0,normMax,0.000254252,0.000254252,EPI,t,
19298,WTEColi12C02,140221_0_OxicWTEcoliGlcM9_Broth-12,OxicWtGlc,Unknown,0,12,phpyr,C9H7O3-,163,C8H7O,122,0,cps,0,cps,0,normMax,0.000254252,0.000254252,EPI,t,
19384,WTEColi12C02,140221_0_OxicWTEcoliGlcM9_Broth-7,OxicWtGlc,Unknown,0,7,phpyr,C9H7O3-,163,C8H7O,122,0,cps,0,cps,0,normMax,0.000254252,0.000254252,EPI,t,
19465,WTEColi12C02,140221_0_OxicWTEcoliGlcM9_Broth-8,OxicWtGlc,Unknown,0,8,phpyr,C9H7O3-,163,C8H7O,122,0,cps,0,cps,0,normMax,0.000254252,0.000254252,EPI,t,
19578,WTEColi12C02,140221_0_OxicWTEcoliGlcM9_Broth-9-10x,OxicWtGlc,Unknown,0,9,phpyr,C9H7O3-,163,C8H7O,122,0,cps,0,cps,0,normMax,0.000254252,0.000254252,EPI,t,
19046,WTEColi12C02,140221_0_OxicWTEcoliGlcM9_Broth-10,OxicWtGlc,Unknown,0,10,phpyr,C9H7O3-,163,C8H7O,123,0,cps,0,cps,0,normMax,7.92E-06,7.92E-06,EPI,t,
19186,WTEColi12C02,140221_0_OxicWTEcoliGlcM9_Broth-11-10x,OxicWtGlc,Unknown,0,11,phpyr,C9H7O3-,163,C8H7O,123,0,cps,0,cps,0,normMax,7.92E-06,7.92E-06,EPI,t,
19299,WTEColi12C02,140221_0_OxicWTEcoliGlcM9_Broth-12,OxicWtGlc,Unknown,0,12,phpyr,C9H7O3-,163,C8H7O,123,0,cps,0,cps,0,normMax,7.92E-06,7.92E-06,EPI,t,
19385,WTEColi12C02,140221_0_OxicWTEcoliGlcM9_Broth-7,OxicWtGlc,Unknown,0,7,phpyr,C9H7O3-,163,C8H7O,123,411.7361075,cps,0,cps,0,normMax,7.92E-06,7.92E-06,EPI,t,
19466,WTEColi12C02,140221_0_OxicWTEcoliGlcM9_Broth-8,OxicWtGlc,Unknown,0,8,phpyr,C9H7O3-,163,C8H7O,123,0,cps,0,cps,0,normMax,7.92E-06,7.92E-06,EPI,t,
19579,WTEColi12C02,140221_0_OxicWTEcoliGlcM9_Broth-9-10x,OxicWtGlc,Unknown,0,9,phpyr,C9H7O3-,163,C8H7O,123,333.3333304,cps,0,cps,0,normMax,7.92E-06,7.92E-06,EPI,t,
19047,WTEColi12C02,140221_0_OxicWTEcoliGlcM9_Broth-10,OxicWtGlc,Unknown,0,10,phpyr,C9H7O3-,163,C8H7O,124,0,cps,0,cps,0,normMax,1.59E-07,1.59E-07,EPI,t,
19187,WTEColi12C02,140221_0_OxicWTEcoliGlcM9_Broth-11-10x,OxicWtGlc,Unknown,0,11,phpyr,C9H7O3-,163,C8H7O,124,0,cps,0,cps,0,normMax,1.59E-07,1.59E-07,EPI,t,
19300,WTEColi12C02,140221_0_OxicWTEcoliGlcM9_Broth-12,OxicWtGlc,Unknown,0,12,phpyr,C9H7O3-,163,C8H7O,124,0,cps,0,cps,0,normMax,1.59E-07,1.59E-07,EPI,t,
19386,WTEColi12C02,140221_0_OxicWTEcoliGlcM9_Broth-7,OxicWtGlc,Unknown,0,7,phpyr,C9H7O3-,163,C8H7O,124,0,cps,0,cps,0,normMax,1.59E-07,1.59E-07,EPI,t,
19467,WTEColi12C02,140221_0_OxicWTEcoliGlcM9_Broth-8,OxicWtGlc,Unknown,0,8,phpyr,C9H7O3-,163,C8H7O,124,0,cps,0,cps,0,normMax,1.59E-07,1.59E-07,EPI,t,
19580,WTEColi12C02,140221_0_OxicWTEcoliGlcM9_Broth-9-10x,OxicWtGlc,Unknown,0,9,phpyr,C9H7O3-,163,C8H7O,124,0,cps,0,cps,0,normMax,1.59E-07,1.59E-07,EPI,t,
19048,WTEColi12C02,140221_0_OxicWTEcoliGlcM9_Broth-10,OxicWtGlc,Unknown,0,10,phpyr,C9H7O3-,163,C8H7O,125,0,cps,0,cps,0,normMax,2.09E-09,2.09E-09,EPI,t,
19188,WTEColi12C02,140221_0_OxicWTEcoliGlcM9_Broth-11-10x,OxicWtGlc,Unknown,0,11,phpyr,C9H7O3-,163,C8H7O,125,0,cps,0,cps,0,normMax,2.09E-09,2.09E-09,EPI,t,
19301,WTEColi12C02,140221_0_OxicWTEcoliGlcM9_Broth-12,OxicWtGlc,Unknown,0,12,phpyr,C9H7O3-,163,C8H7O,125,0,cps,0,cps,0,normMax,2.09E-09,2.09E-09,EPI,t,
19387,WTEColi12C02,140221_0_OxicWTEcoliGlcM9_Broth-7,OxicWtGlc,Unknown,0,7,phpyr,C9H7O3-,163,C8H7O,125,0,cps,0,cps,0,normMax,2.09E-09,2.09E-09,EPI,t,
19468,WTEColi12C02,140221_0_OxicWTEcoliGlcM9_Broth-8,OxicWtGlc,Unknown,0,8,phpyr,C9H7O3-,163,C8H7O,125,0,cps,0,cps,0,normMax,2.09E-09,2.09E-09,EPI,t,
19581,WTEColi12C02,140221_0_OxicWTEcoliGlcM9_Broth-9-10x,OxicWtGlc,Unknown,0,9,phpyr,C9H7O3-,163,C8H7O,125,0,cps,0,cps,0,normMax,2.09E-09,2.09E-09,EPI,t,
19049,WTEColi12C02,140221_0_OxicWTEcoliGlcM9_Broth-10,OxicWtGlc,Unknown,0,10,phpyr,C9H7O3-,163,C8H7O,126,0,cps,0,cps,0,normMax,1.65E-11,1.65E-11,EPI,t,
19189,WTEColi12C02,140221_0_OxicWTEcoliGlcM9_Broth-11-10x,OxicWtGlc,Unknown,0,11,phpyr,C9H7O3-,163,C8H7O,126,0,cps,0,cps,0,normMax,1.65E-11,1.65E-11,EPI,t,
19302,WTEColi12C02,140221_0_OxicWTEcoliGlcM9_Broth-12,OxicWtGlc,Unknown,0,12,phpyr,C9H7O3-,163,C8H7O,126,0,cps,0,cps,0,normMax,1.65E-11,1.65E-11,EPI,t,
19388,WTEColi12C02,140221_0_OxicWTEcoliGlcM9_Broth-7,OxicWtGlc,Unknown,0,7,phpyr,C9H7O3-,163,C8H7O,126,0,cps,0,cps,0,normMax,1.65E-11,1.65E-11,EPI,t,
19469,WTEColi12C02,140221_0_OxicWTEcoliGlcM9_Broth-8,OxicWtGlc,Unknown,0,8,phpyr,C9H7O3-,163,C8H7O,126,0,cps,0,cps,0,normMax,1.65E-11,1.65E-11,EPI,t,
19582,WTEColi12C02,140221_0_OxicWTEcoliGlcM9_Broth-9-10x,OxicWtGlc,Unknown,0,9,phpyr,C9H7O3-,163,C8H7O,126,666.6666609,cps,0,cps,0,normMax,1.65E-11,1.65E-11,EPI,t,
19050,WTEColi12C02,140221_0_OxicWTEcoliGlcM9_Broth-10,OxicWtGlc,Unknown,0,10,phpyr,C9H7O3-,163,C8H7O,127,0,cps,0,cps,0,normMax,0,,EPI,t,
19190,WTEColi12C02,140221_0_OxicWTEcoliGlcM9_Broth-11-10x,OxicWtGlc,Unknown,0,11,phpyr,C9H7O3-,163,C8H7O,127,588.1944393,cps,0,cps,0,normMax,0,,EPI,t,
19303,WTEColi12C02,140221_0_OxicWTEcoliGlcM9_Broth-12,OxicWtGlc,Unknown,0,12,phpyr,C9H7O3-,163,C8H7O,127,2117.499982,cps,0,cps,0,normMax,0,,EPI,t,
19389,WTEColi12C02,140221_0_OxicWTEcoliGlcM9_Broth-7,OxicWtGlc,Unknown,0,7,phpyr,C9H7O3-,163,C8H7O,127,823.4722151,cps,0,cps,0,normMax,0,,EPI,t,
19470,WTEColi12C02,140221_0_OxicWTEcoliGlcM9_Broth-8,OxicWtGlc,Unknown,0,8,phpyr,C9H7O3-,163,C8H7O,127,0,cps,0,cps,0,normMax,0,,EPI,t,
19583,WTEColi12C02,140221_0_OxicWTEcoliGlcM9_Broth-9-10x,OxicWtGlc,Unknown,0,9,phpyr,C9H7O3-,163,C8H7O,127,0,cps,0,cps,0,normMax,0,,EPI,t,
19054,WTEColi12C02,140221_0_OxicWTEcoliGlcM9_Broth-10,OxicWtGlc,Unknown,0,10,phpyr,C9H7O3-,163,C7H7-,91,0,cps,0,cps,,normMax,1,1,EPI,t,
19194,WTEColi12C02,140221_0_OxicWTEcoliGlcM9_Broth-11-10x,OxicWtGlc,Unknown,0,11,phpyr,C9H7O3-,163,C7H7-,91,2352.777757,cps,0,cps,,normMax,1,1,EPI,t,
19307,WTEColi12C02,140221_0_OxicWTEcoliGlcM9_Broth-12,OxicWtGlc,Unknown,0,12,phpyr,C9H7O3-,163,C7H7-,91,7940.624931,cps,7411.249936,cps,1,normMax,1,0,EPI,t,
19393,WTEColi12C02,140221_0_OxicWTEcoliGlcM9_Broth-7,OxicWtGlc,Unknown,0,7,phpyr,C9H7O3-,163,C7H7-,91,1235.208323,cps,0,cps,,normMax,1,1,EPI,t,
19474,WTEColi12C02,140221_0_OxicWTEcoliGlcM9_Broth-8,OxicWtGlc,Unknown,0,8,phpyr,C9H7O3-,163,C7H7-,91,19880.97205,cps,19498.64566,cps,1,normMax,1,0,EPI,t,
19587,WTEColi12C02,140221_0_OxicWTEcoliGlcM9_Broth-9-10x,OxicWtGlc,Unknown,0,9,phpyr,C9H7O3-,163,C7H7-,91,6333.333278,cps,5999.999948,cps,1,normMax,1,0,EPI,t,
19055,WTEColi12C02,140221_0_OxicWTEcoliGlcM9_Broth-10,OxicWtGlc,Unknown,0,10,phpyr,C9H7O3-,163,C7H7-,92,0,cps,0,cps,,normMax,0.076515191,0.076515191,EPI,t,
19195,WTEColi12C02,140221_0_OxicWTEcoliGlcM9_Broth-11-10x,OxicWtGlc,Unknown,0,11,phpyr,C9H7O3-,163,C7H7-,92,588.1944393,cps,0,cps,,normMax,0.076515191,0.076515191,EPI,t,
19308,WTEColi12C02,140221_0_OxicWTEcoliGlcM9_Broth-12,OxicWtGlc,Unknown,0,12,phpyr,C9H7O3-,163,C7H7-,92,1058.749991,cps,0,cps,0,normMax,0.076515191,0.076515191,EPI,t,
19394,WTEColi12C02,140221_0_OxicWTEcoliGlcM9_Broth-7,OxicWtGlc,Unknown,0,7,phpyr,C9H7O3-,163,C7H7-,92,0,cps,0,cps,,normMax,0.076515191,0.076515191,EPI,t,
19475,WTEColi12C02,140221_0_OxicWTEcoliGlcM9_Broth-8,OxicWtGlc,Unknown,0,8,phpyr,C9H7O3-,163,C7H7-,92,382.3263856,cps,0,cps,0,normMax,0.076515191,0.076515191,EPI,t,
19588,WTEColi12C02,140221_0_OxicWTEcoliGlcM9_Broth-9-10x,OxicWtGlc,Unknown,0,9,phpyr,C9H7O3-,163,C7H7-,92,0,cps,0,cps,0,normMax,0.076515191,0.076515191,EPI,t,
19056,WTEColi12C02,140221_0_OxicWTEcoliGlcM9_Broth-10,OxicWtGlc,Unknown,0,10,phpyr,C9H7O3-,163,C7H7-,93,0,cps,0,cps,,normMax,0.002517811,0.002517811,EPI,t,
19196,WTEColi12C02,140221_0_OxicWTEcoliGlcM9_Broth-11-10x,OxicWtGlc,Unknown,0,11,phpyr,C9H7O3-,163,C7H7-,93,588.1944393,cps,0,cps,,normMax,0.002517811,0.002517811,EPI,t,
19309,WTEColi12C02,140221_0_OxicWTEcoliGlcM9_Broth-12,OxicWtGlc,Unknown,0,12,phpyr,C9H7O3-,163,C7H7-,93,0,cps,0,cps,0,normMax,0.002517811,0.002517811,EPI,t,
19395,WTEColi12C02,140221_0_OxicWTEcoliGlcM9_Broth-7,OxicWtGlc,Unknown,0,7,phpyr,C9H7O3-,163,C7H7-,93,411.7361075,cps,0,cps,,normMax,0.002517811,0.002517811,EPI,t,
19476,WTEColi12C02,140221_0_OxicWTEcoliGlcM9_Broth-8,OxicWtGlc,Unknown,0,8,phpyr,C9H7O3-,163,C7H7-,93,382.3263856,cps,0,cps,0,normMax,0.002517811,0.002517811,EPI,t,
19589,WTEColi12C02,140221_0_OxicWTEcoliGlcM9_Broth-9-10x,OxicWtGlc,Unknown,0,9,phpyr,C9H7O3-,163,C7H7-,93,999.9999913,cps,0,cps,0,normMax,0.002517811,0.002517811,EPI,t,
19057,WTEColi12C02,140221_0_OxicWTEcoliGlcM9_Broth-10,OxicWtGlc,Unknown,0,10,phpyr,C9H7O3-,163,C7H7-,94,0,cps,0,cps,,normMax,4.63E-05,4.63E-05,EPI,t,
19197,WTEColi12C02,140221_0_OxicWTEcoliGlcM9_Broth-11-10x,OxicWtGlc,Unknown,0,11,phpyr,C9H7O3-,163,C7H7-,94,0,cps,0,cps,,normMax,4.63E-05,4.63E-05,EPI,t,
19310,WTEColi12C02,140221_0_OxicWTEcoliGlcM9_Broth-12,OxicWtGlc,Unknown,0,12,phpyr,C9H7O3-,163,C7H7-,94,0,cps,0,cps,0,normMax,4.63E-05,4.63E-05,EPI,t,
19396,WTEColi12C02,140221_0_OxicWTEcoliGlcM9_Broth-7,OxicWtGlc,Unknown,0,7,phpyr,C9H7O3-,163,C7H7-,94,0,cps,0,cps,,normMax,4.63E-05,4.63E-05,EPI,t,
19477,WTEColi12C02,140221_0_OxicWTEcoliGlcM9_Broth-8,OxicWtGlc,Unknown,0,8,phpyr,C9H7O3-,163,C7H7-,94,0,cps,0,cps,0,normMax,4.63E-05,4.63E-05,EPI,t,
19590,WTEColi12C02,140221_0_OxicWTEcoliGlcM9_Broth-9-10x,OxicWtGlc,Unknown,0,9,phpyr,C9H7O3-,163,C7H7-,94,0,cps,0,cps,0,normMax,4.63E-05,4.63E-05,EPI,t,
19058,WTEColi12C02,140221_0_OxicWTEcoliGlcM9_Broth-10,OxicWtGlc,Unknown,0,10,phpyr,C9H7O3-,163,C7H7-,95,0,cps,0,cps,,normMax,5.15E-07,5.15E-07,EPI,t,
19198,WTEColi12C02,140221_0_OxicWTEcoliGlcM9_Broth-11-10x,OxicWtGlc,Unknown,0,11,phpyr,C9H7O3-,163,C7H7-,95,0,cps,0,cps,,normMax,5.15E-07,5.15E-07,EPI,t,
19311,WTEColi12C02,140221_0_OxicWTEcoliGlcM9_Broth-12,OxicWtGlc,Unknown,0,12,phpyr,C9H7O3-,163,C7H7-,95,0,cps,0,cps,0,normMax,5.15E-07,5.15E-07,EPI,t,
19397,WTEColi12C02,140221_0_OxicWTEcoliGlcM9_Broth-7,OxicWtGlc,Unknown,0,7,phpyr,C9H7O3-,163,C7H7-,95,0,cps,0,cps,,normMax,5.15E-07,5.15E-07,EPI,t,
19478,WTEColi12C02,140221_0_OxicWTEcoliGlcM9_Broth-8,OxicWtGlc,Unknown,0,8,phpyr,C9H7O3-,163,C7H7-,95,382.3263856,cps,0,cps,0,normMax,5.15E-07,5.15E-07,EPI,t,
19591,WTEColi12C02,140221_0_OxicWTEcoliGlcM9_Broth-9-10x,OxicWtGlc,Unknown,0,9,phpyr,C9H7O3-,163,C7H7-,95,0,cps,0,cps,0,normMax,5.15E-07,5.15E-07,EPI,t,
19051,WTEColi12C02,140221_0_OxicWTEcoliGlcM9_Broth-10,OxicWtGlc,Unknown,0,10,phpyr,C9H7O3-,163,C7H7-,96,0,cps,0,cps,,normMax,2.45E-09,2.45E-09,EPI,t,
19191,WTEColi12C02,140221_0_OxicWTEcoliGlcM9_Broth-11-10x,OxicWtGlc,Unknown,0,11,phpyr,C9H7O3-,163,C7H7-,96,0,cps,0,cps,,normMax,2.45E-09,2.45E-09,EPI,t,
19304,WTEColi12C02,140221_0_OxicWTEcoliGlcM9_Broth-12,OxicWtGlc,Unknown,0,12,phpyr,C9H7O3-,163,C7H7-,96,0,cps,0,cps,0,normMax,2.45E-09,2.45E-09,EPI,t,
19390,WTEColi12C02,140221_0_OxicWTEcoliGlcM9_Broth-7,OxicWtGlc,Unknown,0,7,phpyr,C9H7O3-,163,C7H7-,96,0,cps,0,cps,,normMax,2.45E-09,2.45E-09,EPI,t,
19471,WTEColi12C02,140221_0_OxicWTEcoliGlcM9_Broth-8,OxicWtGlc,Unknown,0,8,phpyr,C9H7O3-,163,C7H7-,96,0,cps,0,cps,0,normMax,2.45E-09,2.45E-09,EPI,t,
19584,WTEColi12C02,140221_0_OxicWTEcoliGlcM9_Broth-9-10x,OxicWtGlc,Unknown,0,9,phpyr,C9H7O3-,163,C7H7-,96,0,cps,0,cps,0,normMax,2.45E-09,2.45E-09,EPI,t,
19052,WTEColi12C02,140221_0_OxicWTEcoliGlcM9_Broth-10,OxicWtGlc,Unknown,0,10,phpyr,C9H7O3-,163,C7H7-,97,0,cps,0,cps,,normMax,0,,EPI,t,
19192,WTEColi12C02,140221_0_OxicWTEcoliGlcM9_Broth-11-10x,OxicWtGlc,Unknown,0,11,phpyr,C9H7O3-,163,C7H7-,97,0,cps,0,cps,,normMax,0,,EPI,t,
19305,WTEColi12C02,140221_0_OxicWTEcoliGlcM9_Broth-12,OxicWtGlc,Unknown,0,12,phpyr,C9H7O3-,163,C7H7-,97,0,cps,0,cps,0,normMax,0,,EPI,t,
19391,WTEColi12C02,140221_0_OxicWTEcoliGlcM9_Broth-7,OxicWtGlc,Unknown,0,7,phpyr,C9H7O3-,163,C7H7-,97,823.4722151,cps,0,cps,,normMax,0,,EPI,t,
19472,WTEColi12C02,140221_0_OxicWTEcoliGlcM9_Broth-8,OxicWtGlc,Unknown,0,8,phpyr,C9H7O3-,163,C7H7-,97,382.3263856,cps,0,cps,0,normMax,0,,EPI,t,
19585,WTEColi12C02,140221_0_OxicWTEcoliGlcM9_Broth-9-10x,OxicWtGlc,Unknown,0,9,phpyr,C9H7O3-,163,C7H7-,97,0,cps,0,cps,0,normMax,0,,EPI,t,
19053,WTEColi12C02,140221_0_OxicWTEcoliGlcM9_Broth-10,OxicWtGlc,Unknown,0,10,phpyr,C9H7O3-,163,C7H7-,98,0,cps,0,cps,,normMax,0,,EPI,t,
19193,WTEColi12C02,140221_0_OxicWTEcoliGlcM9_Broth-11-10x,OxicWtGlc,Unknown,0,11,phpyr,C9H7O3-,163,C7H7-,98,0,cps,0,cps,,normMax,0,,EPI,t,
19306,WTEColi12C02,140221_0_OxicWTEcoliGlcM9_Broth-12,OxicWtGlc,Unknown,0,12,phpyr,C9H7O3-,163,C7H7-,98,0,cps,0,cps,0,normMax,0,,EPI,t,
19392,WTEColi12C02,140221_0_OxicWTEcoliGlcM9_Broth-7,OxicWtGlc,Unknown,0,7,phpyr,C9H7O3-,163,C7H7-,98,0,cps,0,cps,,normMax,0,,EPI,t,
19473,WTEColi12C02,140221_0_OxicWTEcoliGlcM9_Broth-8,OxicWtGlc,Unknown,0,8,phpyr,C9H7O3-,163,C7H7-,98,0,cps,0,cps,0,normMax,0,,EPI,t,
19586,WTEColi12C02,140221_0_OxicWTEcoliGlcM9_Broth-9-10x,OxicWtGlc,Unknown,0,9,phpyr,C9H7O3-,163,C7H7-,98,0,cps,0,cps,0,normMax,0,,EPI,t,
19086,WTEColi12C02,140221_0_OxicWTEcoliGlcM9_Broth-10-10x,OxicWtGlc,Unknown,0,10,phpyr,C8[13C]H7O3-,164,C9H7O3-,163,0,cps,0,cps,0,normMax,1,1,EPI,t,
19172,WTEColi12C02,140221_0_OxicWTEcoliGlcM9_Broth-11-10x,OxicWtGlc,Unknown,0,11,phpyr,C8[13C]H7O3-,164,C9H7O3-,163,0,cps,0,cps,0,normMax,1,1,EPI,t,
19285,WTEColi12C02,140221_0_OxicWTEcoliGlcM9_Broth-12,OxicWtGlc,Unknown,0,12,phpyr,C8[13C]H7O3-,164,C9H7O3-,163,0,cps,0,cps,0,normMax,1,1,EPI,t,
19371,WTEColi12C02,140221_0_OxicWTEcoliGlcM9_Broth-7,OxicWtGlc,Unknown,0,7,phpyr,C8[13C]H7O3-,164,C9H7O3-,163,0,cps,0,cps,0,normMax,1,1,EPI,t,
19452,WTEColi12C02,140221_0_OxicWTEcoliGlcM9_Broth-8,OxicWtGlc,Unknown,0,8,phpyr,C8[13C]H7O3-,164,C9H7O3-,163,0,cps,0,cps,0,normMax,1,1,EPI,t,
19565,WTEColi12C02,140221_0_OxicWTEcoliGlcM9_Broth-9-10x,OxicWtGlc,Unknown,0,9,phpyr,C8[13C]H7O3-,164,C9H7O3-,163,0,cps,0,cps,0,normMax,1,1,EPI,t,
19087,WTEColi12C02,140221_0_OxicWTEcoliGlcM9_Broth-10-10x,OxicWtGlc,Unknown,0,10,phpyr,C8[13C]H7O3-,164,C9H7O3-,164,31497.81223,cps,30997.84695,cps,1,normMax,0.099289424,0.900710576,EPI,t,
19173,WTEColi12C02,140221_0_OxicWTEcoliGlcM9_Broth-11-10x,OxicWtGlc,Unknown,0,11,phpyr,C8[13C]H7O3-,164,C9H7O3-,164,28821.52753,cps,25939.37477,cps,1,normMax,0.099289424,0.900710576,EPI,t,
19286,WTEColi12C02,140221_0_OxicWTEcoliGlcM9_Broth-12,OxicWtGlc,Unknown,0,12,phpyr,C8[13C]H7O3-,164,C9H7O3-,164,17469.37485,cps,16939.99985,cps,1,normMax,0.099289424,0.900710576,EPI,t,
19372,WTEColi12C02,140221_0_OxicWTEcoliGlcM9_Broth-7,OxicWtGlc,Unknown,0,7,phpyr,C8[13C]H7O3-,164,C9H7O3-,164,18666.6665,cps,18333.33317,cps,1,normMax,0.099289424,0.900710576,EPI,t,
19453,WTEColi12C02,140221_0_OxicWTEcoliGlcM9_Broth-8,OxicWtGlc,Unknown,0,8,phpyr,C8[13C]H7O3-,164,C9H7O3-,164,14822.49987,cps,13587.29155,cps,1,normMax,0.099289424,0.900710576,EPI,t,
19566,WTEColi12C02,140221_0_OxicWTEcoliGlcM9_Broth-9-10x,OxicWtGlc,Unknown,0,9,phpyr,C8[13C]H7O3-,164,C9H7O3-,164,34409.3747,cps,31762.49972,cps,1,normMax,0.099289424,0.900710576,EPI,t,
19088,WTEColi12C02,140221_0_OxicWTEcoliGlcM9_Broth-10-10x,OxicWtGlc,Unknown,0,10,phpyr,C8[13C]H7O3-,164,C9H7O3-,165,1999.861094,cps,0,cps,0,normMax,0.010567502,0.010567502,EPI,t,
19174,WTEColi12C02,140221_0_OxicWTEcoliGlcM9_Broth-11-10x,OxicWtGlc,Unknown,0,11,phpyr,C8[13C]H7O3-,164,C9H7O3-,165,5764.305505,cps,2882.152753,cps,0.111111111,normMax,0.010567502,0.100543609,EPI,t,
19287,WTEColi12C02,140221_0_OxicWTEcoliGlcM9_Broth-12,OxicWtGlc,Unknown,0,12,phpyr,C8[13C]H7O3-,164,C9H7O3-,165,2117.499982,cps,0,cps,0,normMax,0.010567502,0.010567502,EPI,t,
19373,WTEColi12C02,140221_0_OxicWTEcoliGlcM9_Broth-7,OxicWtGlc,Unknown,0,7,phpyr,C8[13C]H7O3-,164,C9H7O3-,165,333.3333304,cps,0,cps,0,normMax,0.010567502,0.010567502,EPI,t,
19454,WTEColi12C02,140221_0_OxicWTEcoliGlcM9_Broth-8,OxicWtGlc,Unknown,0,8,phpyr,C8[13C]H7O3-,164,C9H7O3-,165,0,cps,0,cps,0,normMax,0.010567502,0.010567502,EPI,t,
19567,WTEColi12C02,140221_0_OxicWTEcoliGlcM9_Broth-9-10x,OxicWtGlc,Unknown,0,9,phpyr,C8[13C]H7O3-,164,C9H7O3-,165,0,cps,0,cps,0,normMax,0.010567502,0.010567502,EPI,t,
19089,WTEColi12C02,140221_0_OxicWTEcoliGlcM9_Broth-10-10x,OxicWtGlc,Unknown,0,10,phpyr,C8[13C]H7O3-,164,C9H7O3-,166,0,cps,0,cps,0,normMax,0.000724411,0.000724411,EPI,t,
19175,WTEColi12C02,140221_0_OxicWTEcoliGlcM9_Broth-11-10x,OxicWtGlc,Unknown,0,11,phpyr,C8[13C]H7O3-,164,C9H7O3-,166,0,cps,0,cps,0,normMax,0.000724411,0.000724411,EPI,t,
19288,WTEColi12C02,140221_0_OxicWTEcoliGlcM9_Broth-12,OxicWtGlc,Unknown,0,12,phpyr,C8[13C]H7O3-,164,C9H7O3-,166,0,cps,0,cps,0,normMax,0.000724411,0.000724411,EPI,t,
19374,WTEColi12C02,140221_0_OxicWTEcoliGlcM9_Broth-7,OxicWtGlc,Unknown,0,7,phpyr,C8[13C]H7O3-,164,C9H7O3-,166,0,cps,0,cps,0,normMax,0.000724411,0.000724411,EPI,t,
19455,WTEColi12C02,140221_0_OxicWTEcoliGlcM9_Broth-8,OxicWtGlc,Unknown,0,8,phpyr,C8[13C]H7O3-,164,C9H7O3-,166,0,cps,0,cps,0,normMax,0.000724411,0.000724411,EPI,t,
19568,WTEColi12C02,140221_0_OxicWTEcoliGlcM9_Broth-9-10x,OxicWtGlc,Unknown,0,9,phpyr,C8[13C]H7O3-,164,C9H7O3-,166,0,cps,0,cps,0,normMax,0.000724411,0.000724411,EPI,t,
19090,WTEColi12C02,140221_0_OxicWTEcoliGlcM9_Broth-10-10x,OxicWtGlc,Unknown,0,10,phpyr,C8[13C]H7O3-,164,C9H7O3-,167,0,cps,0,cps,0,normMax,4.15E-05,4.15E-05,EPI,t,
19176,WTEColi12C02,140221_0_OxicWTEcoliGlcM9_Broth-11-10x,OxicWtGlc,Unknown,0,11,phpyr,C8[13C]H7O3-,164,C9H7O3-,167,0,cps,0,cps,0,normMax,4.15E-05,4.15E-05,EPI,t,
19289,WTEColi12C02,140221_0_OxicWTEcoliGlcM9_Broth-12,OxicWtGlc,Unknown,0,12,phpyr,C8[13C]H7O3-,164,C9H7O3-,167,0,cps,0,cps,0,normMax,4.15E-05,4.15E-05,EPI,t,
19375,WTEColi12C02,140221_0_OxicWTEcoliGlcM9_Broth-7,OxicWtGlc,Unknown,0,7,phpyr,C8[13C]H7O3-,164,C9H7O3-,167,0,cps,0,cps,0,normMax,4.15E-05,4.15E-05,EPI,t,
19456,WTEColi12C02,140221_0_OxicWTEcoliGlcM9_Broth-8,OxicWtGlc,Unknown,0,8,phpyr,C8[13C]H7O3-,164,C9H7O3-,167,0,cps,0,cps,0,normMax,4.15E-05,4.15E-05,EPI,t,
19569,WTEColi12C02,140221_0_OxicWTEcoliGlcM9_Broth-9-10x,OxicWtGlc,Unknown,0,9,phpyr,C8[13C]H7O3-,164,C9H7O3-,167,0,cps,0,cps,0,normMax,4.15E-05,4.15E-05,EPI,t,
19091,WTEColi12C02,140221_0_OxicWTEcoliGlcM9_Broth-10-10x,OxicWtGlc,Unknown,0,10,phpyr,C8[13C]H7O3-,164,C9H7O3-,168,0,cps,0,cps,0,normMax,1.97E-06,1.97E-06,EPI,t,
19177,WTEColi12C02,140221_0_OxicWTEcoliGlcM9_Broth-11-10x,OxicWtGlc,Unknown,0,11,phpyr,C8[13C]H7O3-,164,C9H7O3-,168,0,cps,0,cps,0,normMax,1.97E-06,1.97E-06,EPI,t,
19290,WTEColi12C02,140221_0_OxicWTEcoliGlcM9_Broth-12,OxicWtGlc,Unknown,0,12,phpyr,C8[13C]H7O3-,164,C9H7O3-,168,0,cps,0,cps,0,normMax,1.97E-06,1.97E-06,EPI,t,
19376,WTEColi12C02,140221_0_OxicWTEcoliGlcM9_Broth-7,OxicWtGlc,Unknown,0,7,phpyr,C8[13C]H7O3-,164,C9H7O3-,168,0,cps,0,cps,0,normMax,1.97E-06,1.97E-06,EPI,t,
19457,WTEColi12C02,140221_0_OxicWTEcoliGlcM9_Broth-8,OxicWtGlc,Unknown,0,8,phpyr,C8[13C]H7O3-,164,C9H7O3-,168,0,cps,0,cps,0,normMax,1.97E-06,1.97E-06,EPI,t,
19570,WTEColi12C02,140221_0_OxicWTEcoliGlcM9_Broth-9-10x,OxicWtGlc,Unknown,0,9,phpyr,C8[13C]H7O3-,164,C9H7O3-,168,0,cps,0,cps,0,normMax,1.97E-06,1.97E-06,EPI,t,
19092,WTEColi12C02,140221_0_OxicWTEcoliGlcM9_Broth-10-10x,OxicWtGlc,Unknown,0,10,phpyr,C8[13C]H7O3-,164,C9H7O3-,169,0,cps,0,cps,0,normMax,7.52E-08,7.52E-08,EPI,t,
19178,WTEColi12C02,140221_0_OxicWTEcoliGlcM9_Broth-11-10x,OxicWtGlc,Unknown,0,11,phpyr,C8[13C]H7O3-,164,C9H7O3-,169,0,cps,0,cps,0,normMax,7.52E-08,7.52E-08,EPI,t,
19291,WTEColi12C02,140221_0_OxicWTEcoliGlcM9_Broth-12,OxicWtGlc,Unknown,0,12,phpyr,C8[13C]H7O3-,164,C9H7O3-,169,0,cps,0,cps,0,normMax,7.52E-08,7.52E-08,EPI,t,
19377,WTEColi12C02,140221_0_OxicWTEcoliGlcM9_Broth-7,OxicWtGlc,Unknown,0,7,phpyr,C8[13C]H7O3-,164,C9H7O3-,169,0,cps,0,cps,0,normMax,7.52E-08,7.52E-08,EPI,t,
19458,WTEColi12C02,140221_0_OxicWTEcoliGlcM9_Broth-8,OxicWtGlc,Unknown,0,8,phpyr,C8[13C]H7O3-,164,C9H7O3-,169,0,cps,0,cps,0,normMax,7.52E-08,7.52E-08,EPI,t,
19571,WTEColi12C02,140221_0_OxicWTEcoliGlcM9_Broth-9-10x,OxicWtGlc,Unknown,0,9,phpyr,C8[13C]H7O3-,164,C9H7O3-,169,0,cps,0,cps,0,normMax,7.52E-08,7.52E-08,EPI,t,
19093,WTEColi12C02,140221_0_OxicWTEcoliGlcM9_Broth-10-10x,OxicWtGlc,Unknown,0,10,phpyr,C8[13C]H7O3-,164,C9H7O3-,170,0,cps,0,cps,0,normMax,1.84E-09,1.84E-09,EPI,t,
19179,WTEColi12C02,140221_0_OxicWTEcoliGlcM9_Broth-11-10x,OxicWtGlc,Unknown,0,11,phpyr,C8[13C]H7O3-,164,C9H7O3-,170,0,cps,0,cps,0,normMax,1.84E-09,1.84E-09,EPI,t,
19292,WTEColi12C02,140221_0_OxicWTEcoliGlcM9_Broth-12,OxicWtGlc,Unknown,0,12,phpyr,C8[13C]H7O3-,164,C9H7O3-,170,0,cps,0,cps,0,normMax,1.84E-09,1.84E-09,EPI,t,
19378,WTEColi12C02,140221_0_OxicWTEcoliGlcM9_Broth-7,OxicWtGlc,Unknown,0,7,phpyr,C8[13C]H7O3-,164,C9H7O3-,170,0,cps,0,cps,0,normMax,1.84E-09,1.84E-09,EPI,t,
19459,WTEColi12C02,140221_0_OxicWTEcoliGlcM9_Broth-8,OxicWtGlc,Unknown,0,8,phpyr,C8[13C]H7O3-,164,C9H7O3-,170,0,cps,0,cps,0,normMax,1.84E-09,1.84E-09,EPI,t,
19572,WTEColi12C02,140221_0_OxicWTEcoliGlcM9_Broth-9-10x,OxicWtGlc,Unknown,0,9,phpyr,C8[13C]H7O3-,164,C9H7O3-,170,0,cps,0,cps,0,normMax,1.84E-09,1.84E-09,EPI,t,
19094,WTEColi12C02,140221_0_OxicWTEcoliGlcM9_Broth-10-10x,OxicWtGlc,Unknown,0,10,phpyr,C8[13C]H7O3-,164,C9H7O3-,171,0,cps,0,cps,0,normMax,5.29E-11,5.29E-11,EPI,t,
19180,WTEColi12C02,140221_0_OxicWTEcoliGlcM9_Broth-11-10x,OxicWtGlc,Unknown,0,11,phpyr,C8[13C]H7O3-,164,C9H7O3-,171,0,cps,0,cps,0,normMax,5.29E-11,5.29E-11,EPI,t,
19293,WTEColi12C02,140221_0_OxicWTEcoliGlcM9_Broth-12,OxicWtGlc,Unknown,0,12,phpyr,C8[13C]H7O3-,164,C9H7O3-,171,0,cps,0,cps,0,normMax,5.29E-11,5.29E-11,EPI,t,
19379,WTEColi12C02,140221_0_OxicWTEcoliGlcM9_Broth-7,OxicWtGlc,Unknown,0,7,phpyr,C8[13C]H7O3-,164,C9H7O3-,171,0,cps,0,cps,0,normMax,5.29E-11,5.29E-11,EPI,t,
19460,WTEColi12C02,140221_0_OxicWTEcoliGlcM9_Broth-8,OxicWtGlc,Unknown,0,8,phpyr,C8[13C]H7O3-,164,C9H7O3-,171,0,cps,0,cps,0,normMax,5.29E-11,5.29E-11,EPI,t,
19573,WTEColi12C02,140221_0_OxicWTEcoliGlcM9_Broth-9-10x,OxicWtGlc,Unknown,0,9,phpyr,C8[13C]H7O3-,164,C9H7O3-,171,0,cps,0,cps,0,normMax,5.29E-11,5.29E-11,EPI,t,
19095,WTEColi12C02,140221_0_OxicWTEcoliGlcM9_Broth-10-10x,OxicWtGlc,Unknown,0,10,phpyr,C8[13C]H7O3-,164,C9H7O3-,172,0,cps,0,cps,0,normMax,0,,EPI,t,
19181,WTEColi12C02,140221_0_OxicWTEcoliGlcM9_Broth-11-10x,OxicWtGlc,Unknown,0,11,phpyr,C8[13C]H7O3-,164,C9H7O3-,172,0,cps,0,cps,0,normMax,0,,EPI,t,
19294,WTEColi12C02,140221_0_OxicWTEcoliGlcM9_Broth-12,OxicWtGlc,Unknown,0,12,phpyr,C8[13C]H7O3-,164,C9H7O3-,172,0,cps,0,cps,0,normMax,0,,EPI,t,
19380,WTEColi12C02,140221_0_OxicWTEcoliGlcM9_Broth-7,OxicWtGlc,Unknown,0,7,phpyr,C8[13C]H7O3-,164,C9H7O3-,172,0,cps,0,cps,0,normMax,0,,EPI,t,
19461,WTEColi12C02,140221_0_OxicWTEcoliGlcM9_Broth-8,OxicWtGlc,Unknown,0,8,phpyr,C8[13C]H7O3-,164,C9H7O3-,172,0,cps,0,cps,0,normMax,0,,EPI,t,
19574,WTEColi12C02,140221_0_OxicWTEcoliGlcM9_Broth-9-10x,OxicWtGlc,Unknown,0,9,phpyr,C8[13C]H7O3-,164,C9H7O3-,172,0,cps,0,cps,0,normMax,0,,EPI,t,
19069,WTEColi12C02,140221_0_OxicWTEcoliGlcM9_Broth-10-10x,OxicWtGlc,Unknown,0,10,phpyr,C8[13C]H7O3-,164,C8H7O,119,499.9652734,cps,0,cps,0,normMax,1,1,EPI,t,
19155,WTEColi12C02,140221_0_OxicWTEcoliGlcM9_Broth-11-10x,OxicWtGlc,Unknown,0,11,phpyr,C8[13C]H7O3-,164,C8H7O,119,0,cps,0,cps,0,normMax,1,1,EPI,t,
19268,WTEColi12C02,140221_0_OxicWTEcoliGlcM9_Broth-12,OxicWtGlc,Unknown,0,12,phpyr,C8[13C]H7O3-,164,C8H7O,119,0,cps,0,cps,0,normMax,1,1,EPI,t,
19354,WTEColi12C02,140221_0_OxicWTEcoliGlcM9_Broth-7,OxicWtGlc,Unknown,0,7,phpyr,C8[13C]H7O3-,164,C8H7O,119,666.6666609,cps,0,cps,0,normMax,1,1,EPI,t,
19435,WTEColi12C02,140221_0_OxicWTEcoliGlcM9_Broth-8,OxicWtGlc,Unknown,0,8,phpyr,C8[13C]H7O3-,164,C8H7O,119,0,cps,0,cps,0,normMax,1,1,EPI,t,
19548,WTEColi12C02,140221_0_OxicWTEcoliGlcM9_Broth-9-10x,OxicWtGlc,Unknown,0,9,phpyr,C8[13C]H7O3-,164,C8H7O,119,0,cps,0,cps,,normMax,1,1,EPI,t,
19070,WTEColi12C02,140221_0_OxicWTEcoliGlcM9_Broth-10-10x,OxicWtGlc,Unknown,0,10,phpyr,C8[13C]H7O3-,164,C8H7O,120,7999.444375,cps,7499.479101,cps,1,normMax,0.087711845,0.912288155,EPI,t,
19156,WTEColi12C02,140221_0_OxicWTEcoliGlcM9_Broth-11-10x,OxicWtGlc,Unknown,0,11,phpyr,C8[13C]H7O3-,164,C8H7O,120,5764.305505,cps,2882.152753,cps,1,normMax,0.087711845,0.912288155,EPI,t,
19269,WTEColi12C02,140221_0_OxicWTEcoliGlcM9_Broth-12,OxicWtGlc,Unknown,0,12,phpyr,C8[13C]H7O3-,164,C8H7O,120,4764.374959,cps,4234.999963,cps,1,normMax,0.087711845,0.912288155,EPI,t,
19355,WTEColi12C02,140221_0_OxicWTEcoliGlcM9_Broth-7,OxicWtGlc,Unknown,0,7,phpyr,C8[13C]H7O3-,164,C8H7O,120,7666.6666,cps,7333.33327,cps,1,normMax,0.087711845,0.912288155,EPI,t,
19436,WTEColi12C02,140221_0_OxicWTEcoliGlcM9_Broth-8,OxicWtGlc,Unknown,0,8,phpyr,C8[13C]H7O3-,164,C8H7O,120,8646.458258,cps,7411.249936,cps,1,normMax,0.087711845,0.912288155,EPI,t,
19549,WTEColi12C02,140221_0_OxicWTEcoliGlcM9_Broth-9-10x,OxicWtGlc,Unknown,0,9,phpyr,C8[13C]H7O3-,164,C8H7O,120,2646.874977,cps,0,cps,,normMax,0.087711845,0.087711845,EPI,t,
19071,WTEColi12C02,140221_0_OxicWTEcoliGlcM9_Broth-10-10x,OxicWtGlc,Unknown,0,10,phpyr,C8[13C]H7O3-,164,C8H7O,121,499.9652734,cps,0,cps,0,normMax,0.005433639,0.005433639,EPI,t,
19157,WTEColi12C02,140221_0_OxicWTEcoliGlcM9_Broth-11-10x,OxicWtGlc,Unknown,0,11,phpyr,C8[13C]H7O3-,164,C8H7O,121,0,cps,0,cps,0,normMax,0.005433639,0.005433639,EPI,t,
19270,WTEColi12C02,140221_0_OxicWTEcoliGlcM9_Broth-12,OxicWtGlc,Unknown,0,12,phpyr,C8[13C]H7O3-,164,C8H7O,121,0,cps,0,cps,0,normMax,0.005433639,0.005433639,EPI,t,
19356,WTEColi12C02,140221_0_OxicWTEcoliGlcM9_Broth-7,OxicWtGlc,Unknown,0,7,phpyr,C8[13C]H7O3-,164,C8H7O,121,1666.666652,cps,0,cps,0,normMax,0.005433639,0.005433639,EPI,t,
19437,WTEColi12C02,140221_0_OxicWTEcoliGlcM9_Broth-8,OxicWtGlc,Unknown,0,8,phpyr,C8[13C]H7O3-,164,C8H7O,121,4940.83329,cps,3705.624968,cps,0.5,normMax,0.005433639,0.494566361,EPI,t,
19550,WTEColi12C02,140221_0_OxicWTEcoliGlcM9_Broth-9-10x,OxicWtGlc,Unknown,0,9,phpyr,C8[13C]H7O3-,164,C8H7O,121,0,cps,0,cps,,normMax,0.005433639,0.005433639,EPI,t,
19072,WTEColi12C02,140221_0_OxicWTEcoliGlcM9_Broth-10-10x,OxicWtGlc,Unknown,0,10,phpyr,C8[13C]H7O3-,164,C8H7O,122,499.9652734,cps,0,cps,0,normMax,0.000254252,0.000254252,EPI,t,
19158,WTEColi12C02,140221_0_OxicWTEcoliGlcM9_Broth-11-10x,OxicWtGlc,Unknown,0,11,phpyr,C8[13C]H7O3-,164,C8H7O,122,0,cps,0,cps,0,normMax,0.000254252,0.000254252,EPI,t,
19271,WTEColi12C02,140221_0_OxicWTEcoliGlcM9_Broth-12,OxicWtGlc,Unknown,0,12,phpyr,C8[13C]H7O3-,164,C8H7O,122,0,cps,0,cps,0,normMax,0.000254252,0.000254252,EPI,t,
19357,WTEColi12C02,140221_0_OxicWTEcoliGlcM9_Broth-7,OxicWtGlc,Unknown,0,7,phpyr,C8[13C]H7O3-,164,C8H7O,122,666.6666609,cps,0,cps,0,normMax,0.000254252,0.000254252,EPI,t,
19438,WTEColi12C02,140221_0_OxicWTEcoliGlcM9_Broth-8,OxicWtGlc,Unknown,0,8,phpyr,C8[13C]H7O3-,164,C8H7O,122,2470.416645,cps,0,cps,0,normMax,0.000254252,0.000254252,EPI,t,
19551,WTEColi12C02,140221_0_OxicWTEcoliGlcM9_Broth-9-10x,OxicWtGlc,Unknown,0,9,phpyr,C8[13C]H7O3-,164,C8H7O,122,0,cps,0,cps,,normMax,0.000254252,0.000254252,EPI,t,
19073,WTEColi12C02,140221_0_OxicWTEcoliGlcM9_Broth-10-10x,OxicWtGlc,Unknown,0,10,phpyr,C8[13C]H7O3-,164,C8H7O,123,999.9305469,cps,0,cps,0,normMax,7.92E-06,7.92E-06,EPI,t,
19159,WTEColi12C02,140221_0_OxicWTEcoliGlcM9_Broth-11-10x,OxicWtGlc,Unknown,0,11,phpyr,C8[13C]H7O3-,164,C8H7O,123,0,cps,0,cps,0,normMax,7.92E-06,7.92E-06,EPI,t,
19272,WTEColi12C02,140221_0_OxicWTEcoliGlcM9_Broth-12,OxicWtGlc,Unknown,0,12,phpyr,C8[13C]H7O3-,164,C8H7O,123,0,cps,0,cps,0,normMax,7.92E-06,7.92E-06,EPI,t,
19358,WTEColi12C02,140221_0_OxicWTEcoliGlcM9_Broth-7,OxicWtGlc,Unknown,0,7,phpyr,C8[13C]H7O3-,164,C8H7O,123,0,cps,0,cps,0,normMax,7.92E-06,7.92E-06,EPI,t,
19439,WTEColi12C02,140221_0_OxicWTEcoliGlcM9_Broth-8,OxicWtGlc,Unknown,0,8,phpyr,C8[13C]H7O3-,164,C8H7O,123,0,cps,0,cps,0,normMax,7.92E-06,7.92E-06,EPI,t,
19552,WTEColi12C02,140221_0_OxicWTEcoliGlcM9_Broth-9-10x,OxicWtGlc,Unknown,0,9,phpyr,C8[13C]H7O3-,164,C8H7O,123,2646.874977,cps,0,cps,,normMax,7.92E-06,7.92E-06,EPI,t,
19074,WTEColi12C02,140221_0_OxicWTEcoliGlcM9_Broth-10-10x,OxicWtGlc,Unknown,0,10,phpyr,C8[13C]H7O3-,164,C8H7O,124,0,cps,0,cps,0,normMax,1.59E-07,1.59E-07,EPI,t,
19160,WTEColi12C02,140221_0_OxicWTEcoliGlcM9_Broth-11-10x,OxicWtGlc,Unknown,0,11,phpyr,C8[13C]H7O3-,164,C8H7O,124,0,cps,0,cps,0,normMax,1.59E-07,1.59E-07,EPI,t,
19273,WTEColi12C02,140221_0_OxicWTEcoliGlcM9_Broth-12,OxicWtGlc,Unknown,0,12,phpyr,C8[13C]H7O3-,164,C8H7O,124,0,cps,0,cps,0,normMax,1.59E-07,1.59E-07,EPI,t,
19359,WTEColi12C02,140221_0_OxicWTEcoliGlcM9_Broth-7,OxicWtGlc,Unknown,0,7,phpyr,C8[13C]H7O3-,164,C8H7O,124,0,cps,0,cps,0,normMax,1.59E-07,1.59E-07,EPI,t,
19440,WTEColi12C02,140221_0_OxicWTEcoliGlcM9_Broth-8,OxicWtGlc,Unknown,0,8,phpyr,C8[13C]H7O3-,164,C8H7O,124,0,cps,0,cps,0,normMax,1.59E-07,1.59E-07,EPI,t,
19553,WTEColi12C02,140221_0_OxicWTEcoliGlcM9_Broth-9-10x,OxicWtGlc,Unknown,0,9,phpyr,C8[13C]H7O3-,164,C8H7O,124,0,cps,0,cps,,normMax,1.59E-07,1.59E-07,EPI,t,
19075,WTEColi12C02,140221_0_OxicWTEcoliGlcM9_Broth-10-10x,OxicWtGlc,Unknown,0,10,phpyr,C8[13C]H7O3-,164,C8H7O,125,0,cps,0,cps,0,normMax,2.09E-09,2.09E-09,EPI,t,
19161,WTEColi12C02,140221_0_OxicWTEcoliGlcM9_Broth-11-10x,OxicWtGlc,Unknown,0,11,phpyr,C8[13C]H7O3-,164,C8H7O,125,0,cps,0,cps,0,normMax,2.09E-09,2.09E-09,EPI,t,
19274,WTEColi12C02,140221_0_OxicWTEcoliGlcM9_Broth-12,OxicWtGlc,Unknown,0,12,phpyr,C8[13C]H7O3-,164,C8H7O,125,0,cps,0,cps,0,normMax,2.09E-09,2.09E-09,EPI,t,
19360,WTEColi12C02,140221_0_OxicWTEcoliGlcM9_Broth-7,OxicWtGlc,Unknown,0,7,phpyr,C8[13C]H7O3-,164,C8H7O,125,0,cps,0,cps,0,normMax,2.09E-09,2.09E-09,EPI,t,
19441,WTEColi12C02,140221_0_OxicWTEcoliGlcM9_Broth-8,OxicWtGlc,Unknown,0,8,phpyr,C8[13C]H7O3-,164,C8H7O,125,0,cps,0,cps,0,normMax,2.09E-09,2.09E-09,EPI,t,
19554,WTEColi12C02,140221_0_OxicWTEcoliGlcM9_Broth-9-10x,OxicWtGlc,Unknown,0,9,phpyr,C8[13C]H7O3-,164,C8H7O,125,0,cps,0,cps,,normMax,2.09E-09,2.09E-09,EPI,t,
19076,WTEColi12C02,140221_0_OxicWTEcoliGlcM9_Broth-10-10x,OxicWtGlc,Unknown,0,10,phpyr,C8[13C]H7O3-,164,C8H7O,126,0,cps,0,cps,0,normMax,1.65E-11,1.65E-11,EPI,t,
19162,WTEColi12C02,140221_0_OxicWTEcoliGlcM9_Broth-11-10x,OxicWtGlc,Unknown,0,11,phpyr,C8[13C]H7O3-,164,C8H7O,126,0,cps,0,cps,0,normMax,1.65E-11,1.65E-11,EPI,t,
19275,WTEColi12C02,140221_0_OxicWTEcoliGlcM9_Broth-12,OxicWtGlc,Unknown,0,12,phpyr,C8[13C]H7O3-,164,C8H7O,126,0,cps,0,cps,0,normMax,1.65E-11,1.65E-11,EPI,t,
19361,WTEColi12C02,140221_0_OxicWTEcoliGlcM9_Broth-7,OxicWtGlc,Unknown,0,7,phpyr,C8[13C]H7O3-,164,C8H7O,126,0,cps,0,cps,0,normMax,1.65E-11,1.65E-11,EPI,t,
19442,WTEColi12C02,140221_0_OxicWTEcoliGlcM9_Broth-8,OxicWtGlc,Unknown,0,8,phpyr,C8[13C]H7O3-,164,C8H7O,126,1235.208323,cps,0,cps,0,normMax,1.65E-11,1.65E-11,EPI,t,
19555,WTEColi12C02,140221_0_OxicWTEcoliGlcM9_Broth-9-10x,OxicWtGlc,Unknown,0,9,phpyr,C8[13C]H7O3-,164,C8H7O,126,0,cps,0,cps,,normMax,1.65E-11,1.65E-11,EPI,t,
19077,WTEColi12C02,140221_0_OxicWTEcoliGlcM9_Broth-10-10x,OxicWtGlc,Unknown,0,10,phpyr,C8[13C]H7O3-,164,C8H7O,127,0,cps,0,cps,0,normMax,0,,EPI,t,
19163,WTEColi12C02,140221_0_OxicWTEcoliGlcM9_Broth-11-10x,OxicWtGlc,Unknown,0,11,phpyr,C8[13C]H7O3-,164,C8H7O,127,0,cps,0,cps,0,normMax,0,,EPI,t,
19276,WTEColi12C02,140221_0_OxicWTEcoliGlcM9_Broth-12,OxicWtGlc,Unknown,0,12,phpyr,C8[13C]H7O3-,164,C8H7O,127,0,cps,0,cps,0,normMax,0,,EPI,t,
19362,WTEColi12C02,140221_0_OxicWTEcoliGlcM9_Broth-7,OxicWtGlc,Unknown,0,7,phpyr,C8[13C]H7O3-,164,C8H7O,127,0,cps,0,cps,0,normMax,0,,EPI,t,
19443,WTEColi12C02,140221_0_OxicWTEcoliGlcM9_Broth-8,OxicWtGlc,Unknown,0,8,phpyr,C8[13C]H7O3-,164,C8H7O,127,0,cps,0,cps,0,normMax,0,,EPI,t,
19556,WTEColi12C02,140221_0_OxicWTEcoliGlcM9_Broth-9-10x,OxicWtGlc,Unknown,0,9,phpyr,C8[13C]H7O3-,164,C8H7O,127,0,cps,0,cps,,normMax,0,,EPI,t,
19081,WTEColi12C02,140221_0_OxicWTEcoliGlcM9_Broth-10-10x,OxicWtGlc,Unknown,0,10,phpyr,C8[13C]H7O3-,164,C7H7-,91,1499.89582,cps,0,cps,0,normMax,1,1,EPI,t,
19167,WTEColi12C02,140221_0_OxicWTEcoliGlcM9_Broth-11-10x,OxicWtGlc,Unknown,0,11,phpyr,C8[13C]H7O3-,164,C7H7-,91,2882.152753,cps,0,cps,0,normMax,1,1,EPI,t,
19280,WTEColi12C02,140221_0_OxicWTEcoliGlcM9_Broth-12,OxicWtGlc,Unknown,0,12,phpyr,C8[13C]H7O3-,164,C7H7-,91,3705.624968,cps,3176.249972,cps,0.24,normMax,1,0.76,EPI,t,
19366,WTEColi12C02,140221_0_OxicWTEcoliGlcM9_Broth-7,OxicWtGlc,Unknown,0,7,phpyr,C8[13C]H7O3-,164,C7H7-,91,666.6666609,cps,0,cps,0,normMax,1,1,EPI,t,
19447,WTEColi12C02,140221_0_OxicWTEcoliGlcM9_Broth-8,OxicWtGlc,Unknown,0,8,phpyr,C8[13C]H7O3-,164,C7H7-,91,11116.8749,cps,9881.666581,cps,0.235294118,normMax,1,0.764705882,EPI,t,
19560,WTEColi12C02,140221_0_OxicWTEcoliGlcM9_Broth-9-10x,OxicWtGlc,Unknown,0,9,phpyr,C8[13C]H7O3-,164,C7H7-,91,0,cps,0,cps,0,normMax,1,1,EPI,t,
19082,WTEColi12C02,140221_0_OxicWTEcoliGlcM9_Broth-10-10x,OxicWtGlc,Unknown,0,10,phpyr,C8[13C]H7O3-,164,C7H7-,92,2999.791641,cps,2499.826367,cps,1,normMax,0.076515191,0.923484809,EPI,t,
19168,WTEColi12C02,140221_0_OxicWTEcoliGlcM9_Broth-11-10x,OxicWtGlc,Unknown,0,11,phpyr,C8[13C]H7O3-,164,C7H7-,92,17292.91652,cps,14410.76376,cps,1,normMax,0.076515191,0.923484809,EPI,t,
19281,WTEColi12C02,140221_0_OxicWTEcoliGlcM9_Broth-12,OxicWtGlc,Unknown,0,12,phpyr,C8[13C]H7O3-,164,C7H7-,92,13763.74988,cps,13234.37488,cps,1,normMax,0.076515191,0.923484809,EPI,t,
19367,WTEColi12C02,140221_0_OxicWTEcoliGlcM9_Broth-7,OxicWtGlc,Unknown,0,7,phpyr,C8[13C]H7O3-,164,C7H7-,92,3999.999965,cps,3666.666635,cps,1,normMax,0.076515191,0.923484809,EPI,t,
19448,WTEColi12C02,140221_0_OxicWTEcoliGlcM9_Broth-8,OxicWtGlc,Unknown,0,8,phpyr,C8[13C]H7O3-,164,C7H7-,92,43232.29129,cps,41997.08297,cps,1,normMax,0.076515191,0.923484809,EPI,t,
19561,WTEColi12C02,140221_0_OxicWTEcoliGlcM9_Broth-9-10x,OxicWtGlc,Unknown,0,9,phpyr,C8[13C]H7O3-,164,C7H7-,92,5293.749954,cps,2646.874977,cps,1,normMax,0.076515191,0.923484809,EPI,t,
19083,WTEColi12C02,140221_0_OxicWTEcoliGlcM9_Broth-10-10x,OxicWtGlc,Unknown,0,10,phpyr,C8[13C]H7O3-,164,C7H7-,93,0,cps,0,cps,0,normMax,0.002517811,0.002517811,EPI,t,
19169,WTEColi12C02,140221_0_OxicWTEcoliGlcM9_Broth-11-10x,OxicWtGlc,Unknown,0,11,phpyr,C8[13C]H7O3-,164,C7H7-,93,0,cps,0,cps,0,normMax,0.002517811,0.002517811,EPI,t,
19282,WTEColi12C02,140221_0_OxicWTEcoliGlcM9_Broth-12,OxicWtGlc,Unknown,0,12,phpyr,C8[13C]H7O3-,164,C7H7-,93,529.3749954,cps,0,cps,0,normMax,0.002517811,0.002517811,EPI,t,
19368,WTEColi12C02,140221_0_OxicWTEcoliGlcM9_Broth-7,OxicWtGlc,Unknown,0,7,phpyr,C8[13C]H7O3-,164,C7H7-,93,333.3333304,cps,0,cps,0,normMax,0.002517811,0.002517811,EPI,t,
19449,WTEColi12C02,140221_0_OxicWTEcoliGlcM9_Broth-8,OxicWtGlc,Unknown,0,8,phpyr,C8[13C]H7O3-,164,C7H7-,93,0,cps,0,cps,0,normMax,0.002517811,0.002517811,EPI,t,
19562,WTEColi12C02,140221_0_OxicWTEcoliGlcM9_Broth-9-10x,OxicWtGlc,Unknown,0,9,phpyr,C8[13C]H7O3-,164,C7H7-,93,0,cps,0,cps,0,normMax,0.002517811,0.002517811,EPI,t,
19084,WTEColi12C02,140221_0_OxicWTEcoliGlcM9_Broth-10-10x,OxicWtGlc,Unknown,0,10,phpyr,C8[13C]H7O3-,164,C7H7-,94,0,cps,0,cps,0,normMax,4.63E-05,4.63E-05,EPI,t,
19170,WTEColi12C02,140221_0_OxicWTEcoliGlcM9_Broth-11-10x,OxicWtGlc,Unknown,0,11,phpyr,C8[13C]H7O3-,164,C7H7-,94,0,cps,0,cps,0,normMax,4.63E-05,4.63E-05,EPI,t,
19283,WTEColi12C02,140221_0_OxicWTEcoliGlcM9_Broth-12,OxicWtGlc,Unknown,0,12,phpyr,C8[13C]H7O3-,164,C7H7-,94,1058.749991,cps,0,cps,0,normMax,4.63E-05,4.63E-05,EPI,t,
19369,WTEColi12C02,140221_0_OxicWTEcoliGlcM9_Broth-7,OxicWtGlc,Unknown,0,7,phpyr,C8[13C]H7O3-,164,C7H7-,94,0,cps,0,cps,0,normMax,4.63E-05,4.63E-05,EPI,t,
19450,WTEColi12C02,140221_0_OxicWTEcoliGlcM9_Broth-8,OxicWtGlc,Unknown,0,8,phpyr,C8[13C]H7O3-,164,C7H7-,94,0,cps,0,cps,0,normMax,4.63E-05,4.63E-05,EPI,t,
19563,WTEColi12C02,140221_0_OxicWTEcoliGlcM9_Broth-9-10x,OxicWtGlc,Unknown,0,9,phpyr,C8[13C]H7O3-,164,C7H7-,94,0,cps,0,cps,0,normMax,4.63E-05,4.63E-05,EPI,t,
19085,WTEColi12C02,140221_0_OxicWTEcoliGlcM9_Broth-10-10x,OxicWtGlc,Unknown,0,10,phpyr,C8[13C]H7O3-,164,C7H7-,95,0,cps,0,cps,0,normMax,5.15E-07,5.15E-07,EPI,t,
19171,WTEColi12C02,140221_0_OxicWTEcoliGlcM9_Broth-11-10x,OxicWtGlc,Unknown,0,11,phpyr,C8[13C]H7O3-,164,C7H7-,95,0,cps,0,cps,0,normMax,5.15E-07,5.15E-07,EPI,t,
19284,WTEColi12C02,140221_0_OxicWTEcoliGlcM9_Broth-12,OxicWtGlc,Unknown,0,12,phpyr,C8[13C]H7O3-,164,C7H7-,95,529.3749954,cps,0,cps,0,normMax,5.15E-07,5.15E-07,EPI,t,
19370,WTEColi12C02,140221_0_OxicWTEcoliGlcM9_Broth-7,OxicWtGlc,Unknown,0,7,phpyr,C8[13C]H7O3-,164,C7H7-,95,0,cps,0,cps,0,normMax,5.15E-07,5.15E-07,EPI,t,
19451,WTEColi12C02,140221_0_OxicWTEcoliGlcM9_Broth-8,OxicWtGlc,Unknown,0,8,phpyr,C8[13C]H7O3-,164,C7H7-,95,0,cps,0,cps,0,normMax,5.15E-07,5.15E-07,EPI,t,
19564,WTEColi12C02,140221_0_OxicWTEcoliGlcM9_Broth-9-10x,OxicWtGlc,Unknown,0,9,phpyr,C8[13C]H7O3-,164,C7H7-,95,0,cps,0,cps,0,normMax,5.15E-07,5.15E-07,EPI,t,
19078,WTEColi12C02,140221_0_OxicWTEcoliGlcM9_Broth-10-10x,OxicWtGlc,Unknown,0,10,phpyr,C8[13C]H7O3-,164,C7H7-,96,0,cps,0,cps,0,normMax,2.45E-09,2.45E-09,EPI,t,
19164,WTEColi12C02,140221_0_OxicWTEcoliGlcM9_Broth-11-10x,OxicWtGlc,Unknown,0,11,phpyr,C8[13C]H7O3-,164,C7H7-,96,0,cps,0,cps,0,normMax,2.45E-09,2.45E-09,EPI,t,
19277,WTEColi12C02,140221_0_OxicWTEcoliGlcM9_Broth-12,OxicWtGlc,Unknown,0,12,phpyr,C8[13C]H7O3-,164,C7H7-,96,0,cps,0,cps,0,normMax,2.45E-09,2.45E-09,EPI,t,
19363,WTEColi12C02,140221_0_OxicWTEcoliGlcM9_Broth-7,OxicWtGlc,Unknown,0,7,phpyr,C8[13C]H7O3-,164,C7H7-,96,0,cps,0,cps,0,normMax,2.45E-09,2.45E-09,EPI,t,
19444,WTEColi12C02,140221_0_OxicWTEcoliGlcM9_Broth-8,OxicWtGlc,Unknown,0,8,phpyr,C8[13C]H7O3-,164,C7H7-,96,0,cps,0,cps,0,normMax,2.45E-09,2.45E-09,EPI,t,
19557,WTEColi12C02,140221_0_OxicWTEcoliGlcM9_Broth-9-10x,OxicWtGlc,Unknown,0,9,phpyr,C8[13C]H7O3-,164,C7H7-,96,0,cps,0,cps,0,normMax,2.45E-09,2.45E-09,EPI,t,
19079,WTEColi12C02,140221_0_OxicWTEcoliGlcM9_Broth-10-10x,OxicWtGlc,Unknown,0,10,phpyr,C8[13C]H7O3-,164,C7H7-,97,0,cps,0,cps,0,normMax,0,,EPI,t,
19165,WTEColi12C02,140221_0_OxicWTEcoliGlcM9_Broth-11-10x,OxicWtGlc,Unknown,0,11,phpyr,C8[13C]H7O3-,164,C7H7-,97,0,cps,0,cps,0,normMax,0,,EPI,t,
19278,WTEColi12C02,140221_0_OxicWTEcoliGlcM9_Broth-12,OxicWtGlc,Unknown,0,12,phpyr,C8[13C]H7O3-,164,C7H7-,97,0,cps,0,cps,0,normMax,0,,EPI,t,
19364,WTEColi12C02,140221_0_OxicWTEcoliGlcM9_Broth-7,OxicWtGlc,Unknown,0,7,phpyr,C8[13C]H7O3-,164,C7H7-,97,0,cps,0,cps,0,normMax,0,,EPI,t,
19445,WTEColi12C02,140221_0_OxicWTEcoliGlcM9_Broth-8,OxicWtGlc,Unknown,0,8,phpyr,C8[13C]H7O3-,164,C7H7-,97,0,cps,0,cps,0,normMax,0,,EPI,t,
19558,WTEColi12C02,140221_0_OxicWTEcoliGlcM9_Broth-9-10x,OxicWtGlc,Unknown,0,9,phpyr,C8[13C]H7O3-,164,C7H7-,97,0,cps,0,cps,0,normMax,0,,EPI,t,
19080,WTEColi12C02,140221_0_OxicWTEcoliGlcM9_Broth-10-10x,OxicWtGlc,Unknown,0,10,phpyr,C8[13C]H7O3-,164,C7H7-,98,0,cps,0,cps,0,normMax,0,,EPI,t,
19166,WTEColi12C02,140221_0_OxicWTEcoliGlcM9_Broth-11-10x,OxicWtGlc,Unknown,0,11,phpyr,C8[13C]H7O3-,164,C7H7-,98,0,cps,0,cps,0,normMax,0,,EPI,t,
19279,WTEColi12C02,140221_0_OxicWTEcoliGlcM9_Broth-12,OxicWtGlc,Unknown,0,12,phpyr,C8[13C]H7O3-,164,C7H7-,98,0,cps,0,cps,0,normMax,0,,EPI,t,
19365,WTEColi12C02,140221_0_OxicWTEcoliGlcM9_Broth-7,OxicWtGlc,Unknown,0,7,phpyr,C8[13C]H7O3-,164,C7H7-,98,0,cps,0,cps,0,normMax,0,,EPI,t,
19446,WTEColi12C02,140221_0_OxicWTEcoliGlcM9_Broth-8,OxicWtGlc,Unknown,0,8,phpyr,C8[13C]H7O3-,164,C7H7-,98,0,cps,0,cps,0,normMax,0,,EPI,t,
19559,WTEColi12C02,140221_0_OxicWTEcoliGlcM9_Broth-9-10x,OxicWtGlc,Unknown,0,9,phpyr,C8[13C]H7O3-,164,C7H7-,98,0,cps,0,cps,0,normMax,0,,EPI,t,
19032,WTEColi12C02,140221_0_OxicWTEcoliGlcM9_Broth-10,OxicWtGlc,Unknown,0,10,phpyr,C7[13C]2H7O3-,165,C9H7O3-,163,0,cps,0,cps,0,normMax,1,1,EPI,t,
19145,WTEColi12C02,140221_0_OxicWTEcoliGlcM9_Broth-11-10x,OxicWtGlc,Unknown,0,11,phpyr,C7[13C]2H7O3-,165,C9H7O3-,163,0,cps,0,cps,0,normMax,1,1,EPI,t,
19258,WTEColi12C02,140221_0_OxicWTEcoliGlcM9_Broth-12,OxicWtGlc,Unknown,0,12,phpyr,C7[13C]2H7O3-,165,C9H7O3-,163,0,cps,0,cps,0,normMax,1,1,EPI,t,
19425,WTEColi12C02,140221_0_OxicWTEcoliGlcM9_Broth-8,OxicWtGlc,Unknown,0,8,phpyr,C7[13C]2H7O3-,165,C9H7O3-,163,0,cps,0,cps,0,normMax,1,1,EPI,t,
19538,WTEColi12C02,140221_0_OxicWTEcoliGlcM9_Broth-9,OxicWtGlc,Unknown,0,9,phpyr,C7[13C]2H7O3-,165,C9H7O3-,163,0,cps,0,cps,0,normMax,1,1,EPI,t,
19033,WTEColi12C02,140221_0_OxicWTEcoliGlcM9_Broth-10,OxicWtGlc,Unknown,0,10,phpyr,C7[13C]2H7O3-,165,C9H7O3-,164,0,cps,0,cps,0,normMax,0.099289424,0.099289424,EPI,t,
19146,WTEColi12C02,140221_0_OxicWTEcoliGlcM9_Broth-11-10x,OxicWtGlc,Unknown,0,11,phpyr,C7[13C]2H7O3-,165,C9H7O3-,164,0,cps,0,cps,0,normMax,0.099289424,0.099289424,EPI,t,
19259,WTEColi12C02,140221_0_OxicWTEcoliGlcM9_Broth-12,OxicWtGlc,Unknown,0,12,phpyr,C7[13C]2H7O3-,165,C9H7O3-,164,0,cps,0,cps,0,normMax,0.099289424,0.099289424,EPI,t,
19426,WTEColi12C02,140221_0_OxicWTEcoliGlcM9_Broth-8,OxicWtGlc,Unknown,0,8,phpyr,C7[13C]2H7O3-,165,C9H7O3-,164,0,cps,0,cps,0,normMax,0.099289424,0.099289424,EPI,t,
19539,WTEColi12C02,140221_0_OxicWTEcoliGlcM9_Broth-9,OxicWtGlc,Unknown,0,9,phpyr,C7[13C]2H7O3-,165,C9H7O3-,164,0,cps,0,cps,0,normMax,0.099289424,0.099289424,EPI,t,
19034,WTEColi12C02,140221_0_OxicWTEcoliGlcM9_Broth-10,OxicWtGlc,Unknown,0,10,phpyr,C7[13C]2H7O3-,165,C9H7O3-,165,29292.08308,cps,26851.07616,cps,1,normMax,0.010567502,0.989432498,EPI,t,
19147,WTEColi12C02,140221_0_OxicWTEcoliGlcM9_Broth-11-10x,OxicWtGlc,Unknown,0,11,phpyr,C7[13C]2H7O3-,165,C9H7O3-,165,27527.49976,cps,24086.56229,cps,1,normMax,0.010567502,0.989432498,EPI,t,
19260,WTEColi12C02,140221_0_OxicWTEcoliGlcM9_Broth-12,OxicWtGlc,Unknown,0,12,phpyr,C7[13C]2H7O3-,165,C9H7O3-,165,28586.24975,cps,27527.49976,cps,1,normMax,0.010567502,0.989432498,EPI,t,
19427,WTEColi12C02,140221_0_OxicWTEcoliGlcM9_Broth-8,OxicWtGlc,Unknown,0,8,phpyr,C7[13C]2H7O3-,165,C9H7O3-,165,25527.63867,cps,23704.23591,cps,1,normMax,0.010567502,0.989432498,EPI,t,
19540,WTEColi12C02,140221_0_OxicWTEcoliGlcM9_Broth-9,OxicWtGlc,Unknown,0,9,phpyr,C7[13C]2H7O3-,165,C9H7O3-,165,17645.83318,cps,15881.24986,cps,1,normMax,0.010567502,0.989432498,EPI,t,
19035,WTEColi12C02,140221_0_OxicWTEcoliGlcM9_Broth-10,OxicWtGlc,Unknown,0,10,phpyr,C7[13C]2H7O3-,165,C9H7O3-,166,0,cps,0,cps,0,normMax,0.000724411,0.000724411,EPI,t,
19148,WTEColi12C02,140221_0_OxicWTEcoliGlcM9_Broth-11-10x,OxicWtGlc,Unknown,0,11,phpyr,C7[13C]2H7O3-,165,C9H7O3-,166,0,cps,0,cps,0,normMax,0.000724411,0.000724411,EPI,t,
19261,WTEColi12C02,140221_0_OxicWTEcoliGlcM9_Broth-12,OxicWtGlc,Unknown,0,12,phpyr,C7[13C]2H7O3-,165,C9H7O3-,166,0,cps,0,cps,0,normMax,0.000724411,0.000724411,EPI,t,
19428,WTEColi12C02,140221_0_OxicWTEcoliGlcM9_Broth-8,OxicWtGlc,Unknown,0,8,phpyr,C7[13C]2H7O3-,165,C9H7O3-,166,5470.208286,cps,3646.805524,cps,0.153846154,normMax,0.000724411,0.153121743,EPI,t,
19541,WTEColi12C02,140221_0_OxicWTEcoliGlcM9_Broth-9,OxicWtGlc,Unknown,0,9,phpyr,C7[13C]2H7O3-,165,C9H7O3-,166,0,cps,0,cps,0,normMax,0.000724411,0.000724411,EPI,t,
19036,WTEColi12C02,140221_0_OxicWTEcoliGlcM9_Broth-10,OxicWtGlc,Unknown,0,10,phpyr,C7[13C]2H7O3-,165,C9H7O3-,167,0,cps,0,cps,0,normMax,4.15E-05,4.15E-05,EPI,t,
19149,WTEColi12C02,140221_0_OxicWTEcoliGlcM9_Broth-11-10x,OxicWtGlc,Unknown,0,11,phpyr,C7[13C]2H7O3-,165,C9H7O3-,167,0,cps,0,cps,0,normMax,4.15E-05,4.15E-05,EPI,t,
19262,WTEColi12C02,140221_0_OxicWTEcoliGlcM9_Broth-12,OxicWtGlc,Unknown,0,12,phpyr,C7[13C]2H7O3-,165,C9H7O3-,167,0,cps,0,cps,0,normMax,4.15E-05,4.15E-05,EPI,t,
19429,WTEColi12C02,140221_0_OxicWTEcoliGlcM9_Broth-8,OxicWtGlc,Unknown,0,8,phpyr,C7[13C]2H7O3-,165,C9H7O3-,167,0,cps,0,cps,0,normMax,4.15E-05,4.15E-05,EPI,t,
19542,WTEColi12C02,140221_0_OxicWTEcoliGlcM9_Broth-9,OxicWtGlc,Unknown,0,9,phpyr,C7[13C]2H7O3-,165,C9H7O3-,167,0,cps,0,cps,0,normMax,4.15E-05,4.15E-05,EPI,t,
19037,WTEColi12C02,140221_0_OxicWTEcoliGlcM9_Broth-10,OxicWtGlc,Unknown,0,10,phpyr,C7[13C]2H7O3-,165,C9H7O3-,168,0,cps,0,cps,0,normMax,1.97E-06,1.97E-06,EPI,t,
19150,WTEColi12C02,140221_0_OxicWTEcoliGlcM9_Broth-11-10x,OxicWtGlc,Unknown,0,11,phpyr,C7[13C]2H7O3-,165,C9H7O3-,168,0,cps,0,cps,0,normMax,1.97E-06,1.97E-06,EPI,t,
19263,WTEColi12C02,140221_0_OxicWTEcoliGlcM9_Broth-12,OxicWtGlc,Unknown,0,12,phpyr,C7[13C]2H7O3-,165,C9H7O3-,168,0,cps,0,cps,0,normMax,1.97E-06,1.97E-06,EPI,t,
19430,WTEColi12C02,140221_0_OxicWTEcoliGlcM9_Broth-8,OxicWtGlc,Unknown,0,8,phpyr,C7[13C]2H7O3-,165,C9H7O3-,168,0,cps,0,cps,0,normMax,1.97E-06,1.97E-06,EPI,t,
19543,WTEColi12C02,140221_0_OxicWTEcoliGlcM9_Broth-9,OxicWtGlc,Unknown,0,9,phpyr,C7[13C]2H7O3-,165,C9H7O3-,168,0,cps,0,cps,0,normMax,1.97E-06,1.97E-06,EPI,t,
19038,WTEColi12C02,140221_0_OxicWTEcoliGlcM9_Broth-10,OxicWtGlc,Unknown,0,10,phpyr,C7[13C]2H7O3-,165,C9H7O3-,169,0,cps,0,cps,0,normMax,7.52E-08,7.52E-08,EPI,t,
19151,WTEColi12C02,140221_0_OxicWTEcoliGlcM9_Broth-11-10x,OxicWtGlc,Unknown,0,11,phpyr,C7[13C]2H7O3-,165,C9H7O3-,169,0,cps,0,cps,0,normMax,7.52E-08,7.52E-08,EPI,t,
19264,WTEColi12C02,140221_0_OxicWTEcoliGlcM9_Broth-12,OxicWtGlc,Unknown,0,12,phpyr,C7[13C]2H7O3-,165,C9H7O3-,169,0,cps,0,cps,0,normMax,7.52E-08,7.52E-08,EPI,t,
19431,WTEColi12C02,140221_0_OxicWTEcoliGlcM9_Broth-8,OxicWtGlc,Unknown,0,8,phpyr,C7[13C]2H7O3-,165,C9H7O3-,169,0,cps,0,cps,0,normMax,7.52E-08,7.52E-08,EPI,t,
19544,WTEColi12C02,140221_0_OxicWTEcoliGlcM9_Broth-9,OxicWtGlc,Unknown,0,9,phpyr,C7[13C]2H7O3-,165,C9H7O3-,169,0,cps,0,cps,0,normMax,7.52E-08,7.52E-08,EPI,t,
19039,WTEColi12C02,140221_0_OxicWTEcoliGlcM9_Broth-10,OxicWtGlc,Unknown,0,10,phpyr,C7[13C]2H7O3-,165,C9H7O3-,170,0,cps,0,cps,0,normMax,1.84E-09,1.84E-09,EPI,t,
19152,WTEColi12C02,140221_0_OxicWTEcoliGlcM9_Broth-11-10x,OxicWtGlc,Unknown,0,11,phpyr,C7[13C]2H7O3-,165,C9H7O3-,170,0,cps,0,cps,0,normMax,1.84E-09,1.84E-09,EPI,t,
19265,WTEColi12C02,140221_0_OxicWTEcoliGlcM9_Broth-12,OxicWtGlc,Unknown,0,12,phpyr,C7[13C]2H7O3-,165,C9H7O3-,170,0,cps,0,cps,0,normMax,1.84E-09,1.84E-09,EPI,t,
19432,WTEColi12C02,140221_0_OxicWTEcoliGlcM9_Broth-8,OxicWtGlc,Unknown,0,8,phpyr,C7[13C]2H7O3-,165,C9H7O3-,170,0,cps,0,cps,0,normMax,1.84E-09,1.84E-09,EPI,t,
19545,WTEColi12C02,140221_0_OxicWTEcoliGlcM9_Broth-9,OxicWtGlc,Unknown,0,9,phpyr,C7[13C]2H7O3-,165,C9H7O3-,170,0,cps,0,cps,0,normMax,1.84E-09,1.84E-09,EPI,t,
19040,WTEColi12C02,140221_0_OxicWTEcoliGlcM9_Broth-10,OxicWtGlc,Unknown,0,10,phpyr,C7[13C]2H7O3-,165,C9H7O3-,171,0,cps,0,cps,0,normMax,5.29E-11,5.29E-11,EPI,t,
19153,WTEColi12C02,140221_0_OxicWTEcoliGlcM9_Broth-11-10x,OxicWtGlc,Unknown,0,11,phpyr,C7[13C]2H7O3-,165,C9H7O3-,171,0,cps,0,cps,0,normMax,5.29E-11,5.29E-11,EPI,t,
19266,WTEColi12C02,140221_0_OxicWTEcoliGlcM9_Broth-12,OxicWtGlc,Unknown,0,12,phpyr,C7[13C]2H7O3-,165,C9H7O3-,171,0,cps,0,cps,0,normMax,5.29E-11,5.29E-11,EPI,t,
19433,WTEColi12C02,140221_0_OxicWTEcoliGlcM9_Broth-8,OxicWtGlc,Unknown,0,8,phpyr,C7[13C]2H7O3-,165,C9H7O3-,171,0,cps,0,cps,0,normMax,5.29E-11,5.29E-11,EPI,t,
19546,WTEColi12C02,140221_0_OxicWTEcoliGlcM9_Broth-9,OxicWtGlc,Unknown,0,9,phpyr,C7[13C]2H7O3-,165,C9H7O3-,171,0,cps,0,cps,0,normMax,5.29E-11,5.29E-11,EPI,t,
19041,WTEColi12C02,140221_0_OxicWTEcoliGlcM9_Broth-10,OxicWtGlc,Unknown,0,10,phpyr,C7[13C]2H7O3-,165,C9H7O3-,172,0,cps,0,cps,0,normMax,0,,EPI,t,
19154,WTEColi12C02,140221_0_OxicWTEcoliGlcM9_Broth-11-10x,OxicWtGlc,Unknown,0,11,phpyr,C7[13C]2H7O3-,165,C9H7O3-,172,0,cps,0,cps,0,normMax,0,,EPI,t,
19267,WTEColi12C02,140221_0_OxicWTEcoliGlcM9_Broth-12,OxicWtGlc,Unknown,0,12,phpyr,C7[13C]2H7O3-,165,C9H7O3-,172,0,cps,0,cps,0,normMax,0,,EPI,t,
19434,WTEColi12C02,140221_0_OxicWTEcoliGlcM9_Broth-8,OxicWtGlc,Unknown,0,8,phpyr,C7[13C]2H7O3-,165,C9H7O3-,172,0,cps,0,cps,0,normMax,0,,EPI,t,
19547,WTEColi12C02,140221_0_OxicWTEcoliGlcM9_Broth-9,OxicWtGlc,Unknown,0,9,phpyr,C7[13C]2H7O3-,165,C9H7O3-,172,0,cps,0,cps,0,normMax,0,,EPI,t,
19015,WTEColi12C02,140221_0_OxicWTEcoliGlcM9_Broth-10,OxicWtGlc,Unknown,0,10,phpyr,C7[13C]2H7O3-,165,C8H7O,119,4882.013846,cps,2441.006923,cps,0.066666667,normMax,1,0.933333333,EPI,t,
19128,WTEColi12C02,140221_0_OxicWTEcoliGlcM9_Broth-11-10x,OxicWtGlc,Unknown,0,11,phpyr,C7[13C]2H7O3-,165,C8H7O,119,0,cps,0,cps,0,normMax,1,1,EPI,t,
19241,WTEColi12C02,140221_0_OxicWTEcoliGlcM9_Broth-12,OxicWtGlc,Unknown,0,12,phpyr,C7[13C]2H7O3-,165,C8H7O,119,2117.499982,cps,0,cps,0,normMax,1,1,EPI,t,
19408,WTEColi12C02,140221_0_OxicWTEcoliGlcM9_Broth-8,OxicWtGlc,Unknown,0,8,phpyr,C7[13C]2H7O3-,165,C8H7O,119,7293.611048,cps,5470.208286,cps,0.1875,normMax,1,0.8125,EPI,t,
19521,WTEColi12C02,140221_0_OxicWTEcoliGlcM9_Broth-9,OxicWtGlc,Unknown,0,9,phpyr,C7[13C]2H7O3-,165,C8H7O,119,1764.583318,cps,0,cps,0,normMax,1,1,EPI,t,
19016,WTEColi12C02,140221_0_OxicWTEcoliGlcM9_Broth-10,OxicWtGlc,Unknown,0,10,phpyr,C7[13C]2H7O3-,165,C8H7O,120,0,cps,0,cps,0,normMax,0.087711845,0.087711845,EPI,t,
19129,WTEColi12C02,140221_0_OxicWTEcoliGlcM9_Broth-11-10x,OxicWtGlc,Unknown,0,11,phpyr,C7[13C]2H7O3-,165,C8H7O,120,0,cps,0,cps,0,normMax,0.087711845,0.087711845,EPI,t,
19242,WTEColi12C02,140221_0_OxicWTEcoliGlcM9_Broth-12,OxicWtGlc,Unknown,0,12,phpyr,C7[13C]2H7O3-,165,C8H7O,120,0,cps,0,cps,0,normMax,0.087711845,0.087711845,EPI,t,
19409,WTEColi12C02,140221_0_OxicWTEcoliGlcM9_Broth-8,OxicWtGlc,Unknown,0,8,phpyr,C7[13C]2H7O3-,165,C8H7O,120,0,cps,0,cps,0,normMax,0.087711845,0.087711845,EPI,t,
19522,WTEColi12C02,140221_0_OxicWTEcoliGlcM9_Broth-9,OxicWtGlc,Unknown,0,9,phpyr,C7[13C]2H7O3-,165,C8H7O,120,1764.583318,cps,0,cps,0,normMax,0.087711845,0.087711845,EPI,t,
19017,WTEColi12C02,140221_0_OxicWTEcoliGlcM9_Broth-10,OxicWtGlc,Unknown,0,10,phpyr,C7[13C]2H7O3-,165,C8H7O,121,39056.11077,cps,36615.10385,cps,1,normMax,0.005433639,0.994566361,EPI,t,
19130,WTEColi12C02,140221_0_OxicWTEcoliGlcM9_Broth-11-10x,OxicWtGlc,Unknown,0,11,phpyr,C7[13C]2H7O3-,165,C8H7O,121,55054.99952,cps,51614.06205,cps,1,normMax,0.005433639,0.994566361,EPI,t,
19243,WTEColi12C02,140221_0_OxicWTEcoliGlcM9_Broth-12,OxicWtGlc,Unknown,0,12,phpyr,C7[13C]2H7O3-,165,C8H7O,121,32821.24971,cps,31762.49972,cps,1,normMax,0.005433639,0.994566361,EPI,t,
19410,WTEColi12C02,140221_0_OxicWTEcoliGlcM9_Broth-8,OxicWtGlc,Unknown,0,8,phpyr,C7[13C]2H7O3-,165,C8H7O,121,30997.84695,cps,29174.44419,cps,1,normMax,0.005433639,0.994566361,EPI,t,
19523,WTEColi12C02,140221_0_OxicWTEcoliGlcM9_Broth-9,OxicWtGlc,Unknown,0,9,phpyr,C7[13C]2H7O3-,165,C8H7O,121,17645.83318,cps,15881.24986,cps,1,normMax,0.005433639,0.994566361,EPI,t,
19018,WTEColi12C02,140221_0_OxicWTEcoliGlcM9_Broth-10,OxicWtGlc,Unknown,0,10,phpyr,C7[13C]2H7O3-,165,C8H7O,122,2441.006923,cps,0,cps,0,normMax,0.000254252,0.000254252,EPI,t,
19131,WTEColi12C02,140221_0_OxicWTEcoliGlcM9_Broth-11-10x,OxicWtGlc,Unknown,0,11,phpyr,C7[13C]2H7O3-,165,C8H7O,122,0,cps,0,cps,0,normMax,0.000254252,0.000254252,EPI,t,
19244,WTEColi12C02,140221_0_OxicWTEcoliGlcM9_Broth-12,OxicWtGlc,Unknown,0,12,phpyr,C7[13C]2H7O3-,165,C8H7O,122,3176.249972,cps,2117.499982,cps,0.066666667,normMax,0.000254252,0.066412414,EPI,t,
19411,WTEColi12C02,140221_0_OxicWTEcoliGlcM9_Broth-8,OxicWtGlc,Unknown,0,8,phpyr,C7[13C]2H7O3-,165,C8H7O,122,0,cps,0,cps,0,normMax,0.000254252,0.000254252,EPI,t,
19524,WTEColi12C02,140221_0_OxicWTEcoliGlcM9_Broth-9,OxicWtGlc,Unknown,0,9,phpyr,C7[13C]2H7O3-,165,C8H7O,122,1764.583318,cps,0,cps,0,normMax,0.000254252,0.000254252,EPI,t,
19019,WTEColi12C02,140221_0_OxicWTEcoliGlcM9_Broth-10,OxicWtGlc,Unknown,0,10,phpyr,C7[13C]2H7O3-,165,C8H7O,123,2441.006923,cps,0,cps,0,normMax,7.92E-06,7.92E-06,EPI,t,
19132,WTEColi12C02,140221_0_OxicWTEcoliGlcM9_Broth-11-10x,OxicWtGlc,Unknown,0,11,phpyr,C7[13C]2H7O3-,165,C8H7O,123,0,cps,0,cps,0,normMax,7.92E-06,7.92E-06,EPI,t,
19245,WTEColi12C02,140221_0_OxicWTEcoliGlcM9_Broth-12,OxicWtGlc,Unknown,0,12,phpyr,C7[13C]2H7O3-,165,C8H7O,123,0,cps,0,cps,0,normMax,7.92E-06,7.92E-06,EPI,t,
19412,WTEColi12C02,140221_0_OxicWTEcoliGlcM9_Broth-8,OxicWtGlc,Unknown,0,8,phpyr,C7[13C]2H7O3-,165,C8H7O,123,0,cps,0,cps,0,normMax,7.92E-06,7.92E-06,EPI,t,
19525,WTEColi12C02,140221_0_OxicWTEcoliGlcM9_Broth-9,OxicWtGlc,Unknown,0,9,phpyr,C7[13C]2H7O3-,165,C8H7O,123,0,cps,0,cps,0,normMax,7.92E-06,7.92E-06,EPI,t,
19020,WTEColi12C02,140221_0_OxicWTEcoliGlcM9_Broth-10,OxicWtGlc,Unknown,0,10,phpyr,C7[13C]2H7O3-,165,C8H7O,124,0,cps,0,cps,0,normMax,1.59E-07,1.59E-07,EPI,t,
19133,WTEColi12C02,140221_0_OxicWTEcoliGlcM9_Broth-11-10x,OxicWtGlc,Unknown,0,11,phpyr,C7[13C]2H7O3-,165,C8H7O,124,0,cps,0,cps,0,normMax,1.59E-07,1.59E-07,EPI,t,
19246,WTEColi12C02,140221_0_OxicWTEcoliGlcM9_Broth-12,OxicWtGlc,Unknown,0,12,phpyr,C7[13C]2H7O3-,165,C8H7O,124,1058.749991,cps,0,cps,0,normMax,1.59E-07,1.59E-07,EPI,t,
19413,WTEColi12C02,140221_0_OxicWTEcoliGlcM9_Broth-8,OxicWtGlc,Unknown,0,8,phpyr,C7[13C]2H7O3-,165,C8H7O,124,0,cps,0,cps,0,normMax,1.59E-07,1.59E-07,EPI,t,
19526,WTEColi12C02,140221_0_OxicWTEcoliGlcM9_Broth-9,OxicWtGlc,Unknown,0,9,phpyr,C7[13C]2H7O3-,165,C8H7O,124,0,cps,0,cps,0,normMax,1.59E-07,1.59E-07,EPI,t,
19021,WTEColi12C02,140221_0_OxicWTEcoliGlcM9_Broth-10,OxicWtGlc,Unknown,0,10,phpyr,C7[13C]2H7O3-,165,C8H7O,125,0,cps,0,cps,0,normMax,2.09E-09,2.09E-09,EPI,t,
19134,WTEColi12C02,140221_0_OxicWTEcoliGlcM9_Broth-11-10x,OxicWtGlc,Unknown,0,11,phpyr,C7[13C]2H7O3-,165,C8H7O,125,0,cps,0,cps,0,normMax,2.09E-09,2.09E-09,EPI,t,
19247,WTEColi12C02,140221_0_OxicWTEcoliGlcM9_Broth-12,OxicWtGlc,Unknown,0,12,phpyr,C7[13C]2H7O3-,165,C8H7O,125,0,cps,0,cps,0,normMax,2.09E-09,2.09E-09,EPI,t,
19414,WTEColi12C02,140221_0_OxicWTEcoliGlcM9_Broth-8,OxicWtGlc,Unknown,0,8,phpyr,C7[13C]2H7O3-,165,C8H7O,125,0,cps,0,cps,0,normMax,2.09E-09,2.09E-09,EPI,t,
19527,WTEColi12C02,140221_0_OxicWTEcoliGlcM9_Broth-9,OxicWtGlc,Unknown,0,9,phpyr,C7[13C]2H7O3-,165,C8H7O,125,0,cps,0,cps,0,normMax,2.09E-09,2.09E-09,EPI,t,
19022,WTEColi12C02,140221_0_OxicWTEcoliGlcM9_Broth-10,OxicWtGlc,Unknown,0,10,phpyr,C7[13C]2H7O3-,165,C8H7O,126,0,cps,0,cps,0,normMax,1.65E-11,1.65E-11,EPI,t,
19135,WTEColi12C02,140221_0_OxicWTEcoliGlcM9_Broth-11-10x,OxicWtGlc,Unknown,0,11,phpyr,C7[13C]2H7O3-,165,C8H7O,126,0,cps,0,cps,0,normMax,1.65E-11,1.65E-11,EPI,t,
19248,WTEColi12C02,140221_0_OxicWTEcoliGlcM9_Broth-12,OxicWtGlc,Unknown,0,12,phpyr,C7[13C]2H7O3-,165,C8H7O,126,0,cps,0,cps,0,normMax,1.65E-11,1.65E-11,EPI,t,
19415,WTEColi12C02,140221_0_OxicWTEcoliGlcM9_Broth-8,OxicWtGlc,Unknown,0,8,phpyr,C7[13C]2H7O3-,165,C8H7O,126,0,cps,0,cps,0,normMax,1.65E-11,1.65E-11,EPI,t,
19528,WTEColi12C02,140221_0_OxicWTEcoliGlcM9_Broth-9,OxicWtGlc,Unknown,0,9,phpyr,C7[13C]2H7O3-,165,C8H7O,126,0,cps,0,cps,0,normMax,1.65E-11,1.65E-11,EPI,t,
19023,WTEColi12C02,140221_0_OxicWTEcoliGlcM9_Broth-10,OxicWtGlc,Unknown,0,10,phpyr,C7[13C]2H7O3-,165,C8H7O,127,0,cps,0,cps,0,normMax,0,,EPI,t,
19136,WTEColi12C02,140221_0_OxicWTEcoliGlcM9_Broth-11-10x,OxicWtGlc,Unknown,0,11,phpyr,C7[13C]2H7O3-,165,C8H7O,127,0,cps,0,cps,0,normMax,0,,EPI,t,
19249,WTEColi12C02,140221_0_OxicWTEcoliGlcM9_Broth-12,OxicWtGlc,Unknown,0,12,phpyr,C7[13C]2H7O3-,165,C8H7O,127,0,cps,0,cps,0,normMax,0,,EPI,t,
19416,WTEColi12C02,140221_0_OxicWTEcoliGlcM9_Broth-8,OxicWtGlc,Unknown,0,8,phpyr,C7[13C]2H7O3-,165,C8H7O,127,0,cps,0,cps,0,normMax,0,,EPI,t,
19529,WTEColi12C02,140221_0_OxicWTEcoliGlcM9_Broth-9,OxicWtGlc,Unknown,0,9,phpyr,C7[13C]2H7O3-,165,C8H7O,127,0,cps,0,cps,0,normMax,0,,EPI,t,
19027,WTEColi12C02,140221_0_OxicWTEcoliGlcM9_Broth-10,OxicWtGlc,Unknown,0,10,phpyr,C7[13C]2H7O3-,165,C7H7-,91,4882.013846,cps,2441.006923,cps,0.333333333,normMax,1,0.666666667,EPI,t,
19140,WTEColi12C02,140221_0_OxicWTEcoliGlcM9_Broth-11-10x,OxicWtGlc,Unknown,0,11,phpyr,C7[13C]2H7O3-,165,C7H7-,91,3440.93747,cps,0,cps,0,normMax,1,1,EPI,t,
19253,WTEColi12C02,140221_0_OxicWTEcoliGlcM9_Broth-12,OxicWtGlc,Unknown,0,12,phpyr,C7[13C]2H7O3-,165,C7H7-,91,5293.749954,cps,4234.999963,cps,1,normMax,1,0,EPI,t,
19420,WTEColi12C02,140221_0_OxicWTEcoliGlcM9_Broth-8,OxicWtGlc,Unknown,0,8,phpyr,C7[13C]2H7O3-,165,C7H7-,91,9117.01381,cps,7293.611048,cps,1,normMax,1,0,EPI,t,
19533,WTEColi12C02,140221_0_OxicWTEcoliGlcM9_Broth-9,OxicWtGlc,Unknown,0,9,phpyr,C7[13C]2H7O3-,165,C7H7-,91,1764.583318,cps,0,cps,,normMax,1,1,EPI,t,
19028,WTEColi12C02,140221_0_OxicWTEcoliGlcM9_Broth-10,OxicWtGlc,Unknown,0,10,phpyr,C7[13C]2H7O3-,165,C7H7-,92,0,cps,0,cps,0,normMax,0.076515191,0.076515191,EPI,t,
19141,WTEColi12C02,140221_0_OxicWTEcoliGlcM9_Broth-11-10x,OxicWtGlc,Unknown,0,11,phpyr,C7[13C]2H7O3-,165,C7H7-,92,3440.93747,cps,0,cps,0,normMax,0.076515191,0.076515191,EPI,t,
19254,WTEColi12C02,140221_0_OxicWTEcoliGlcM9_Broth-12,OxicWtGlc,Unknown,0,12,phpyr,C7[13C]2H7O3-,165,C7H7-,92,3176.249972,cps,2117.499982,cps,0.5,normMax,0.076515191,0.423484809,EPI,t,
19421,WTEColi12C02,140221_0_OxicWTEcoliGlcM9_Broth-8,OxicWtGlc,Unknown,0,8,phpyr,C7[13C]2H7O3-,165,C7H7-,92,7293.611048,cps,5470.208286,cps,0.75,normMax,0.076515191,0.673484809,EPI,t,
19534,WTEColi12C02,140221_0_OxicWTEcoliGlcM9_Broth-9,OxicWtGlc,Unknown,0,9,phpyr,C7[13C]2H7O3-,165,C7H7-,92,0,cps,0,cps,,normMax,0.076515191,0.076515191,EPI,t,
19029,WTEColi12C02,140221_0_OxicWTEcoliGlcM9_Broth-10,OxicWtGlc,Unknown,0,10,phpyr,C7[13C]2H7O3-,165,C7H7-,93,9764.027693,cps,7323.02077,cps,1,normMax,0.002517811,0.997482189,EPI,t,
19142,WTEColi12C02,140221_0_OxicWTEcoliGlcM9_Broth-11-10x,OxicWtGlc,Unknown,0,11,phpyr,C7[13C]2H7O3-,165,C7H7-,93,6881.87494,cps,3440.93747,cps,1,normMax,0.002517811,0.997482189,EPI,t,
19255,WTEColi12C02,140221_0_OxicWTEcoliGlcM9_Broth-12,OxicWtGlc,Unknown,0,12,phpyr,C7[13C]2H7O3-,165,C7H7-,93,1058.749991,cps,0,cps,0,normMax,0.002517811,0.002517811,EPI,t,
19422,WTEColi12C02,140221_0_OxicWTEcoliGlcM9_Broth-8,OxicWtGlc,Unknown,0,8,phpyr,C7[13C]2H7O3-,165,C7H7-,93,7293.611048,cps,5470.208286,cps,0.75,normMax,0.002517811,0.747482189,EPI,t,
19535,WTEColi12C02,140221_0_OxicWTEcoliGlcM9_Broth-9,OxicWtGlc,Unknown,0,9,phpyr,C7[13C]2H7O3-,165,C7H7-,93,1764.583318,cps,0,cps,,normMax,0.002517811,0.002517811,EPI,t,
19030,WTEColi12C02,140221_0_OxicWTEcoliGlcM9_Broth-10,OxicWtGlc,Unknown,0,10,phpyr,C7[13C]2H7O3-,165,C7H7-,94,0,cps,0,cps,0,normMax,4.63E-05,4.63E-05,EPI,t,
19143,WTEColi12C02,140221_0_OxicWTEcoliGlcM9_Broth-11-10x,OxicWtGlc,Unknown,0,11,phpyr,C7[13C]2H7O3-,165,C7H7-,94,0,cps,0,cps,0,normMax,4.63E-05,4.63E-05,EPI,t,
19256,WTEColi12C02,140221_0_OxicWTEcoliGlcM9_Broth-12,OxicWtGlc,Unknown,0,12,phpyr,C7[13C]2H7O3-,165,C7H7-,94,0,cps,0,cps,0,normMax,4.63E-05,4.63E-05,EPI,t,
19423,WTEColi12C02,140221_0_OxicWTEcoliGlcM9_Broth-8,OxicWtGlc,Unknown,0,8,phpyr,C7[13C]2H7O3-,165,C7H7-,94,0,cps,0,cps,0,normMax,4.63E-05,4.63E-05,EPI,t,
19536,WTEColi12C02,140221_0_OxicWTEcoliGlcM9_Broth-9,OxicWtGlc,Unknown,0,9,phpyr,C7[13C]2H7O3-,165,C7H7-,94,0,cps,0,cps,,normMax,4.63E-05,4.63E-05,EPI,t,
19031,WTEColi12C02,140221_0_OxicWTEcoliGlcM9_Broth-10,OxicWtGlc,Unknown,0,10,phpyr,C7[13C]2H7O3-,165,C7H7-,95,0,cps,0,cps,0,normMax,5.15E-07,5.15E-07,EPI,t,
19144,WTEColi12C02,140221_0_OxicWTEcoliGlcM9_Broth-11-10x,OxicWtGlc,Unknown,0,11,phpyr,C7[13C]2H7O3-,165,C7H7-,95,0,cps,0,cps,0,normMax,5.15E-07,5.15E-07,EPI,t,
19257,WTEColi12C02,140221_0_OxicWTEcoliGlcM9_Broth-12,OxicWtGlc,Unknown,0,12,phpyr,C7[13C]2H7O3-,165,C7H7-,95,2117.499982,cps,0,cps,0,normMax,5.15E-07,5.15E-07,EPI,t,
19424,WTEColi12C02,140221_0_OxicWTEcoliGlcM9_Broth-8,OxicWtGlc,Unknown,0,8,phpyr,C7[13C]2H7O3-,165,C7H7-,95,0,cps,0,cps,0,normMax,5.15E-07,5.15E-07,EPI,t,
19537,WTEColi12C02,140221_0_OxicWTEcoliGlcM9_Broth-9,OxicWtGlc,Unknown,0,9,phpyr,C7[13C]2H7O3-,165,C7H7-,95,0,cps,0,cps,,normMax,5.15E-07,5.15E-07,EPI,t,
19024,WTEColi12C02,140221_0_OxicWTEcoliGlcM9_Broth-10,OxicWtGlc,Unknown,0,10,phpyr,C7[13C]2H7O3-,165,C7H7-,96,0,cps,0,cps,0,normMax,2.45E-09,2.45E-09,EPI,t,
19137,WTEColi12C02,140221_0_OxicWTEcoliGlcM9_Broth-11-10x,OxicWtGlc,Unknown,0,11,phpyr,C7[13C]2H7O3-,165,C7H7-,96,0,cps,0,cps,0,normMax,2.45E-09,2.45E-09,EPI,t,
19250,WTEColi12C02,140221_0_OxicWTEcoliGlcM9_Broth-12,OxicWtGlc,Unknown,0,12,phpyr,C7[13C]2H7O3-,165,C7H7-,96,0,cps,0,cps,0,normMax,2.45E-09,2.45E-09,EPI,t,
19417,WTEColi12C02,140221_0_OxicWTEcoliGlcM9_Broth-8,OxicWtGlc,Unknown,0,8,phpyr,C7[13C]2H7O3-,165,C7H7-,96,0,cps,0,cps,0,normMax,2.45E-09,2.45E-09,EPI,t,
19530,WTEColi12C02,140221_0_OxicWTEcoliGlcM9_Broth-9,OxicWtGlc,Unknown,0,9,phpyr,C7[13C]2H7O3-,165,C7H7-,96,0,cps,0,cps,,normMax,2.45E-09,2.45E-09,EPI,t,
19025,WTEColi12C02,140221_0_OxicWTEcoliGlcM9_Broth-10,OxicWtGlc,Unknown,0,10,phpyr,C7[13C]2H7O3-,165,C7H7-,97,0,cps,0,cps,0,normMax,0,,EPI,t,
19138,WTEColi12C02,140221_0_OxicWTEcoliGlcM9_Broth-11-10x,OxicWtGlc,Unknown,0,11,phpyr,C7[13C]2H7O3-,165,C7H7-,97,0,cps,0,cps,0,normMax,0,,EPI,t,
19251,WTEColi12C02,140221_0_OxicWTEcoliGlcM9_Broth-12,OxicWtGlc,Unknown,0,12,phpyr,C7[13C]2H7O3-,165,C7H7-,97,0,cps,0,cps,0,normMax,0,,EPI,t,
19418,WTEColi12C02,140221_0_OxicWTEcoliGlcM9_Broth-8,OxicWtGlc,Unknown,0,8,phpyr,C7[13C]2H7O3-,165,C7H7-,97,0,cps,0,cps,0,normMax,0,,EPI,t,
19531,WTEColi12C02,140221_0_OxicWTEcoliGlcM9_Broth-9,OxicWtGlc,Unknown,0,9,phpyr,C7[13C]2H7O3-,165,C7H7-,97,0,cps,0,cps,,normMax,0,,EPI,t,
19026,WTEColi12C02,140221_0_OxicWTEcoliGlcM9_Broth-10,OxicWtGlc,Unknown,0,10,phpyr,C7[13C]2H7O3-,165,C7H7-,98,0,cps,0,cps,0,normMax,0,,EPI,t,
19139,WTEColi12C02,140221_0_OxicWTEcoliGlcM9_Broth-11-10x,OxicWtGlc,Unknown,0,11,phpyr,C7[13C]2H7O3-,165,C7H7-,98,0,cps,0,cps,0,normMax,0,,EPI,t,
19252,WTEColi12C02,140221_0_OxicWTEcoliGlcM9_Broth-12,OxicWtGlc,Unknown,0,12,phpyr,C7[13C]2H7O3-,165,C7H7-,98,0,cps,0,cps,0,normMax,0,,EPI,t,
19419,WTEColi12C02,140221_0_OxicWTEcoliGlcM9_Broth-8,OxicWtGlc,Unknown,0,8,phpyr,C7[13C]2H7O3-,165,C7H7-,98,0,cps,0,cps,0,normMax,0,,EPI,t,
19532,WTEColi12C02,140221_0_OxicWTEcoliGlcM9_Broth-9,OxicWtGlc,Unknown,0,9,phpyr,C7[13C]2H7O3-,165,C7H7-,98,0,cps,0,cps,,normMax,0,,EPI,t,
