ms_method_id,q1_mass,q3_mass,met_id,component_name,ms_methodtype
140509_McCloskey2013_13CFlux,264.9514445,176.9354005,23dpg,23dpg.23dpg_m0-0,isotopomer_13C
140509_McCloskey2013_13CFlux,265.9547993,176.9354005,23dpg,23dpg.23dpg_m1-0,isotopomer_13C
140509_McCloskey2013_13CFlux,266.9581541,176.9354005,23dpg,23dpg.23dpg_m2-0,isotopomer_13C
140509_McCloskey2013_13CFlux,267.961509,176.9354005,23dpg,23dpg.23dpg_m3-0,isotopomer_13C
140509_McCloskey2013_13CFlux,275.0168081,96.96907006,6pgc,6pgc.6pgc_m0-0,isotopomer_13C
140509_McCloskey2013_13CFlux,276.020163,96.96907006,6pgc,6pgc.6pgc_m1-0,isotopomer_13C
140509_McCloskey2013_13CFlux,277.0235178,96.96907006,6pgc,6pgc.6pgc_m2-0,isotopomer_13C
140509_McCloskey2013_13CFlux,278.0268726,96.96907006,6pgc,6pgc.6pgc_m3-0,isotopomer_13C
140509_McCloskey2013_13CFlux,279.0302275,96.96907006,6pgc,6pgc.6pgc_m4-0,isotopomer_13C
140509_McCloskey2013_13CFlux,280.0335823,96.96907006,6pgc,6pgc.6pgc_m5-0,isotopomer_13C
140509_McCloskey2013_13CFlux,281.0369371,96.96907006,6pgc,6pgc.6pgc_m6-0,isotopomer_13C
140509_McCloskey2013_13CFlux,808.117948,78.95850538,accoa,accoa.accoa_m0-0,isotopomer_13C
140509_McCloskey2013_13CFlux,809.1213029,78.95850538,accoa,accoa.accoa_m1-0,isotopomer_13C
140509_McCloskey2013_13CFlux,818.1514964,78.95850538,accoa,accoa.accoa_m10-0,isotopomer_13C
140509_McCloskey2013_13CFlux,819.1548512,78.95850538,accoa,accoa.accoa_m11-0,isotopomer_13C
140509_McCloskey2013_13CFlux,820.1582061,78.95850538,accoa,accoa.accoa_m12-0,isotopomer_13C
140509_McCloskey2013_13CFlux,821.1615609,78.95850538,accoa,accoa.accoa_m13-0,isotopomer_13C
140509_McCloskey2013_13CFlux,822.1649157,78.95850538,accoa,accoa.accoa_m14-0,isotopomer_13C
140509_McCloskey2013_13CFlux,823.1682706,78.95850538,accoa,accoa.accoa_m15-0,isotopomer_13C
140509_McCloskey2013_13CFlux,824.1716254,78.95850538,accoa,accoa.accoa_m16-0,isotopomer_13C
140509_McCloskey2013_13CFlux,825.1749803,78.95850538,accoa,accoa.accoa_m17-0,isotopomer_13C
140509_McCloskey2013_13CFlux,826.1783351,78.95850538,accoa,accoa.accoa_m18-0,isotopomer_13C
140509_McCloskey2013_13CFlux,827.1816899,78.95850538,accoa,accoa.accoa_m19-0,isotopomer_13C
140509_McCloskey2013_13CFlux,810.1246577,78.95850538,accoa,accoa.accoa_m2-0,isotopomer_13C
140509_McCloskey2013_13CFlux,828.1850448,78.95850538,accoa,accoa.accoa_m20-0,isotopomer_13C
140509_McCloskey2013_13CFlux,829.1883996,78.95850538,accoa,accoa.accoa_m21-0,isotopomer_13C
140509_McCloskey2013_13CFlux,830.1917545,78.95850538,accoa,accoa.accoa_m22-0,isotopomer_13C
140509_McCloskey2013_13CFlux,831.1951093,78.95850538,accoa,accoa.accoa_m23-0,isotopomer_13C
140509_McCloskey2013_13CFlux,811.1280125,78.95850538,accoa,accoa.accoa_m3-0,isotopomer_13C
140509_McCloskey2013_13CFlux,812.1313674,78.95850538,accoa,accoa.accoa_m4-0,isotopomer_13C
140509_McCloskey2013_13CFlux,813.1347222,78.95850538,accoa,accoa.accoa_m5-0,isotopomer_13C
140509_McCloskey2013_13CFlux,814.138077,78.95850538,accoa,accoa.accoa_m6-0,isotopomer_13C
140509_McCloskey2013_13CFlux,815.1414319,78.95850538,accoa,accoa.accoa_m7-0,isotopomer_13C
140509_McCloskey2013_13CFlux,816.1447867,78.95850538,accoa,accoa.accoa_m8-0,isotopomer_13C
140509_McCloskey2013_13CFlux,817.1481416,78.95850538,accoa,accoa.accoa_m9-0,isotopomer_13C
140509_McCloskey2013_13CFlux,173.0086129,129.0187836,acon-C,acon-C.acon-C_m0-0,isotopomer_13C
140509_McCloskey2013_13CFlux,174.0119677,129.0187836,acon-C,acon-C.acon-C_m1-0,isotopomer_13C
140509_McCloskey2013_13CFlux,174.0119677,130.0221385,acon-C,acon-C.acon-C_m1-1,isotopomer_13C
140509_McCloskey2013_13CFlux,175.0153226,130.0221385,acon-C,acon-C.acon-C_m2-1,isotopomer_13C
140509_McCloskey2013_13CFlux,175.0153226,131.0254933,acon-C,acon-C.acon-C_m2-2,isotopomer_13C
140509_McCloskey2013_13CFlux,176.0186774,131.0254933,acon-C,acon-C.acon-C_m3-2,isotopomer_13C
140509_McCloskey2013_13CFlux,176.0186774,132.0288482,acon-C,acon-C.acon-C_m3-3,isotopomer_13C
140509_McCloskey2013_13CFlux,177.0220322,132.0288482,acon-C,acon-C.acon-C_m4-3,isotopomer_13C
140509_McCloskey2013_13CFlux,177.0220322,133.032203,acon-C,acon-C.acon-C_m4-4,isotopomer_13C
140509_McCloskey2013_13CFlux,178.0253871,133.032203,acon-C,acon-C.acon-C_m5-4,isotopomer_13C
140509_McCloskey2013_13CFlux,178.0253871,134.0355578,acon-C,acon-C.acon-C_m5-5,isotopomer_13C
140509_McCloskey2013_13CFlux,179.0287419,134.0355578,acon-C,acon-C.acon-C_m6-5,isotopomer_13C
140509_McCloskey2013_13CFlux,145.0136983,101.023869,akg,akg.akg_m0-0,isotopomer_13C
140509_McCloskey2013_13CFlux,146.0170531,101.023869,akg,akg.akg_m1-0,isotopomer_13C
140509_McCloskey2013_13CFlux,146.0170531,102.0272239,akg,akg.akg_m1-1,isotopomer_13C
140509_McCloskey2013_13CFlux,147.0204079,102.0272239,akg,akg.akg_m2-1,isotopomer_13C
140509_McCloskey2013_13CFlux,147.0204079,103.0305787,akg,akg.akg_m2-2,isotopomer_13C
140509_McCloskey2013_13CFlux,148.0237628,103.0305787,akg,akg.akg_m3-2,isotopomer_13C
140509_McCloskey2013_13CFlux,148.0237628,104.0339335,akg,akg.akg_m3-3,isotopomer_13C
140509_McCloskey2013_13CFlux,149.0271176,104.0339335,akg,akg.akg_m4-3,isotopomer_13C
140509_McCloskey2013_13CFlux,149.0271176,105.0372884,akg,akg.akg_m4-4,isotopomer_13C
140509_McCloskey2013_13CFlux,150.0304725,105.0372884,akg,akg.akg_m5-4,isotopomer_13C
140509_McCloskey2013_13CFlux,346.0552593,78.95850538,amp,amp.amp_m0-0,isotopomer_13C
140509_McCloskey2013_13CFlux,347.0586141,78.95850538,amp,amp.amp_m1-0,isotopomer_13C
140509_McCloskey2013_13CFlux,356.0888077,78.95850538,amp,amp.amp_m10-0,isotopomer_13C
140509_McCloskey2013_13CFlux,348.061969,78.95850538,amp,amp.amp_m2-0,isotopomer_13C
140509_McCloskey2013_13CFlux,349.0653238,78.95850538,amp,amp.amp_m3-0,isotopomer_13C
140509_McCloskey2013_13CFlux,350.0686787,78.95850538,amp,amp.amp_m4-0,isotopomer_13C
140509_McCloskey2013_13CFlux,351.0720335,78.95850538,amp,amp.amp_m5-0,isotopomer_13C
140509_McCloskey2013_13CFlux,352.0753883,78.95850538,amp,amp.amp_m6-0,isotopomer_13C
140509_McCloskey2013_13CFlux,353.0787432,78.95850538,amp,amp.amp_m7-0,isotopomer_13C
140509_McCloskey2013_13CFlux,354.082098,78.95850538,amp,amp.amp_m8-0,isotopomer_13C
140509_McCloskey2013_13CFlux,355.0854528,78.95850538,amp,amp.amp_m9-0,isotopomer_13C
140509_McCloskey2013_13CFlux,132.0296827,88.03985344,asp-L,asp-L.asp-L_m0-0,isotopomer_13C
140509_McCloskey2013_13CFlux,133.0330375,88.03985344,asp-L,asp-L.asp-L_m1-0,isotopomer_13C
140509_McCloskey2013_13CFlux,133.0330375,89.04320828,asp-L,asp-L.asp-L_m1-1,isotopomer_13C
140509_McCloskey2013_13CFlux,134.0363924,89.04320828,asp-L,asp-L.asp-L_m2-1,isotopomer_13C
140509_McCloskey2013_13CFlux,134.0363924,90.04656312,asp-L,asp-L.asp-L_m2-2,isotopomer_13C
140509_McCloskey2013_13CFlux,135.0397472,90.04656312,asp-L,asp-L.asp-L_m3-2,isotopomer_13C
140509_McCloskey2013_13CFlux,135.0397472,91.04991796,asp-L,asp-L.asp-L_m3-3,isotopomer_13C
140509_McCloskey2013_13CFlux,136.043102,91.04991796,asp-L,asp-L.asp-L_m4-3,isotopomer_13C
140509_McCloskey2013_13CFlux,505.9879201,158.9248358,atp,atp.atp_m0-0,isotopomer_13C
140509_McCloskey2013_13CFlux,506.991275,158.9248358,atp,atp.atp_m1-0,isotopomer_13C
140509_McCloskey2013_13CFlux,516.0214685,158.9248358,atp,atp.atp_m10-0,isotopomer_13C
140509_McCloskey2013_13CFlux,507.9946298,158.9248358,atp,atp.atp_m2-0,isotopomer_13C
140509_McCloskey2013_13CFlux,508.9979846,158.9248358,atp,atp.atp_m3-0,isotopomer_13C
140509_McCloskey2013_13CFlux,510.0013395,158.9248358,atp,atp.atp_m4-0,isotopomer_13C
140509_McCloskey2013_13CFlux,511.0046943,158.9248358,atp,atp.atp_m5-0,isotopomer_13C
140509_McCloskey2013_13CFlux,512.0080492,158.9248358,atp,atp.atp_m6-0,isotopomer_13C
140509_McCloskey2013_13CFlux,513.011404,158.9248358,atp,atp.atp_m7-0,isotopomer_13C
140509_McCloskey2013_13CFlux,514.0147588,158.9248358,atp,atp.atp_m8-0,isotopomer_13C
140509_McCloskey2013_13CFlux,515.0181137,158.9248358,atp,atp.atp_m9-0,isotopomer_13C
140509_McCloskey2013_13CFlux,168.9901994,96.96907006,dhap,dhap.dhap_m0-0,isotopomer_13C
140509_McCloskey2013_13CFlux,169.9935543,96.96907006,dhap,dhap.dhap_m1-0,isotopomer_13C
140509_McCloskey2013_13CFlux,170.9969091,96.96907006,dhap,dhap.dhap_m2-0,isotopomer_13C
140509_McCloskey2013_13CFlux,172.0002639,96.96907006,dhap,dhap.dhap_m3-0,isotopomer_13C
140509_McCloskey2013_13CFlux,259.0219,78.9585,f6p,f6p.f6p_m0-0,isotopomer_13C
140509_McCloskey2013_13CFlux,260.0252,78.9585,f6p,f6p.f6p_m1-0,isotopomer_13C
140509_McCloskey2013_13CFlux,261.0286,78.9585,f6p,f6p.f6p_m2-0,isotopomer_13C
140509_McCloskey2013_13CFlux,262.032,78.9585,f6p,f6p.f6p_m3-0,isotopomer_13C
140509_McCloskey2013_13CFlux,263.0353,78.9585,f6p,f6p.f6p_m4-0,isotopomer_13C
140509_McCloskey2013_13CFlux,264.0387,78.9585,f6p,f6p.f6p_m5-0,isotopomer_13C
140509_McCloskey2013_13CFlux,265.042,78.9585,f6p,f6p.f6p_m6-0,isotopomer_13C
140509_McCloskey2013_13CFlux,784.1493094,78.95850538,fad,fad.fad_m0-0,isotopomer_13C
140509_McCloskey2013_13CFlux,785.1526643,78.95850538,fad,fad.fad_m1-0,isotopomer_13C
140509_McCloskey2013_13CFlux,794.1828578,78.95850538,fad,fad.fad_m10-0,isotopomer_13C
140509_McCloskey2013_13CFlux,795.1862126,78.95850538,fad,fad.fad_m11-0,isotopomer_13C
140509_McCloskey2013_13CFlux,796.1895675,78.95850538,fad,fad.fad_m12-0,isotopomer_13C
140509_McCloskey2013_13CFlux,797.1929223,78.95850538,fad,fad.fad_m13-0,isotopomer_13C
140509_McCloskey2013_13CFlux,798.1962772,78.95850538,fad,fad.fad_m14-0,isotopomer_13C
140509_McCloskey2013_13CFlux,799.199632,78.95850538,fad,fad.fad_m15-0,isotopomer_13C
140509_McCloskey2013_13CFlux,800.2029868,78.95850538,fad,fad.fad_m16-0,isotopomer_13C
140509_McCloskey2013_13CFlux,801.2063417,78.95850538,fad,fad.fad_m17-0,isotopomer_13C
140509_McCloskey2013_13CFlux,802.2096965,78.95850538,fad,fad.fad_m18-0,isotopomer_13C
140509_McCloskey2013_13CFlux,803.2130513,78.95850538,fad,fad.fad_m19-0,isotopomer_13C
140509_McCloskey2013_13CFlux,786.1560191,78.95850538,fad,fad.fad_m2-0,isotopomer_13C
140509_McCloskey2013_13CFlux,804.2164062,78.95850538,fad,fad.fad_m20-0,isotopomer_13C
140509_McCloskey2013_13CFlux,805.219761,78.95850538,fad,fad.fad_m21-0,isotopomer_13C
140509_McCloskey2013_13CFlux,806.2231159,78.95850538,fad,fad.fad_m22-0,isotopomer_13C
140509_McCloskey2013_13CFlux,807.2264707,78.95850538,fad,fad.fad_m23-0,isotopomer_13C
140509_McCloskey2013_13CFlux,808.2298255,78.95850538,fad,fad.fad_m24-0,isotopomer_13C
140509_McCloskey2013_13CFlux,809.2331804,78.95850538,fad,fad.fad_m25-0,isotopomer_13C
140509_McCloskey2013_13CFlux,810.2365352,78.95850538,fad,fad.fad_m26-0,isotopomer_13C
140509_McCloskey2013_13CFlux,811.23989,78.95850538,fad,fad.fad_m27-0,isotopomer_13C
140509_McCloskey2013_13CFlux,787.1593739,78.95850538,fad,fad.fad_m3-0,isotopomer_13C
140509_McCloskey2013_13CFlux,788.1627288,78.95850538,fad,fad.fad_m4-0,isotopomer_13C
140509_McCloskey2013_13CFlux,789.1660836,78.95850538,fad,fad.fad_m5-0,isotopomer_13C
140509_McCloskey2013_13CFlux,790.1694385,78.95850538,fad,fad.fad_m6-0,isotopomer_13C
140509_McCloskey2013_13CFlux,791.1727933,78.95850538,fad,fad.fad_m7-0,isotopomer_13C
140509_McCloskey2013_13CFlux,792.1761481,78.95850538,fad,fad.fad_m8-0,isotopomer_13C
140509_McCloskey2013_13CFlux,793.179503,78.95850538,fad,fad.fad_m9-0,isotopomer_13C
140509_McCloskey2013_13CFlux,338.9882239,78.95850538,fdp,fdp.fdp_m0-0,isotopomer_13C
140509_McCloskey2013_13CFlux,339.9915787,78.95850538,fdp,fdp.fdp_m1-0,isotopomer_13C
140509_McCloskey2013_13CFlux,340.9949336,78.95850538,fdp,fdp.fdp_m2-0,isotopomer_13C
140509_McCloskey2013_13CFlux,341.9982884,78.95850538,fdp,fdp.fdp_m3-0,isotopomer_13C
140509_McCloskey2013_13CFlux,343.0016433,78.95850538,fdp,fdp.fdp_m4-0,isotopomer_13C
140509_McCloskey2013_13CFlux,344.0049981,78.95850538,fdp,fdp.fdp_m5-0,isotopomer_13C
140509_McCloskey2013_13CFlux,345.0083529,78.95850538,fdp,fdp.fdp_m6-0,isotopomer_13C
140509_McCloskey2013_13CFlux,259.0219,78.9585,g1p,g1p.g1p_m0-0,isotopomer_13C
140509_McCloskey2013_13CFlux,260.0252,78.9585,g1p,g1p.g1p_m1-0,isotopomer_13C
140509_McCloskey2013_13CFlux,261.0286,78.9585,g1p,g1p.g1p_m2-0,isotopomer_13C
140509_McCloskey2013_13CFlux,262.032,78.9585,g1p,g1p.g1p_m3-0,isotopomer_13C
140509_McCloskey2013_13CFlux,263.0353,78.9585,g1p,g1p.g1p_m4-0,isotopomer_13C
140509_McCloskey2013_13CFlux,264.0387,78.9585,g1p,g1p.g1p_m5-0,isotopomer_13C
140509_McCloskey2013_13CFlux,265.042,78.9585,g1p,g1p.g1p_m6-0,isotopomer_13C
140509_McCloskey2013_13CFlux,259.0218935,78.95850538,g6p,g6p.g6p_m0-0,isotopomer_13C
140509_McCloskey2013_13CFlux,260.0252483,78.95850538,g6p,g6p.g6p_m1-0,isotopomer_13C
140509_McCloskey2013_13CFlux,261.0286032,78.95850538,g6p,g6p.g6p_m2-0,isotopomer_13C
140509_McCloskey2013_13CFlux,262.031958,78.95850538,g6p,g6p.g6p_m3-0,isotopomer_13C
140509_McCloskey2013_13CFlux,263.0353128,78.95850538,g6p,g6p.g6p_m4-0,isotopomer_13C
140509_McCloskey2013_13CFlux,264.0386677,78.95850538,g6p,g6p.g6p_m5-0,isotopomer_13C
140509_McCloskey2013_13CFlux,265.0420225,78.95850538,g6p,g6p.g6p_m6-0,isotopomer_13C
140509_McCloskey2013_13CFlux,146.0453328,128.0347681,glu-L,glu-L.glu-L_m0-0,isotopomer_13C
140509_McCloskey2013_13CFlux,147.0486876,129.0381229,glu-L,glu-L.glu-L_m1-1,isotopomer_13C
140509_McCloskey2013_13CFlux,148.0520424,130.0414777,glu-L,glu-L.glu-L_m2-2,isotopomer_13C
140509_McCloskey2013_13CFlux,149.0553973,131.0448326,glu-L,glu-L.glu-L_m3-3,isotopomer_13C
140509_McCloskey2013_13CFlux,150.0587521,132.0481874,glu-L,glu-L.glu-L_m4-4,isotopomer_13C
140509_McCloskey2013_13CFlux,151.0621069,133.0515423,glu-L,glu-L.glu-L_m5-5,isotopomer_13C
140509_McCloskey2013_13CFlux,171.0058495,78.95850538,glyc3p,glyc3p.glyc3p_m0-0,isotopomer_13C
140509_McCloskey2013_13CFlux,172.0092043,78.95850538,glyc3p,glyc3p.glyc3p_m1-0,isotopomer_13C
140509_McCloskey2013_13CFlux,173.0125592,78.95850538,glyc3p,glyc3p.glyc3p_m2-0,isotopomer_13C
140509_McCloskey2013_13CFlux,174.015914,78.95850538,glyc3p,glyc3p.glyc3p_m3-0,isotopomer_13C
140509_McCloskey2013_13CFlux,75.00821896,47.01330434,glyclt,glyclt.glyclt_m0-0,isotopomer_13C
140509_McCloskey2013_13CFlux,76.0115738,47.01330434,glyclt,glyclt.glyclt_m1-0,isotopomer_13C
140509_McCloskey2013_13CFlux,76.0115738,48.01665918,glyclt,glyclt.glyclt_m1-1,isotopomer_13C
140509_McCloskey2013_13CFlux,77.01492864,48.01665918,glyclt,glyclt.glyclt_m2-1,isotopomer_13C
140509_McCloskey2013_13CFlux,191.0191776,111.008219,icit,icit.icit_m0-0,isotopomer_13C
140509_McCloskey2013_13CFlux,192.0225324,111.008219,icit,icit.icit_m1-0,isotopomer_13C
140509_McCloskey2013_13CFlux,192.0225324,112.0115738,icit,icit.icit_m1-1,isotopomer_13C
140509_McCloskey2013_13CFlux,193.0258873,112.0115738,icit,icit.icit_m2-1,isotopomer_13C
140509_McCloskey2013_13CFlux,193.0258873,113.0149286,icit,icit.icit_m2-2,isotopomer_13C
140509_McCloskey2013_13CFlux,194.0292421,113.0149286,icit,icit.icit_m3-2,isotopomer_13C
140509_McCloskey2013_13CFlux,194.0292421,114.0182835,icit,icit.icit_m3-3,isotopomer_13C
140509_McCloskey2013_13CFlux,195.0325969,114.0182835,icit,icit.icit_m4-3,isotopomer_13C
140509_McCloskey2013_13CFlux,195.0325969,115.0216383,icit,icit.icit_m4-4,isotopomer_13C
140509_McCloskey2013_13CFlux,196.0359518,115.0216383,icit,icit.icit_m5-4,isotopomer_13C
140509_McCloskey2013_13CFlux,196.0359518,116.0249932,icit,icit.icit_m5-5,isotopomer_13C
140509_McCloskey2013_13CFlux,197.0393066,116.0249932,icit,icit.icit_m6-5,isotopomer_13C
140509_McCloskey2013_13CFlux,133.0136983,115.0031336,mal-L,mal-L.mal-L_m0-0,isotopomer_13C
140509_McCloskey2013_13CFlux,134.0170531,116.0064884,mal-L,mal-L.mal-L_m1-1,isotopomer_13C
140509_McCloskey2013_13CFlux,135.0204079,117.0098433,mal-L,mal-L.mal-L_m2-2,isotopomer_13C
140509_McCloskey2013_13CFlux,136.0237628,118.0131981,mal-L,mal-L.mal-L_m3-3,isotopomer_13C
140509_McCloskey2013_13CFlux,137.0271176,119.0165529,mal-L,mal-L.mal-L_m4-4,isotopomer_13C
140509_McCloskey2013_13CFlux,148.0432243,46.99554579,met-L,met-L.met-L_m0-0,isotopomer_13C
140509_McCloskey2013_13CFlux,149.0465791,46.99554579,met-L,met-L.met-L_m1-0,isotopomer_13C
140509_McCloskey2013_13CFlux,149.0465791,47.99890062,met-L,met-L.met-L_m1-1,isotopomer_13C
140509_McCloskey2013_13CFlux,150.0499339,46.99554579,met-L,met-L.met-L_m2-0,isotopomer_13C
140509_McCloskey2013_13CFlux,150.0499339,47.99890062,met-L,met-L.met-L_m2-1,isotopomer_13C
140509_McCloskey2013_13CFlux,151.0532888,46.99554579,met-L,met-L.met-L_m3-0,isotopomer_13C
140509_McCloskey2013_13CFlux,151.0532888,47.99890062,met-L,met-L.met-L_m3-1,isotopomer_13C
140509_McCloskey2013_13CFlux,152.0566436,46.99554579,met-L,met-L.met-L_m4-0,isotopomer_13C
140509_McCloskey2013_13CFlux,152.0566436,47.99890062,met-L,met-L.met-L_m4-1,isotopomer_13C
140509_McCloskey2013_13CFlux,153.0599984,47.99890062,met-L,met-L.met-L_m5-1,isotopomer_13C
140509_McCloskey2013_13CFlux,166.9745494,78.95850538,pep,pep.pep_m0-0,isotopomer_13C
140509_McCloskey2013_13CFlux,167.9779042,78.95850538,pep,pep.pep_m1-0,isotopomer_13C
140509_McCloskey2013_13CFlux,168.981259,78.95850538,pep,pep.pep_m2-0,isotopomer_13C
140509_McCloskey2013_13CFlux,169.9846139,78.95850538,pep,pep.pep_m3-0,isotopomer_13C
140509_McCloskey2013_13CFlux,164.0711536,147.0446045,phe-L,phe-L.phe-L_m0-0,isotopomer_13C
140509_McCloskey2013_13CFlux,165.0745084,148.0479593,phe-L,phe-L.phe-L_m1-1,isotopomer_13C
140509_McCloskey2013_13CFlux,166.0778632,149.0513141,phe-L,phe-L.phe-L_m2-2,isotopomer_13C
140509_McCloskey2013_13CFlux,167.0812181,150.054669,phe-L,phe-L.phe-L_m3-3,isotopomer_13C
140509_McCloskey2013_13CFlux,168.0845729,151.0580238,phe-L,phe-L.phe-L_m4-4,isotopomer_13C
140509_McCloskey2013_13CFlux,169.0879278,152.0613787,phe-L,phe-L.phe-L_m5-5,isotopomer_13C
140509_McCloskey2013_13CFlux,170.0912826,153.0647335,phe-L,phe-L.phe-L_m6-6,isotopomer_13C
140509_McCloskey2013_13CFlux,171.0946374,154.0680883,phe-L,phe-L.phe-L_m7-7,isotopomer_13C
140509_McCloskey2013_13CFlux,172.0979923,155.0714432,phe-L,phe-L.phe-L_m8-8,isotopomer_13C
140509_McCloskey2013_13CFlux,173.1013471,156.074798,phe-L,phe-L.phe-L_m9-9,isotopomer_13C
140509_McCloskey2013_13CFlux,163.0395191,91.05477522,phpyr,phpyr.phpyr_m0-0,isotopomer_13C
140509_McCloskey2013_13CFlux,164.0428739,91.05477522,phpyr,phpyr.phpyr_m1-0,isotopomer_13C
140509_McCloskey2013_13CFlux,164.0428739,92.05813006,phpyr,phpyr.phpyr_m1-1,isotopomer_13C
140509_McCloskey2013_13CFlux,165.0462288,91.05477522,phpyr,phpyr.phpyr_m2-0,isotopomer_13C
140509_McCloskey2013_13CFlux,165.0462288,92.05813006,phpyr,phpyr.phpyr_m2-1,isotopomer_13C
140509_McCloskey2013_13CFlux,165.0462288,93.0614849,phpyr,phpyr.phpyr_m2-2,isotopomer_13C
140509_McCloskey2013_13CFlux,166.0495836,92.05813006,phpyr,phpyr.phpyr_m3-1,isotopomer_13C
140509_McCloskey2013_13CFlux,166.0495836,93.0614849,phpyr,phpyr.phpyr_m3-2,isotopomer_13C
140509_McCloskey2013_13CFlux,166.0495836,94.06483974,phpyr,phpyr.phpyr_m3-3,isotopomer_13C
140509_McCloskey2013_13CFlux,167.0529384,93.0614849,phpyr,phpyr.phpyr_m4-2,isotopomer_13C
140509_McCloskey2013_13CFlux,167.0529384,94.06483974,phpyr,phpyr.phpyr_m4-3,isotopomer_13C
140509_McCloskey2013_13CFlux,167.0529384,95.06819458,phpyr,phpyr.phpyr_m4-4,isotopomer_13C
140509_McCloskey2013_13CFlux,168.0562933,94.06483974,phpyr,phpyr.phpyr_m5-3,isotopomer_13C
140509_McCloskey2013_13CFlux,168.0562933,95.06819458,phpyr,phpyr.phpyr_m5-4,isotopomer_13C
140509_McCloskey2013_13CFlux,168.0562933,96.07154941,phpyr,phpyr.phpyr_m5-5,isotopomer_13C
140509_McCloskey2013_13CFlux,169.0596481,95.06819458,phpyr,phpyr.phpyr_m6-4,isotopomer_13C
140509_McCloskey2013_13CFlux,169.0596481,96.07154941,phpyr,phpyr.phpyr_m6-5,isotopomer_13C
140509_McCloskey2013_13CFlux,169.0596481,97.07490425,phpyr,phpyr.phpyr_m6-6,isotopomer_13C
140509_McCloskey2013_13CFlux,170.063003,96.07154941,phpyr,phpyr.phpyr_m7-5,isotopomer_13C
140509_McCloskey2013_13CFlux,170.063003,97.07490425,phpyr,phpyr.phpyr_m7-6,isotopomer_13C
140509_McCloskey2013_13CFlux,170.063003,98.07825909,phpyr,phpyr.phpyr_m7-7,isotopomer_13C
140509_McCloskey2013_13CFlux,171.0663578,97.07490425,phpyr,phpyr.phpyr_m8-6,isotopomer_13C
140509_McCloskey2013_13CFlux,171.0663578,98.07825909,phpyr,phpyr.phpyr_m8-7,isotopomer_13C
140509_McCloskey2013_13CFlux,172.0697126,98.07825909,phpyr,phpyr.phpyr_m9-7,isotopomer_13C
140509_McCloskey2013_13CFlux,184.9851141,96.96907006,Pool_2pg_3pg,Pool_2pg_3pg.Pool_2pg_3pg_m0-0,isotopomer_13C
140509_McCloskey2013_13CFlux,185.9884689,96.96907006,Pool_2pg_3pg,Pool_2pg_3pg.Pool_2pg_3pg_m1-0,isotopomer_13C
140509_McCloskey2013_13CFlux,186.9918237,96.96907006,Pool_2pg_3pg,Pool_2pg_3pg.Pool_2pg_3pg_m2-0,isotopomer_13C
140509_McCloskey2013_13CFlux,187.9951786,96.96907006,Pool_2pg_3pg,Pool_2pg_3pg.Pool_2pg_3pg_m3-0,isotopomer_13C
140509_McCloskey2013_13CFlux,388.9439896,176.9354005,prpp,prpp.prpp_m0-0,isotopomer_13C
140509_McCloskey2013_13CFlux,389.9473445,176.9354005,prpp,prpp.prpp_m1-0,isotopomer_13C
140509_McCloskey2013_13CFlux,390.9506993,176.9354005,prpp,prpp.prpp_m2-0,isotopomer_13C
140509_McCloskey2013_13CFlux,391.9540541,176.9354005,prpp,prpp.prpp_m3-0,isotopomer_13C
140509_McCloskey2013_13CFlux,392.957409,176.9354005,prpp,prpp.prpp_m4-0,isotopomer_13C
140509_McCloskey2013_13CFlux,393.9607638,176.9354005,prpp,prpp.prpp_m5-0,isotopomer_13C
140509_McCloskey2013_13CFlux,87.00821896,31.98982924,pyr,pyr.pyr_m0-0,isotopomer_13C
140509_McCloskey2013_13CFlux,88.0115738,31.98982924,pyr,pyr.pyr_m1-0,isotopomer_13C
140509_McCloskey2013_13CFlux,89.01492864,31.98982924,pyr,pyr.pyr_m2-0,isotopomer_13C
140509_McCloskey2013_13CFlux,90.01828348,31.98982924,pyr,pyr.pyr_m3-0,isotopomer_13C
140509_McCloskey2013_13CFlux,229.0113288,96.96907006,ru5p-D,ru5p-D.ru5p-D_m0-0,isotopomer_13C
140509_McCloskey2013_13CFlux,230.0146836,96.96907006,ru5p-D,ru5p-D.ru5p-D_m1-0,isotopomer_13C
140509_McCloskey2013_13CFlux,231.0180385,96.96907006,ru5p-D,ru5p-D.ru5p-D_m2-0,isotopomer_13C
140509_McCloskey2013_13CFlux,232.0213933,96.96907006,ru5p-D,ru5p-D.ru5p-D_m3-0,isotopomer_13C
140509_McCloskey2013_13CFlux,233.0247482,96.96907006,ru5p-D,ru5p-D.ru5p-D_m4-0,isotopomer_13C
140509_McCloskey2013_13CFlux,234.028103,96.96907006,ru5p-D,ru5p-D.ru5p-D_m5-0,isotopomer_13C
140509_McCloskey2013_13CFlux,289.0324582,96.96907006,s7p,s7p.s7p_m0-0,isotopomer_13C
140509_McCloskey2013_13CFlux,290.035813,96.96907006,s7p,s7p.s7p_m1-0,isotopomer_13C
140509_McCloskey2013_13CFlux,291.0391679,96.96907006,s7p,s7p.s7p_m2-0,isotopomer_13C
140509_McCloskey2013_13CFlux,292.0425227,96.96907006,s7p,s7p.s7p_m3-0,isotopomer_13C
140509_McCloskey2013_13CFlux,293.0458775,96.96907006,s7p,s7p.s7p_m4-0,isotopomer_13C
140509_McCloskey2013_13CFlux,294.0492324,96.96907006,s7p,s7p.s7p_m5-0,isotopomer_13C
140509_McCloskey2013_13CFlux,295.0525872,96.96907006,s7p,s7p.s7p_m6-0,isotopomer_13C
140509_McCloskey2013_13CFlux,296.055942,96.96907006,s7p,s7p.s7p_m7-0,isotopomer_13C
140509_McCloskey2013_13CFlux,173.0449984,93.03403978,skm,skm.skm_m0-0,isotopomer_13C
140509_McCloskey2013_13CFlux,174.0483532,93.03403978,skm,skm.skm_m1-0,isotopomer_13C
140509_McCloskey2013_13CFlux,174.0483532,94.03739462,skm,skm.skm_m1-1,isotopomer_13C
140509_McCloskey2013_13CFlux,175.0517081,94.03739462,skm,skm.skm_m2-1,isotopomer_13C
140509_McCloskey2013_13CFlux,175.0517081,95.04074946,skm,skm.skm_m2-2,isotopomer_13C
140509_McCloskey2013_13CFlux,176.0550629,95.04074946,skm,skm.skm_m3-2,isotopomer_13C
140509_McCloskey2013_13CFlux,176.0550629,96.0441043,skm,skm.skm_m3-3,isotopomer_13C
140509_McCloskey2013_13CFlux,177.0584178,96.0441043,skm,skm.skm_m4-3,isotopomer_13C
140509_McCloskey2013_13CFlux,177.0584178,97.04745913,skm,skm.skm_m4-4,isotopomer_13C
140509_McCloskey2013_13CFlux,178.0617726,97.04745913,skm,skm.skm_m5-4,isotopomer_13C
140509_McCloskey2013_13CFlux,178.0617726,98.05081397,skm,skm.skm_m5-5,isotopomer_13C
140509_McCloskey2013_13CFlux,179.0651274,98.05081397,skm,skm.skm_m6-5,isotopomer_13C
140509_McCloskey2013_13CFlux,179.0651274,99.05416881,skm,skm.skm_m6-6,isotopomer_13C
140509_McCloskey2013_13CFlux,180.0684823,99.05416881,skm,skm.skm_m7-6,isotopomer_13C
140509_McCloskey2013_13CFlux,117.0187836,99.00821896,succ,succ.succ_m0-0,isotopomer_13C
140509_McCloskey2013_13CFlux,118.0221385,100.0115738,succ,succ.succ_m1-1,isotopomer_13C
140509_McCloskey2013_13CFlux,119.0254933,101.0149286,succ,succ.succ_m2-2,isotopomer_13C
140509_McCloskey2013_13CFlux,120.0288482,102.0182835,succ,succ.succ_m3-3,isotopomer_13C
140509_McCloskey2013_13CFlux,121.032203,103.0216383,succ,succ.succ_m4-4,isotopomer_13C
140509_McCloskey2013_13CFlux,118.0504181,74.02420338,thr-L,thr-L.thr-L_m0-0,isotopomer_13C
140509_McCloskey2013_13CFlux,119.053773,74.02420338,thr-L,thr-L.thr-L_m1-0,isotopomer_13C
140509_McCloskey2013_13CFlux,119.053773,75.02755822,thr-L,thr-L.thr-L_m1-1,isotopomer_13C
140509_McCloskey2013_13CFlux,120.0571278,74.02420338,thr-L,thr-L.thr-L_m2-0,isotopomer_13C
140509_McCloskey2013_13CFlux,120.0571278,75.02755822,thr-L,thr-L.thr-L_m2-1,isotopomer_13C
140509_McCloskey2013_13CFlux,120.0571278,76.03091305,thr-L,thr-L.thr-L_m2-2,isotopomer_13C
140509_McCloskey2013_13CFlux,121.0604826,75.02755822,thr-L,thr-L.thr-L_m3-1,isotopomer_13C
140509_McCloskey2013_13CFlux,121.0604826,76.03091305,thr-L,thr-L.thr-L_m3-2,isotopomer_13C
140509_McCloskey2013_13CFlux,122.0638375,76.03091305,thr-L,thr-L.thr-L_m4-2,isotopomer_13C
140509_McCloskey2013_13CFlux,323.0280415,78.95850538,ump,ump.ump_m0-0,isotopomer_13C
140509_McCloskey2013_13CFlux,324.0313963,78.95850538,ump,ump.ump_m1-0,isotopomer_13C
140509_McCloskey2013_13CFlux,325.0347512,78.95850538,ump,ump.ump_m2-0,isotopomer_13C
140509_McCloskey2013_13CFlux,326.038106,78.95850538,ump,ump.ump_m3-0,isotopomer_13C
140509_McCloskey2013_13CFlux,327.0414609,78.95850538,ump,ump.ump_m4-0,isotopomer_13C
140509_McCloskey2013_13CFlux,328.0448157,78.95850538,ump,ump.ump_m5-0,isotopomer_13C
140509_McCloskey2013_13CFlux,329.0481705,78.95850538,ump,ump.ump_m6-0,isotopomer_13C
140509_McCloskey2013_13CFlux,330.0515254,78.95850538,ump,ump.ump_m7-0,isotopomer_13C
140509_McCloskey2013_13CFlux,331.0548802,78.95850538,ump,ump.ump_m8-0,isotopomer_13C
140509_McCloskey2013_13CFlux,332.058235,78.95850538,ump,ump.ump_m9-0,isotopomer_13C
