experiment_id,sample_name_abbreviation,sample_type,time_point,met_id,fragment_formula,fragment_mass,n_replicates,intensity_normalized_average,intensity_normalized_cv,intensity_normalized_units,intensity_theoretical,abs_devFromTheoretical,scan_type,used_,comment_
WTEColi_113C80_U13C20_01,OxicWtGlc,Unknown,0,23dpg,C3H7O10P2-,265,6,1,0,normMax,1,0,MRM,t,
WTEColi_113C80_U13C20_01,OxicWtGlc,Unknown,0,23dpg,C3H7O10P2-,266,6,0.355086303,49.02045048,normMax,0.037061534,0.318024769,MRM,t,
WTEColi_113C80_U13C20_01,OxicWtGlc,Unknown,0,23dpg,C3H7O10P2-,267,0,0,0,normMax,0.021060473,,MRM,t,
WTEColi_113C80_U13C20_01,OxicWtGlc,Unknown,0,23dpg,C3H7O10P2-,268,4,0.153979342,14.53926927,normMax,0.000757002,0.15322234,MRM,t,
WTEColi_113C80_U13C20_01,OxicWtGlc,Unknown,0,6pgc,C6H12O10P-,275,6,0.169229465,37.95087615,normMax,1,0.830770535,MRM,t,
WTEColi_113C80_U13C20_01,OxicWtGlc,Unknown,0,6pgc,C6H12O10P-,276,6,1,0,normMax,0.070083785,0.929916215,MRM,t,
WTEColi_113C80_U13C20_01,OxicWtGlc,Unknown,0,6pgc,C6H12O10P-,277,6,0.137143646,9.662941592,normMax,0.02265406,0.114489586,MRM,t,
WTEColi_113C80_U13C20_01,OxicWtGlc,Unknown,0,6pgc,C6H12O10P-,278,6,0.094277324,44.29550316,normMax,0.001467641,0.092809683,MRM,t,
WTEColi_113C80_U13C20_01,OxicWtGlc,Unknown,0,6pgc,C6H12O10P-,279,6,0.060324569,13.13614983,normMax,0.000233089,0.06009148,MRM,t,
WTEColi_113C80_U13C20_01,OxicWtGlc,Unknown,0,6pgc,C6H12O10P-,280,6,0.049808298,36.05142318,normMax,1.39E-05,0.049794414,MRM,t,
WTEColi_113C80_U13C20_01,OxicWtGlc,Unknown,0,6pgc,C6H12O10P-,281,6,0.226892967,6.076059407,normMax,1.44E-06,0.226891529,MRM,t,
WTEColi_113C80_U13C20_01,OxicWtGlc,Unknown,0,accoa,C23H37N7O17P3S-,808,0,0,0,normMax,1,,EPI,t,
WTEColi_113C80_U13C20_01,OxicWtGlc,Unknown,0,accoa,C23H37N7O17P3S-,808,0,0,0,normMax,1,,MRM,t,
WTEColi_113C80_U13C20_01,OxicWtGlc,Unknown,0,accoa,C23H37N7O17P3S-,809,0,0,0,normMax,0.293354022,,EPI,t,
WTEColi_113C80_U13C20_01,OxicWtGlc,Unknown,0,accoa,C23H37N7O17P3S-,809,6,0.050316116,23.26594932,normMax,0.293354022,0.243037907,MRM,t,
WTEColi_113C80_U13C20_01,OxicWtGlc,Unknown,0,accoa,C23H37N7O17P3S-,810,0,0,0,normMax,0.121727832,,EPI,t,
WTEColi_113C80_U13C20_01,OxicWtGlc,Unknown,0,accoa,C23H37N7O17P3S-,810,6,0.122187413,7.846717446,normMax,0.121727832,0.000459581,MRM,t,
WTEColi_113C80_U13C20_01,OxicWtGlc,Unknown,0,accoa,C23H37N7O17P3S-,811,0,0,0,normMax,0.02692922,,EPI,t,
WTEColi_113C80_U13C20_01,OxicWtGlc,Unknown,0,accoa,C23H37N7O17P3S-,811,6,0.287598938,5.965177315,normMax,0.02692922,0.260669718,MRM,t,
WTEColi_113C80_U13C20_01,OxicWtGlc,Unknown,0,accoa,C23H37N7O17P3S-,812,0,0,0,normMax,0.005841066,,EPI,t,
WTEColi_113C80_U13C20_01,OxicWtGlc,Unknown,0,accoa,C23H37N7O17P3S-,812,6,0.492785591,7.709050908,normMax,0.005841066,0.486944525,MRM,t,
WTEColi_113C80_U13C20_01,OxicWtGlc,Unknown,0,accoa,C23H37N7O17P3S-,813,6,0.724591729,9.965475235,normMax,0.000980469,0.72361126,EPI,t,
WTEColi_113C80_U13C20_01,OxicWtGlc,Unknown,0,accoa,C23H37N7O17P3S-,813,6,0.729056825,9.913353119,normMax,0.000980469,0.728076356,MRM,t,
WTEColi_113C80_U13C20_01,OxicWtGlc,Unknown,0,accoa,C23H37N7O17P3S-,814,6,0.870111784,2.397151846,normMax,0.000152492,0.869959293,EPI,t,
WTEColi_113C80_U13C20_01,OxicWtGlc,Unknown,0,accoa,C23H37N7O17P3S-,814,6,0.873747946,1.80916422,normMax,0.000152492,0.873595454,MRM,t,
WTEColi_113C80_U13C20_01,OxicWtGlc,Unknown,0,accoa,C23H37N7O17P3S-,815,6,0.975943939,3.545953628,normMax,2.05E-05,0.975923402,EPI,t,
WTEColi_113C80_U13C20_01,OxicWtGlc,Unknown,0,accoa,C23H37N7O17P3S-,815,6,0.98196751,3.576521696,normMax,2.05E-05,0.981946973,MRM,t,
WTEColi_113C80_U13C20_01,OxicWtGlc,Unknown,0,accoa,C23H37N7O17P3S-,816,6,0.963756078,5.349173953,normMax,2.55E-06,0.963753524,EPI,t,
WTEColi_113C80_U13C20_01,OxicWtGlc,Unknown,0,accoa,C23H37N7O17P3S-,816,6,0.95781053,6.021193176,normMax,2.55E-06,0.957807977,MRM,t,
WTEColi_113C80_U13C20_01,OxicWtGlc,Unknown,0,accoa,C23H37N7O17P3S-,817,6,0.769047037,7.882674405,normMax,2.84E-07,0.769046752,EPI,t,
WTEColi_113C80_U13C20_01,OxicWtGlc,Unknown,0,accoa,C23H37N7O17P3S-,817,6,0.77367727,7.670200843,normMax,2.84E-07,0.773676985,MRM,t,
WTEColi_113C80_U13C20_01,OxicWtGlc,Unknown,0,accoa,C23H37N7O17P3S-,818,6,0.6760332,3.894218509,normMax,2.66E-08,0.676033174,EPI,t,
WTEColi_113C80_U13C20_01,OxicWtGlc,Unknown,0,accoa,C23H37N7O17P3S-,818,6,0.678614575,4.644916408,normMax,2.66E-08,0.678614548,MRM,t,
WTEColi_113C80_U13C20_01,OxicWtGlc,Unknown,0,accoa,C23H37N7O17P3S-,819,0,0,0,normMax,2.46E-09,,EPI,t,
WTEColi_113C80_U13C20_01,OxicWtGlc,Unknown,0,accoa,C23H37N7O17P3S-,819,6,0.493058624,4.265931991,normMax,2.46E-09,0.493058622,MRM,t,
WTEColi_113C80_U13C20_01,OxicWtGlc,Unknown,0,accoa,C23H37N7O17P3S-,820,0,0,0,normMax,8.70E-11,,EPI,t,
WTEColi_113C80_U13C20_01,OxicWtGlc,Unknown,0,accoa,C23H37N7O17P3S-,820,6,0.339785222,5.851140369,normMax,8.70E-11,0.339785222,MRM,t,
WTEColi_113C80_U13C20_01,OxicWtGlc,Unknown,0,accoa,C23H37N7O17P3S-,821,0,0,0,normMax,7.50E-12,,EPI,t,
WTEColi_113C80_U13C20_01,OxicWtGlc,Unknown,0,accoa,C23H37N7O17P3S-,821,6,0.213237203,8.866521553,normMax,7.50E-12,0.213237203,MRM,t,
WTEColi_113C80_U13C20_01,OxicWtGlc,Unknown,0,accoa,C23H37N7O17P3S-,822,0,0,0,normMax,,,EPI,t,
WTEColi_113C80_U13C20_01,OxicWtGlc,Unknown,0,accoa,C23H37N7O17P3S-,822,6,0.124047541,7.898422154,normMax,,,MRM,t,
WTEColi_113C80_U13C20_01,OxicWtGlc,Unknown,0,accoa,C23H37N7O17P3S-,823,0,0,0,normMax,,,EPI,t,
WTEColi_113C80_U13C20_01,OxicWtGlc,Unknown,0,accoa,C23H37N7O17P3S-,823,6,0.063966713,17.49389125,normMax,,,MRM,t,
WTEColi_113C80_U13C20_01,OxicWtGlc,Unknown,0,accoa,C23H37N7O17P3S-,824,0,0,0,normMax,,,EPI,t,
WTEColi_113C80_U13C20_01,OxicWtGlc,Unknown,0,accoa,C23H37N7O17P3S-,824,6,0.026901944,18.80739906,normMax,,,MRM,t,
WTEColi_113C80_U13C20_01,OxicWtGlc,Unknown,0,accoa,C23H37N7O17P3S-,825,0,0,0,normMax,,,EPI,t,
WTEColi_113C80_U13C20_01,OxicWtGlc,Unknown,0,accoa,C23H37N7O17P3S-,825,6,0.016415195,33.76547411,normMax,,,MRM,t,
WTEColi_113C80_U13C20_01,OxicWtGlc,Unknown,0,accoa,C23H37N7O17P3S-,826,0,0,0,normMax,,,EPI,t,
WTEColi_113C80_U13C20_01,OxicWtGlc,Unknown,0,accoa,C23H37N7O17P3S-,826,6,0.013621779,48.21856819,normMax,,,MRM,t,
WTEColi_113C80_U13C20_01,OxicWtGlc,Unknown,0,accoa,C23H37N7O17P3S-,827,0,0,0,normMax,,,EPI,t,
WTEColi_113C80_U13C20_01,OxicWtGlc,Unknown,0,accoa,C23H37N7O17P3S-,827,5,0.012436014,41.72611954,normMax,,,MRM,t,
WTEColi_113C80_U13C20_01,OxicWtGlc,Unknown,0,accoa,C23H37N7O17P3S-,828,0,0,0,normMax,,,EPI,t,
WTEColi_113C80_U13C20_01,OxicWtGlc,Unknown,0,accoa,C23H37N7O17P3S-,828,6,0.011557785,65.0764015,normMax,,,MRM,t,
WTEColi_113C80_U13C20_01,OxicWtGlc,Unknown,0,accoa,C23H37N7O17P3S-,829,0,0,0,normMax,,,EPI,t,
WTEColi_113C80_U13C20_01,OxicWtGlc,Unknown,0,accoa,C23H37N7O17P3S-,829,6,0.011277564,49.59371369,normMax,,,MRM,t,
WTEColi_113C80_U13C20_01,OxicWtGlc,Unknown,0,accoa,C23H37N7O17P3S-,830,0,0,0,normMax,,,EPI,t,
WTEColi_113C80_U13C20_01,OxicWtGlc,Unknown,0,accoa,C23H37N7O17P3S-,830,5,0.010841084,43.32419296,normMax,,,MRM,t,
WTEColi_113C80_U13C20_01,OxicWtGlc,Unknown,0,accoa,C23H37N7O17P3S-,831,0,0,0,normMax,,,EPI,t,
WTEColi_113C80_U13C20_01,OxicWtGlc,Unknown,0,accoa,C23H37N7O17P3S-,831,6,0.009264347,65.77931787,normMax,,,MRM,t,
WTEColi_113C80_U13C20_01,OxicWtGlc,Unknown,0,accoa,C23H36N7O14P2S-,728,0,0,0,normMax,1,,EPI,t,
WTEColi_113C80_U13C20_01,OxicWtGlc,Unknown,0,accoa,C23H36N7O14P2S-,729,0,0,0,normMax,0.292096232,,EPI,t,
WTEColi_113C80_U13C20_01,OxicWtGlc,Unknown,0,accoa,C23H36N7O14P2S-,730,0,0,0,normMax,0.115194889,,EPI,t,
WTEColi_113C80_U13C20_01,OxicWtGlc,Unknown,0,accoa,C23H36N7O14P2S-,731,0,0,0,normMax,0.024977989,,EPI,t,
WTEColi_113C80_U13C20_01,OxicWtGlc,Unknown,0,accoa,C23H36N7O14P2S-,732,0,0,0,normMax,0.00508516,,EPI,t,
WTEColi_113C80_U13C20_01,OxicWtGlc,Unknown,0,accoa,C23H36N7O14P2S-,733,5,0.746923586,8.833107179,normMax,0.00081574,0.746107846,EPI,t,
WTEColi_113C80_U13C20_01,OxicWtGlc,Unknown,0,accoa,C23H36N7O14P2S-,734,6,0.873747946,1.80916422,normMax,0.000118508,0.873629438,EPI,t,
WTEColi_113C80_U13C20_01,OxicWtGlc,Unknown,0,accoa,C23H36N7O14P2S-,735,6,0.98196751,3.576521696,normMax,1.50E-05,0.981952499,EPI,t,
WTEColi_113C80_U13C20_01,OxicWtGlc,Unknown,0,accoa,C23H36N7O14P2S-,736,6,0.95781053,6.021193176,normMax,1.73E-06,0.957808796,EPI,t,
WTEColi_113C80_U13C20_01,OxicWtGlc,Unknown,0,accoa,C23H36N7O14P2S-,737,6,0.814141288,8.75870759,normMax,1.78E-07,0.81414111,EPI,t,
WTEColi_113C80_U13C20_01,OxicWtGlc,Unknown,0,accoa,C23H36N7O14P2S-,738,4,0.689990446,3.517604154,normMax,1.59E-08,0.68999043,EPI,t,
WTEColi_113C80_U13C20_01,OxicWtGlc,Unknown,0,accoa,C23H36N7O14P2S-,739,0,0,0,normMax,1.29E-09,,EPI,t,
WTEColi_113C80_U13C20_01,OxicWtGlc,Unknown,0,accoa,C23H36N7O14P2S-,740,0,0,0,normMax,4.92E-11,,EPI,t,
WTEColi_113C80_U13C20_01,OxicWtGlc,Unknown,0,accoa,C23H36N7O14P2S-,741,0,0,0,normMax,3.53E-12,,EPI,t,
WTEColi_113C80_U13C20_01,OxicWtGlc,Unknown,0,accoa,C23H36N7O14P2S-,742,0,0,0,normMax,,,EPI,t,
WTEColi_113C80_U13C20_01,OxicWtGlc,Unknown,0,accoa,C23H36N7O14P2S-,743,0,0,0,normMax,,,EPI,t,
WTEColi_113C80_U13C20_01,OxicWtGlc,Unknown,0,accoa,C23H36N7O14P2S-,744,0,0,0,normMax,,,EPI,t,
WTEColi_113C80_U13C20_01,OxicWtGlc,Unknown,0,accoa,C23H36N7O14P2S-,745,0,0,0,normMax,,,EPI,t,
WTEColi_113C80_U13C20_01,OxicWtGlc,Unknown,0,accoa,C23H36N7O14P2S-,746,0,0,0,normMax,,,EPI,t,
WTEColi_113C80_U13C20_01,OxicWtGlc,Unknown,0,accoa,C23H36N7O14P2S-,747,0,0,0,normMax,,,EPI,t,
WTEColi_113C80_U13C20_01,OxicWtGlc,Unknown,0,accoa,C23H36N7O14P2S-,748,0,0,0,normMax,,,EPI,t,
WTEColi_113C80_U13C20_01,OxicWtGlc,Unknown,0,accoa,C23H36N7O14P2S-,749,0,0,0,normMax,,,EPI,t,
WTEColi_113C80_U13C20_01,OxicWtGlc,Unknown,0,accoa,C23H36N7O14P2S-,750,0,0,0,normMax,,,EPI,t,
WTEColi_113C80_U13C20_01,OxicWtGlc,Unknown,0,accoa,C23H36N7O14P2S-,751,0,0,0,normMax,,,EPI,t,
WTEColi_113C80_U13C20_01,OxicWtGlc,Unknown,0,accoa,C13H25N2O11P2S-,479,0,0,0,normMax,1,,EPI,t,
WTEColi_113C80_U13C20_01,OxicWtGlc,Unknown,0,accoa,C13H25N2O11P2S-,480,0,0,0,normMax,0.163063065,,EPI,t,
WTEColi_113C80_U13C20_01,OxicWtGlc,Unknown,0,accoa,C13H25N2O11P2S-,481,4,0.272214732,40.62050983,normMax,0.080283882,0.19193085,EPI,t,
WTEColi_113C80_U13C20_01,OxicWtGlc,Unknown,0,accoa,C13H25N2O11P2S-,482,3,0.566578144,39.78375226,normMax,0.011281358,0.555296786,EPI,t,
WTEColi_113C80_U13C20_01,OxicWtGlc,Unknown,0,accoa,C13H25N2O11P2S-,483,6,0.590646362,35.34745583,normMax,0.002273549,0.588372813,EPI,t,
WTEColi_113C80_U13C20_01,OxicWtGlc,Unknown,0,accoa,C13H25N2O11P2S-,484,5,1,0,normMax,0.000265146,0.999734854,EPI,t,
WTEColi_113C80_U13C20_01,OxicWtGlc,Unknown,0,accoa,C13H25N2O11P2S-,485,5,0.743091569,34.56852292,normMax,3.45E-05,0.743057037,EPI,t,
WTEColi_113C80_U13C20_01,OxicWtGlc,Unknown,0,accoa,C13H25N2O11P2S-,486,5,0.480508225,46.59526732,normMax,3.37E-06,0.480504853,EPI,t,
WTEColi_113C80_U13C20_01,OxicWtGlc,Unknown,0,accoa,C13H25N2O11P2S-,487,0,0,0,normMax,3.30E-07,,EPI,t,
WTEColi_113C80_U13C20_01,OxicWtGlc,Unknown,0,accoa,C13H25N2O11P2S-,488,2,0.151659943,41.84853491,normMax,2.58E-08,0.151659918,EPI,t,
WTEColi_113C80_U13C20_01,OxicWtGlc,Unknown,0,accoa,C13H25N2O11P2S-,489,3,0.145763853,31.66435202,normMax,2.01E-09,0.145763851,EPI,t,
WTEColi_113C80_U13C20_01,OxicWtGlc,Unknown,0,accoa,C13H25N2O11P2S-,490,2,0.200346427,48.81606492,normMax,7.24E-11,0.200346426,EPI,t,
WTEColi_113C80_U13C20_01,OxicWtGlc,Unknown,0,accoa,C13H25N2O11P2S-,491,2,0.27481635,35.87587376,normMax,5.06E-12,0.27481635,EPI,t,
WTEColi_113C80_U13C20_01,OxicWtGlc,Unknown,0,accoa,C13H25N2O11P2S-,492,0,0,0,normMax,,,EPI,t,
WTEColi_113C80_U13C20_01,OxicWtGlc,Unknown,0,accoa,C13H23N2O10P2S-,461,0,0,0,normMax,1,,EPI,t,
WTEColi_113C80_U13C20_01,OxicWtGlc,Unknown,0,accoa,C13H23N2O10P2S-,462,0,0,0,normMax,0.162452112,,EPI,t,
WTEColi_113C80_U13C20_01,OxicWtGlc,Unknown,0,accoa,C13H23N2O10P2S-,463,4,0.17374387,50.61624129,normMax,0.078129537,0.095614333,EPI,t,
WTEColi_113C80_U13C20_01,OxicWtGlc,Unknown,0,accoa,C13H23N2O10P2S-,464,6,0.717076994,30.5825054,normMax,0.010899297,0.706177697,EPI,t,
WTEColi_113C80_U13C20_01,OxicWtGlc,Unknown,0,accoa,C13H23N2O10P2S-,465,6,0.669021102,26.17318385,normMax,0.002106249,0.666914852,EPI,t,
WTEColi_113C80_U13C20_01,OxicWtGlc,Unknown,0,accoa,C13H23N2O10P2S-,466,6,0.850810727,31.699797,normMax,0.000241423,0.850569304,EPI,t,
WTEColi_113C80_U13C20_01,OxicWtGlc,Unknown,0,accoa,C13H23N2O10P2S-,467,6,0.690216613,22.95364455,normMax,3.01E-05,0.690186563,EPI,t,
WTEColi_113C80_U13C20_01,OxicWtGlc,Unknown,0,accoa,C13H23N2O10P2S-,468,6,0.363607684,49.18172801,normMax,2.86E-06,0.363604828,EPI,t,
WTEColi_113C80_U13C20_01,OxicWtGlc,Unknown,0,accoa,C13H23N2O10P2S-,469,5,0.216419609,47.32120201,normMax,2.66E-07,0.216419343,EPI,t,
WTEColi_113C80_U13C20_01,OxicWtGlc,Unknown,0,accoa,C13H23N2O10P2S-,470,0,0,0,normMax,2.03E-08,,EPI,t,
WTEColi_113C80_U13C20_01,OxicWtGlc,Unknown,0,accoa,C13H23N2O10P2S-,471,0,0,0,normMax,1.49E-09,,EPI,t,
WTEColi_113C80_U13C20_01,OxicWtGlc,Unknown,0,accoa,C13H23N2O10P2S-,472,0,0,0,normMax,5.47E-11,,EPI,t,
WTEColi_113C80_U13C20_01,OxicWtGlc,Unknown,0,accoa,C13H23N2O10P2S-,473,0,0,0,normMax,3.53E-12,,EPI,t,
WTEColi_113C80_U13C20_01,OxicWtGlc,Unknown,0,accoa,C13H23N2O10P2S-,474,0,0,0,normMax,,,EPI,t,
WTEColi_113C80_U13C20_01,OxicWtGlc,Unknown,0,accoa,C10H14N5O10P2-,426,5,0.146020749,41.74120622,normMax,1,0.853979251,EPI,t,
WTEColi_113C80_U13C20_01,OxicWtGlc,Unknown,0,accoa,C10H14N5O10P2-,427,6,0.467497412,63.84078409,normMax,0.132044687,0.335452725,EPI,t,
WTEColi_113C80_U13C20_01,OxicWtGlc,Unknown,0,accoa,C10H14N5O10P2-,428,6,0.983239506,2.684067388,normMax,0.028648011,0.954591494,EPI,t,
WTEColi_113C80_U13C20_01,OxicWtGlc,Unknown,0,accoa,C10H14N5O10P2-,429,6,0.736479751,30.38137976,normMax,0.003011856,0.733467896,EPI,t,
WTEColi_113C80_U13C20_01,OxicWtGlc,Unknown,0,accoa,C10H14N5O10P2-,430,6,0.562160842,24.59871579,normMax,0.000363408,0.561797434,EPI,t,
WTEColi_113C80_U13C20_01,OxicWtGlc,Unknown,0,accoa,C10H14N5O10P2-,431,6,0.268230749,49.53151083,normMax,3.13E-05,0.268199421,EPI,t,
WTEColi_113C80_U13C20_01,OxicWtGlc,Unknown,0,accoa,C10H14N5O10P2-,432,5,0.16496797,14.29122349,normMax,2.72E-06,0.164965245,EPI,t,
WTEColi_113C80_U13C20_01,OxicWtGlc,Unknown,0,accoa,C10H14N5O10P2-,433,2,0.061173903,38.94122898,normMax,1.96E-07,0.061173707,EPI,t,
WTEColi_113C80_U13C20_01,OxicWtGlc,Unknown,0,accoa,C10H14N5O10P2-,434,0,0,0,normMax,1.21E-08,,EPI,t,
WTEColi_113C80_U13C20_01,OxicWtGlc,Unknown,0,accoa,C10H14N5O10P2-,435,0,0,0,normMax,4.20E-11,,EPI,t,
WTEColi_113C80_U13C20_01,OxicWtGlc,Unknown,0,accoa,C10H14N5O10P2-,436,0,0,0,normMax,,,EPI,t,
WTEColi_113C80_U13C20_01,OxicWtGlc,Unknown,0,accoa,C10H12N5O9P2-,408,5,0.114037014,58.00662028,normMax,1,0.885962986,EPI,t,
WTEColi_113C80_U13C20_01,OxicWtGlc,Unknown,0,accoa,C10H12N5O9P2-,409,6,0.593040956,26.38408507,normMax,0.131433735,0.461607222,EPI,t,
WTEColi_113C80_U13C20_01,OxicWtGlc,Unknown,0,accoa,C10H12N5O9P2-,410,6,0.995405342,1.032139073,normMax,0.026512617,0.968892725,EPI,t,
WTEColi_113C80_U13C20_01,OxicWtGlc,Unknown,0,accoa,C10H12N5O9P2-,411,6,0.922309893,7.639927288,normMax,0.002725077,0.919584817,EPI,t,
WTEColi_113C80_U13C20_01,OxicWtGlc,Unknown,0,accoa,C10H12N5O9P2-,412,6,0.701278633,19.82661236,normMax,0.000307195,0.700971438,EPI,t,
WTEColi_113C80_U13C20_01,OxicWtGlc,Unknown,0,accoa,C10H12N5O9P2-,413,6,0.406761684,19.90430848,normMax,2.55E-05,0.406736156,EPI,t,
WTEColi_113C80_U13C20_01,OxicWtGlc,Unknown,0,accoa,C10H12N5O9P2-,414,5,0.191679682,34.45203976,normMax,2.08E-06,0.191677606,EPI,t,
WTEColi_113C80_U13C20_01,OxicWtGlc,Unknown,0,accoa,C10H12N5O9P2-,415,5,0.089876231,58.54585687,normMax,1.42E-07,0.089876089,EPI,t,
WTEColi_113C80_U13C20_01,OxicWtGlc,Unknown,0,accoa,C10H12N5O9P2-,416,2,0.030688327,40.24424308,normMax,7.71E-09,0.030688319,EPI,t,
WTEColi_113C80_U13C20_01,OxicWtGlc,Unknown,0,accoa,C10H12N5O9P2-,417,0,0,0,normMax,2.66E-11,,EPI,t,
WTEColi_113C80_U13C20_01,OxicWtGlc,Unknown,0,accoa,C10H12N5O9P2-,418,0,0,0,normMax,,,EPI,t,
WTEColi_113C80_U13C20_01,OxicWtGlc,Unknown,0,accoa,C10H11N5O6P-,328,0,0,0,normMax,1,,EPI,t,
WTEColi_113C80_U13C20_01,OxicWtGlc,Unknown,0,accoa,C10H11N5O6P-,329,3,0.326741403,45.87685391,normMax,0.130175944,0.196565459,EPI,t,
WTEColi_113C80_U13C20_01,OxicWtGlc,Unknown,0,accoa,C10H11N5O6P-,330,5,0.73475373,33.87607657,normMax,0.020183336,0.714570395,EPI,t,
WTEColi_113C80_U13C20_01,OxicWtGlc,Unknown,0,accoa,C10H11N5O6P-,331,4,0.814784414,18.84193597,normMax,0.001891678,0.812892736,EPI,t,
WTEColi_113C80_U13C20_01,OxicWtGlc,Unknown,0,accoa,C10H11N5O6P-,332,4,0.779431725,29.15675686,normMax,0.000167,0.779264725,EPI,t,
WTEColi_113C80_U13C20_01,OxicWtGlc,Unknown,0,accoa,C10H11N5O6P-,333,3,0.458065838,16.34883848,normMax,1.19E-05,0.458053948,EPI,t,
WTEColi_113C80_U13C20_01,OxicWtGlc,Unknown,0,accoa,C10H11N5O6P-,334,0,0,0,normMax,7.57E-07,,EPI,t,
WTEColi_113C80_U13C20_01,OxicWtGlc,Unknown,0,accoa,C10H11N5O6P-,335,0,0,0,normMax,4.13E-08,,EPI,t,
WTEColi_113C80_U13C20_01,OxicWtGlc,Unknown,0,accoa,C10H11N5O6P-,336,2,0.181299793,14.20385441,normMax,1.43E-10,0.181299793,EPI,t,
WTEColi_113C80_U13C20_01,OxicWtGlc,Unknown,0,accoa,C10H11N5O6P-,337,0,0,0,normMax,,,EPI,t,
WTEColi_113C80_U13C20_01,OxicWtGlc,Unknown,0,accoa,C10H11N5O6P-,338,0,0,0,normMax,,,EPI,t,
WTEColi_113C80_U13C20_01,OxicWtGlc,Unknown,0,acon-C,C6HO4-,137,6,0.852011039,24.68075825,normMax,1,0.147988961,EPI,t,
WTEColi_113C80_U13C20_01,OxicWtGlc,Unknown,0,acon-C,C6HO4-,138,3,0.981620262,1.329615593,normMax,0.066533086,0.915087177,EPI,t,
WTEColi_113C80_U13C20_01,OxicWtGlc,Unknown,0,acon-C,C6HO4-,139,2,0.970755871,3.012511165,normMax,0.010082064,0.960673807,EPI,t,
WTEColi_113C80_U13C20_01,OxicWtGlc,Unknown,0,acon-C,C6HO4-,140,0,0,0,normMax,0.000572017,,EPI,t,
WTEColi_113C80_U13C20_01,OxicWtGlc,Unknown,0,acon-C,C6HO4-,141,0,0,0,normMax,4.07E-05,,EPI,t,
WTEColi_113C80_U13C20_01,OxicWtGlc,Unknown,0,acon-C,C6HO4-,142,0,0,0,normMax,1.89E-06,,EPI,t,
WTEColi_113C80_U13C20_01,OxicWtGlc,Unknown,0,acon-C,C6HO4-,143,0,0,0,normMax,8.21E-08,,EPI,t,
WTEColi_113C80_U13C20_01,OxicWtGlc,Unknown,0,acon-C,C6H5O6-,173,6,0.520309948,10.23453798,normMax,1,0.479690052,EPI,t,
WTEColi_113C80_U13C20_01,OxicWtGlc,Unknown,0,acon-C,C6H5O6-,173,6,0.520309948,10.23453798,normMax,1,0.479690052,MRM,t,
WTEColi_113C80_U13C20_01,OxicWtGlc,Unknown,0,acon-C,C6H5O6-,174,6,0.924907724,7.565553507,normMax,0.06775499,0.857152734,EPI,t,
WTEColi_113C80_U13C20_01,OxicWtGlc,Unknown,0,acon-C,C6H5O6-,174,6,0.924907724,7.565553507,normMax,0.06775499,0.857152734,MRM,t,
WTEColi_113C80_U13C20_01,OxicWtGlc,Unknown,0,acon-C,C6H5O6-,175,6,0.982930375,2.492873504,normMax,0.014273923,0.968656452,EPI,t,
WTEColi_113C80_U13C20_01,OxicWtGlc,Unknown,0,acon-C,C6H5O6-,175,6,0.982930375,2.492873504,normMax,0.014273923,0.968656452,MRM,t,
WTEColi_113C80_U13C20_01,OxicWtGlc,Unknown,0,acon-C,C6H5O6-,176,6,0.753262768,3.383042068,normMax,0.000861281,0.752401486,EPI,t,
WTEColi_113C80_U13C20_01,OxicWtGlc,Unknown,0,acon-C,C6H5O6-,176,6,0.735421599,5.444771778,normMax,0.000861281,0.734560318,MRM,t,
WTEColi_113C80_U13C20_01,OxicWtGlc,Unknown,0,acon-C,C6H5O6-,177,6,0.419515666,5.401163028,normMax,8.73E-05,0.419428385,EPI,t,
WTEColi_113C80_U13C20_01,OxicWtGlc,Unknown,0,acon-C,C6H5O6-,177,6,0.391916458,5.536981905,normMax,8.73E-05,0.391829177,MRM,t,
WTEColi_113C80_U13C20_01,OxicWtGlc,Unknown,0,acon-C,C6H5O6-,178,6,0.179559595,10.70868314,normMax,4.61E-06,0.179554983,EPI,t,
WTEColi_113C80_U13C20_01,OxicWtGlc,Unknown,0,acon-C,C6H5O6-,178,6,0.163717791,8.592464646,normMax,4.61E-06,0.163713179,MRM,t,
WTEColi_113C80_U13C20_01,OxicWtGlc,Unknown,0,acon-C,C6H5O6-,179,4,0.004635136,10.5622134,normMax,2.96E-07,0.00463484,EPI,t,
WTEColi_113C80_U13C20_01,OxicWtGlc,Unknown,0,acon-C,C6H5O6-,179,6,0.028318626,14.79961897,normMax,2.96E-07,0.028318329,MRM,t,
WTEColi_113C80_U13C20_01,OxicWtGlc,Unknown,0,acon-C,C6H3O5-,155,6,0.520309948,10.23453798,normMax,1,0.479690052,EPI,t,
WTEColi_113C80_U13C20_01,OxicWtGlc,Unknown,0,acon-C,C6H3O5-,156,5,0.91569728,8.000219682,normMax,0.067144038,0.848553242,EPI,t,
WTEColi_113C80_U13C20_01,OxicWtGlc,Unknown,0,acon-C,C6H3O5-,157,6,0.982930375,2.492873504,normMax,0.012177807,0.970752568,EPI,t,
WTEColi_113C80_U13C20_01,OxicWtGlc,Unknown,0,acon-C,C6H3O5-,158,6,0.744193529,6.071814748,normMax,0.000715381,0.743478148,EPI,t,
WTEColi_113C80_U13C20_01,OxicWtGlc,Unknown,0,acon-C,C6H3O5-,159,6,0.399994564,7.232931135,normMax,6.18E-05,0.399932778,EPI,t,
WTEColi_113C80_U13C20_01,OxicWtGlc,Unknown,0,acon-C,C6H3O5-,160,6,0.168828387,9.72446733,normMax,3.10E-06,0.168825289,EPI,t,
WTEColi_113C80_U13C20_01,OxicWtGlc,Unknown,0,acon-C,C6H3O5-,161,0,0,0,normMax,1.67E-07,,EPI,t,
WTEColi_113C80_U13C20_01,OxicWtGlc,Unknown,0,acon-C,C5H5O4-,129,6,0.618271184,35.54274672,normMax,1,0.381728816,EPI,t,
WTEColi_113C80_U13C20_01,OxicWtGlc,Unknown,0,acon-C,C5H5O4-,129,6,0.499155882,10.08578631,normMax,1,0.500844118,MRM,t,
WTEColi_113C80_U13C20_01,OxicWtGlc,Unknown,0,acon-C,C5H5O4-,130,6,0.796321515,22.81268989,normMax,0.05617741,0.740144105,EPI,t,
WTEColi_113C80_U13C20_01,OxicWtGlc,Unknown,0,acon-C,C5H5O4-,130,6,0.991195864,1.986150926,normMax,0.05617741,0.935018454,MRM,t,
WTEColi_113C80_U13C20_01,OxicWtGlc,Unknown,0,acon-C,C5H5O4-,131,6,0.780065684,26.64308524,normMax,0.009505152,0.770560532,EPI,t,
WTEColi_113C80_U13C20_01,OxicWtGlc,Unknown,0,acon-C,C5H5O4-,131,6,0.919153163,7.80573,normMax,0.009505152,0.909648011,MRM,t,
WTEColi_113C80_U13C20_01,OxicWtGlc,Unknown,0,acon-C,C5H5O4-,132,6,0.81711253,19.10008339,normMax,0.000473856,0.816638675,EPI,t,
WTEColi_113C80_U13C20_01,OxicWtGlc,Unknown,0,acon-C,C5H5O4-,132,6,0.567650546,3.386953372,normMax,0.000473856,0.56717669,MRM,t,
WTEColi_113C80_U13C20_01,OxicWtGlc,Unknown,0,acon-C,C5H5O4-,133,6,0.457361328,21.43291748,normMax,3.58E-05,0.457325504,EPI,t,
WTEColi_113C80_U13C20_01,OxicWtGlc,Unknown,0,acon-C,C5H5O4-,133,6,0.309199355,4.774587074,normMax,3.58E-05,0.309163531,MRM,t,
WTEColi_113C80_U13C20_01,OxicWtGlc,Unknown,0,acon-C,C5H5O4-,134,6,0.12120216,24.34774806,normMax,1.53E-06,0.121200634,EPI,t,
WTEColi_113C80_U13C20_01,OxicWtGlc,Unknown,0,acon-C,C5H5O4-,134,6,0.079707111,8.172688618,normMax,1.53E-06,0.079705586,MRM,t,
WTEColi_113C80_U13C20_01,OxicWtGlc,Unknown,0,acon-C,C5H3O3-,111,6,0.465291756,48.85576525,normMax,1,0.534708244,EPI,t,
WTEColi_113C80_U13C20_01,OxicWtGlc,Unknown,0,acon-C,C5H3O3-,112,6,0.645205328,33.46553301,normMax,0.055566458,0.58963887,EPI,t,
WTEColi_113C80_U13C20_01,OxicWtGlc,Unknown,0,acon-C,C5H3O3-,113,6,0.501555189,51.06962297,normMax,0.007416109,0.49413908,EPI,t,
WTEColi_113C80_U13C20_01,OxicWtGlc,Unknown,0,acon-C,C5H3O3-,114,6,0.460878416,18.43686901,normMax,0.000354657,0.460523759,EPI,t,
WTEColi_113C80_U13C20_01,OxicWtGlc,Unknown,0,acon-C,C5H3O3-,115,6,0.968095939,6.010290192,normMax,2.03E-05,0.968075599,EPI,t,
WTEColi_113C80_U13C20_01,OxicWtGlc,Unknown,0,acon-C,C5H3O3-,116,6,0.76376126,21.99329827,normMax,7.81E-07,0.763760479,EPI,t,
WTEColi_113C80_U13C20_01,OxicWtGlc,Unknown,0,acon-C,C4H5O2-,85,6,0.800499374,16.49148359,normMax,1,0.199500626,EPI,t,
WTEColi_113C80_U13C20_01,OxicWtGlc,Unknown,0,acon-C,C4H5O2-,86,6,0.983937654,3.650281857,normMax,0.044599831,0.939337823,EPI,t,
WTEColi_113C80_U13C20_01,OxicWtGlc,Unknown,0,acon-C,C4H5O2-,87,6,0.741683983,18.57075703,normMax,0.004870422,0.736813561,EPI,t,
WTEColi_113C80_U13C20_01,OxicWtGlc,Unknown,0,acon-C,C4H5O2-,88,6,0.135721877,11.97478957,normMax,0.00018777,0.135534107,EPI,t,
WTEColi_113C80_U13C20_01,OxicWtGlc,Unknown,0,acon-C,C4H5O2-,89,6,0.05375853,50.59562518,normMax,7.30E-06,0.05375123,EPI,t,
WTEColi_113C80_U13C20_01,OxicWtGlc,Unknown,0,acon-C,C4H3O4-,115,6,1,0,normMax,1,0,EPI,t,
WTEColi_113C80_U13C20_01,OxicWtGlc,Unknown,0,acon-C,C4H3O4-,116,6,0.613083931,7.335755765,normMax,0.045131655,0.567952276,EPI,t,
WTEColi_113C80_U13C20_01,OxicWtGlc,Unknown,0,acon-C,C4H3O4-,117,6,0.213417621,13.12336184,normMax,0.009004138,0.204413483,EPI,t,
WTEColi_113C80_U13C20_01,OxicWtGlc,Unknown,0,acon-C,C4H3O4-,118,6,0.127796295,114.5366974,normMax,0.000374285,0.12742201,EPI,t,
WTEColi_113C80_U13C20_01,OxicWtGlc,Unknown,0,acon-C,C4H3O4-,119,4,0.001962195,25.01248617,normMax,3.17E-05,0.001930528,EPI,t,
WTEColi_113C80_U13C20_01,OxicWtGlc,Unknown,0,akg,C5H5O5-,145,0,0,0,normMax,1,,MRM,t,
WTEColi_113C80_U13C20_01,OxicWtGlc,Unknown,0,akg,C5H5O5-,146,6,0.993071445,1.333750556,normMax,0.056558336,0.936513109,MRM,t,
WTEColi_113C80_U13C20_01,OxicWtGlc,Unknown,0,akg,C5H5O5-,147,6,0.938472717,7.908776079,normMax,0.011581545,0.926891172,MRM,t,
WTEColi_113C80_U13C20_01,OxicWtGlc,Unknown,0,akg,C5H5O5-,148,6,0.609754182,7.529042936,normMax,0.000592921,0.609161261,MRM,t,
WTEColi_113C80_U13C20_01,OxicWtGlc,Unknown,0,akg,C5H5O5-,149,6,0.20927104,18.44599959,normMax,5.55E-05,0.209215503,MRM,t,
WTEColi_113C80_U13C20_01,OxicWtGlc,Unknown,0,akg,C5H5O5-,150,6,0.066319748,15.20895032,normMax,2.51E-06,0.066317235,MRM,t,
WTEColi_113C80_U13C20_01,OxicWtGlc,Unknown,0,akg,C4H5O3-,101,4,0.033652975,12.5334031,normMax,1,0.966347025,MRM,t,
WTEColi_113C80_U13C20_01,OxicWtGlc,Unknown,0,akg,C4H5O3-,102,6,1,0,normMax,0.044980756,0.955019244,MRM,t,
WTEColi_113C80_U13C20_01,OxicWtGlc,Unknown,0,akg,C4H5O3-,103,6,0.828123289,9.641906203,normMax,0.006942404,0.821180885,MRM,t,
WTEColi_113C80_U13C20_01,OxicWtGlc,Unknown,0,akg,C4H5O3-,104,6,0.384401571,6.162980473,normMax,0.000281277,0.384120294,MRM,t,
WTEColi_113C80_U13C20_01,OxicWtGlc,Unknown,0,akg,C4H5O3-,105,6,0.108072828,31.92661452,normMax,1.74E-05,0.108055448,MRM,t,
WTEColi_113C80_U13C20_01,OxicWtGlc,Unknown,0,amp,C5H4N5-,134,4,0.215244711,84.1734226,normMax,1,0.784755289,EPI,t,
WTEColi_113C80_U13C20_01,OxicWtGlc,Unknown,0,amp,C5H4N5-,135,6,0.868727642,15.90136481,normMax,0.073006656,0.795720985,EPI,t,
WTEColi_113C80_U13C20_01,OxicWtGlc,Unknown,0,amp,C5H4N5-,136,5,0.981106683,2.857102002,normMax,0.002338403,0.97876828,EPI,t,
WTEColi_113C80_U13C20_01,OxicWtGlc,Unknown,0,amp,C5H4N5-,137,3,0.411037175,33.2201859,normMax,4.32E-05,0.410993972,EPI,t,
WTEColi_113C80_U13C20_01,OxicWtGlc,Unknown,0,amp,C5H4N5-,138,2,0.24182625,28.45563469,normMax,5.09E-07,0.241825741,EPI,t,
WTEColi_113C80_U13C20_01,OxicWtGlc,Unknown,0,amp,C5H4N5-,139,0,0,0,normMax,1.39E-09,,EPI,t,
WTEColi_113C80_U13C20_01,OxicWtGlc,Unknown,0,amp,C10H13N5O7P-,346,0,0,0,normMax,1,,EPI,t,
WTEColi_113C80_U13C20_01,OxicWtGlc,Unknown,0,amp,C10H13N5O7P-,346,6,0.228197635,11.9914217,normMax,1,0.771802365,MRM,t,
WTEColi_113C80_U13C20_01,OxicWtGlc,Unknown,0,amp,C10H13N5O7P-,347,6,0.870636875,6.071138959,normMax,0.130786897,0.739849978,EPI,t,
WTEColi_113C80_U13C20_01,OxicWtGlc,Unknown,0,amp,C10H13N5O7P-,347,6,0.870636875,6.071138959,normMax,0.130786897,0.739849978,MRM,t,
WTEColi_113C80_U13C20_01,OxicWtGlc,Unknown,0,amp,C10H13N5O7P-,348,6,0.997608839,0.535961349,normMax,0.022317961,0.975290878,EPI,t,
WTEColi_113C80_U13C20_01,OxicWtGlc,Unknown,0,amp,C10H13N5O7P-,348,6,0.997608839,0.535961349,normMax,0.022317961,0.975290878,MRM,t,
WTEColi_113C80_U13C20_01,OxicWtGlc,Unknown,0,amp,C10H13N5O7P-,349,6,0.949810025,5.062928591,normMax,0.002172006,0.947638019,EPI,t,
WTEColi_113C80_U13C20_01,OxicWtGlc,Unknown,0,amp,C10H13N5O7P-,349,6,0.949810025,5.062928591,normMax,0.002172006,0.947638019,MRM,t,
WTEColi_113C80_U13C20_01,OxicWtGlc,Unknown,0,amp,C10H13N5O7P-,350,4,0.479442126,24.79236905,normMax,0.000209696,0.47923243,EPI,t,
WTEColi_113C80_U13C20_01,OxicWtGlc,Unknown,0,amp,C10H13N5O7P-,350,4,0.479442126,24.79236905,normMax,0.000209696,0.47923243,MRM,t,
WTEColi_113C80_U13C20_01,OxicWtGlc,Unknown,0,amp,C10H13N5O7P-,351,6,0.470065594,11.09122747,normMax,1.59E-05,0.470049705,EPI,t,
WTEColi_113C80_U13C20_01,OxicWtGlc,Unknown,0,amp,C10H13N5O7P-,351,6,0.470065594,11.09122747,normMax,1.59E-05,0.470049705,MRM,t,
WTEColi_113C80_U13C20_01,OxicWtGlc,Unknown,0,amp,C10H13N5O7P-,352,0,0,0,normMax,1.11E-06,,EPI,t,
WTEColi_113C80_U13C20_01,OxicWtGlc,Unknown,0,amp,C10H13N5O7P-,352,6,0.331478032,4.917425176,normMax,1.11E-06,0.331476924,MRM,t,
WTEColi_113C80_U13C20_01,OxicWtGlc,Unknown,0,amp,C10H13N5O7P-,353,0,0,0,normMax,6.63E-08,,EPI,t,
WTEColi_113C80_U13C20_01,OxicWtGlc,Unknown,0,amp,C10H13N5O7P-,353,6,0.194635721,4.513083813,normMax,6.63E-08,0.194635655,MRM,t,
WTEColi_113C80_U13C20_01,OxicWtGlc,Unknown,0,amp,C10H13N5O7P-,354,0,0,0,normMax,2.21E-09,,EPI,t,
WTEColi_113C80_U13C20_01,OxicWtGlc,Unknown,0,amp,C10H13N5O7P-,354,6,0.069698998,11.96991959,normMax,2.21E-09,0.069698996,MRM,t,
WTEColi_113C80_U13C20_01,OxicWtGlc,Unknown,0,amp,C10H13N5O7P-,355,0,0,0,normMax,7.30E-12,,EPI,t,
WTEColi_113C80_U13C20_01,OxicWtGlc,Unknown,0,amp,C10H13N5O7P-,355,6,0.027195954,21.01572804,normMax,7.30E-12,0.027195953,MRM,t,
WTEColi_113C80_U13C20_01,OxicWtGlc,Unknown,0,amp,C10H13N5O7P-,356,0,0,0,normMax,,,EPI,t,
WTEColi_113C80_U13C20_01,OxicWtGlc,Unknown,0,amp,C10H13N5O7P-,356,0,0,0,normMax,,,MRM,t,
WTEColi_113C80_U13C20_01,OxicWtGlc,Unknown,0,asp-L,C4H6NO4-,132,6,0.91782708,7.201857306,normMax,1,0.08217292,EPI,t,
WTEColi_113C80_U13C20_01,OxicWtGlc,Unknown,0,asp-L,C4H6NO4-,132,6,0.91782708,7.201857306,normMax,1,0.08217292,MRM,t,
WTEColi_113C80_U13C20_01,OxicWtGlc,Unknown,0,asp-L,C4H6NO4-,133,6,0.986995066,2.479892437,normMax,0.049170288,0.937824779,EPI,t,
WTEColi_113C80_U13C20_01,OxicWtGlc,Unknown,0,asp-L,C4H6NO4-,133,6,0.986995066,2.479892437,normMax,0.049170288,0.937824779,MRM,t,
WTEColi_113C80_U13C20_01,OxicWtGlc,Unknown,0,asp-L,C4H6NO4-,134,6,0.418188638,6.536578964,normMax,0.009187722,0.409000916,EPI,t,
WTEColi_113C80_U13C20_01,OxicWtGlc,Unknown,0,asp-L,C4H6NO4-,134,6,0.418188638,6.536578964,normMax,0.009187722,0.409000916,MRM,t,
WTEColi_113C80_U13C20_01,OxicWtGlc,Unknown,0,asp-L,C4H6NO4-,135,6,0.421122735,13.32763435,normMax,0.000410709,0.420712026,EPI,t,
WTEColi_113C80_U13C20_01,OxicWtGlc,Unknown,0,asp-L,C4H6NO4-,135,6,0.421122735,13.32763435,normMax,0.000410709,0.420712026,MRM,t,
WTEColi_113C80_U13C20_01,OxicWtGlc,Unknown,0,asp-L,C4H6NO4-,136,0,0,0,normMax,3.32E-05,,EPI,t,
WTEColi_113C80_U13C20_01,OxicWtGlc,Unknown,0,asp-L,C4H6NO4-,136,6,0.06887985,14.02501542,normMax,3.32E-05,0.06884666,MRM,t,
WTEColi_113C80_U13C20_01,OxicWtGlc,Unknown,0,asp-L,C4H3O4-,115,6,0.986919924,2.963557466,normMax,1,0.013080076,EPI,t,
WTEColi_113C80_U13C20_01,OxicWtGlc,Unknown,0,asp-L,C4H3O4-,116,6,0.922254117,7.334222774,normMax,0.045131655,0.877122461,EPI,t,
WTEColi_113C80_U13C20_01,OxicWtGlc,Unknown,0,asp-L,C4H3O4-,117,5,0.628375394,18.29016788,normMax,0.009004138,0.619371256,EPI,t,
WTEColi_113C80_U13C20_01,OxicWtGlc,Unknown,0,asp-L,C4H3O4-,118,0,0,0,normMax,0.000374285,,EPI,t,
WTEColi_113C80_U13C20_01,OxicWtGlc,Unknown,0,asp-L,C4H3O4-,119,0,0,0,normMax,3.17E-05,,EPI,t,
WTEColi_113C80_U13C20_01,OxicWtGlc,Unknown,0,asp-L,C3H6NO2-,88,6,0.924130385,12.8395675,normMax,1,0.075869615,EPI,t,
WTEColi_113C80_U13C20_01,OxicWtGlc,Unknown,0,asp-L,C3H6NO2-,88,6,0.954052059,4.646140998,normMax,1,0.045947941,MRM,t,
WTEColi_113C80_U13C20_01,OxicWtGlc,Unknown,0,asp-L,C3H6NO2-,89,6,0.940154035,5.298014877,normMax,0.037592708,0.902561328,EPI,t,
WTEColi_113C80_U13C20_01,OxicWtGlc,Unknown,0,asp-L,C3H6NO2-,89,6,0.975225818,3.698003727,normMax,0.037592708,0.93763311,MRM,t,
WTEColi_113C80_U13C20_01,OxicWtGlc,Unknown,0,asp-L,C3H6NO2-,90,6,0.485013612,48.68951908,normMax,0.004634117,0.480379495,EPI,t,
WTEColi_113C80_U13C20_01,OxicWtGlc,Unknown,0,asp-L,C3H6NO2-,90,6,0.411348674,7.106391129,normMax,0.004634117,0.406714557,MRM,t,
WTEColi_113C80_U13C20_01,OxicWtGlc,Unknown,0,asp-L,C3H6NO2-,91,6,0.341450108,22.72755375,normMax,0.000156217,0.341293892,EPI,t,
WTEColi_113C80_U13C20_01,OxicWtGlc,Unknown,0,asp-L,C3H6NO2-,91,6,0.289921393,10.92654725,normMax,0.000156217,0.289765176,MRM,t,
WTEColi_113C80_U13C20_01,OxicWtGlc,Unknown,0,asp-L,C3H3O2-,71,6,0.697619554,18.6854785,normMax,1,0.302380446,EPI,t,
WTEColi_113C80_U13C20_01,OxicWtGlc,Unknown,0,asp-L,C3H3O2-,72,6,0.255821497,33.2093668,normMax,0.033554076,0.222267421,EPI,t,
WTEColi_113C80_U13C20_01,OxicWtGlc,Unknown,0,asp-L,C3H3O2-,73,6,1,0,normMax,0.00449729,0.99550271,EPI,t,
WTEColi_113C80_U13C20_01,OxicWtGlc,Unknown,0,asp-L,C3H3O2-,74,0,0,0,normMax,0.000138009,,EPI,t,
WTEColi_113C80_U13C20_01,OxicWtGlc,Unknown,0,atp,C5H4N5-,134,6,0.270364312,32.49791454,normMax,1,0.729635688,EPI,t,
WTEColi_113C80_U13C20_01,OxicWtGlc,Unknown,0,atp,C5H4N5-,135,6,0.861890789,15.53536268,normMax,0.073006656,0.788884132,EPI,t,
WTEColi_113C80_U13C20_01,OxicWtGlc,Unknown,0,atp,C5H4N5-,136,6,0.898376887,16.72856697,normMax,0.002338403,0.896038484,EPI,t,
WTEColi_113C80_U13C20_01,OxicWtGlc,Unknown,0,atp,C5H4N5-,137,6,0.440193589,43.26737745,normMax,4.32E-05,0.440150386,EPI,t,
WTEColi_113C80_U13C20_01,OxicWtGlc,Unknown,0,atp,C5H4N5-,138,6,0.125326273,46.89872892,normMax,5.09E-07,0.125325765,EPI,t,
WTEColi_113C80_U13C20_01,OxicWtGlc,Unknown,0,atp,C5H4N5-,139,3,0.100972172,10.40681926,normMax,1.39E-09,0.100972171,EPI,t,
WTEColi_113C80_U13C20_01,OxicWtGlc,Unknown,0,atp,C10H15N5O13P3-,506,6,0.306351807,9.920068429,normMax,1,0.693648193,EPI,t,
WTEColi_113C80_U13C20_01,OxicWtGlc,Unknown,0,atp,C10H15N5O13P3-,506,6,0.308452724,10.00017112,normMax,1,0.691547276,MRM,t,
WTEColi_113C80_U13C20_01,OxicWtGlc,Unknown,0,atp,C10H15N5O13P3-,507,6,0.820361637,3.962876096,normMax,0.133302477,0.68705916,EPI,t,
WTEColi_113C80_U13C20_01,OxicWtGlc,Unknown,0,atp,C10H15N5O13P3-,507,6,0.825942581,4.035866802,normMax,0.133302477,0.692640104,MRM,t,
WTEColi_113C80_U13C20_01,OxicWtGlc,Unknown,0,atp,C10H15N5O13P3-,508,6,1,0,normMax,0.034979644,0.965020356,EPI,t,
WTEColi_113C80_U13C20_01,OxicWtGlc,Unknown,0,atp,C10H15N5O13P3-,508,6,1,0,normMax,0.034979644,0.965020356,MRM,t,
WTEColi_113C80_U13C20_01,OxicWtGlc,Unknown,0,atp,C10H15N5O13P3-,509,6,0.897645747,2.351915682,normMax,0.003867423,0.893778325,EPI,t,
WTEColi_113C80_U13C20_01,OxicWtGlc,Unknown,0,atp,C10H15N5O13P3-,509,6,0.901968747,2.320589283,normMax,0.003867423,0.898101324,MRM,t,
WTEColi_113C80_U13C20_01,OxicWtGlc,Unknown,0,atp,C10H15N5O13P3-,510,6,0.690357367,4.723301438,normMax,0.000557211,0.689800156,EPI,t,
WTEColi_113C80_U13C20_01,OxicWtGlc,Unknown,0,atp,C10H15N5O13P3-,510,6,0.691767199,4.787827795,normMax,0.000557211,0.691209988,MRM,t,
WTEColi_113C80_U13C20_01,OxicWtGlc,Unknown,0,atp,C10H15N5O13P3-,511,6,0.455321524,7.30606418,normMax,5.22E-05,0.455269335,EPI,t,
WTEColi_113C80_U13C20_01,OxicWtGlc,Unknown,0,atp,C10H15N5O13P3-,511,6,0.457680392,7.233782538,normMax,5.22E-05,0.457628202,MRM,t,
WTEColi_113C80_U13C20_01,OxicWtGlc,Unknown,0,atp,C10H15N5O13P3-,512,6,0.29826677,5.623457212,normMax,5.39E-06,0.298261376,EPI,t,
WTEColi_113C80_U13C20_01,OxicWtGlc,Unknown,0,atp,C10H15N5O13P3-,512,6,0.299457108,5.57610526,normMax,5.39E-06,0.299451714,MRM,t,
WTEColi_113C80_U13C20_01,OxicWtGlc,Unknown,0,atp,C10H15N5O13P3-,513,0,0,0,normMax,4.34E-07,,EPI,t,
WTEColi_113C80_U13C20_01,OxicWtGlc,Unknown,0,atp,C10H15N5O13P3-,513,6,0.174438437,4.289126606,normMax,4.34E-07,0.174438004,MRM,t,
WTEColi_113C80_U13C20_01,OxicWtGlc,Unknown,0,atp,C10H15N5O13P3-,514,0,0,0,normMax,3.42E-08,,EPI,t,
WTEColi_113C80_U13C20_01,OxicWtGlc,Unknown,0,atp,C10H15N5O13P3-,514,6,0.075285684,7.39256572,normMax,3.42E-08,0.07528565,MRM,t,
WTEColi_113C80_U13C20_01,OxicWtGlc,Unknown,0,atp,C10H15N5O13P3-,515,0,0,0,normMax,1.20E-10,,EPI,t,
WTEColi_113C80_U13C20_01,OxicWtGlc,Unknown,0,atp,C10H15N5O13P3-,515,6,0.027224814,8.565373667,normMax,1.20E-10,0.027224814,MRM,t,
WTEColi_113C80_U13C20_01,OxicWtGlc,Unknown,0,atp,C10H15N5O13P3-,516,0,0,0,normMax,,,EPI,t,
WTEColi_113C80_U13C20_01,OxicWtGlc,Unknown,0,atp,C10H15N5O13P3-,516,6,0.006888423,11.7207417,normMax,,,MRM,t,
WTEColi_113C80_U13C20_01,OxicWtGlc,Unknown,0,atp,C10H14N5O10P2-,426,6,0.305745623,10.64766456,normMax,1,0.694254377,EPI,t,
WTEColi_113C80_U13C20_01,OxicWtGlc,Unknown,0,atp,C10H14N5O10P2-,427,6,0.818467625,4.813326573,normMax,0.132044687,0.686422939,EPI,t,
WTEColi_113C80_U13C20_01,OxicWtGlc,Unknown,0,atp,C10H14N5O10P2-,428,6,1,0,normMax,0.028648011,0.971351989,EPI,t,
WTEColi_113C80_U13C20_01,OxicWtGlc,Unknown,0,atp,C10H14N5O10P2-,429,6,0.908619183,3.818000299,normMax,0.003011856,0.905607328,EPI,t,
WTEColi_113C80_U13C20_01,OxicWtGlc,Unknown,0,atp,C10H14N5O10P2-,430,6,0.684870277,3.273096774,normMax,0.000363408,0.684506869,EPI,t,
WTEColi_113C80_U13C20_01,OxicWtGlc,Unknown,0,atp,C10H14N5O10P2-,431,6,0.475097156,10.05250616,normMax,3.13E-05,0.475065828,EPI,t,
WTEColi_113C80_U13C20_01,OxicWtGlc,Unknown,0,atp,C10H14N5O10P2-,432,6,0.307711136,11.01591173,normMax,2.72E-06,0.307708411,EPI,t,
WTEColi_113C80_U13C20_01,OxicWtGlc,Unknown,0,atp,C10H14N5O10P2-,433,0,0,0,normMax,1.96E-07,,EPI,t,
WTEColi_113C80_U13C20_01,OxicWtGlc,Unknown,0,atp,C10H14N5O10P2-,434,0,0,0,normMax,1.21E-08,,EPI,t,
WTEColi_113C80_U13C20_01,OxicWtGlc,Unknown,0,atp,C10H14N5O10P2-,435,0,0,0,normMax,4.20E-11,,EPI,t,
WTEColi_113C80_U13C20_01,OxicWtGlc,Unknown,0,atp,C10H14N5O10P2-,436,0,0,0,normMax,,,EPI,t,
WTEColi_113C80_U13C20_01,OxicWtGlc,Unknown,0,atp,C10H12N5O9P2-,408,6,0.304904771,9.343525028,normMax,1,0.695095229,EPI,t,
WTEColi_113C80_U13C20_01,OxicWtGlc,Unknown,0,atp,C10H12N5O9P2-,409,6,0.826362919,3.893513896,normMax,0.131433735,0.694929184,EPI,t,
WTEColi_113C80_U13C20_01,OxicWtGlc,Unknown,0,atp,C10H12N5O9P2-,410,6,1,0,normMax,0.026512617,0.973487383,EPI,t,
WTEColi_113C80_U13C20_01,OxicWtGlc,Unknown,0,atp,C10H12N5O9P2-,411,6,0.917750113,2.999094981,normMax,0.002725077,0.915025036,EPI,t,
WTEColi_113C80_U13C20_01,OxicWtGlc,Unknown,0,atp,C10H12N5O9P2-,412,6,0.709982697,5.506009734,normMax,0.000307195,0.709675502,EPI,t,
WTEColi_113C80_U13C20_01,OxicWtGlc,Unknown,0,atp,C10H12N5O9P2-,413,6,0.465710346,6.868566058,normMax,2.55E-05,0.465684817,EPI,t,
WTEColi_113C80_U13C20_01,OxicWtGlc,Unknown,0,atp,C10H12N5O9P2-,414,6,0.302202024,6.31006843,normMax,2.08E-06,0.302199948,EPI,t,
WTEColi_113C80_U13C20_01,OxicWtGlc,Unknown,0,atp,C10H12N5O9P2-,415,0,0,0,normMax,1.42E-07,,EPI,t,
WTEColi_113C80_U13C20_01,OxicWtGlc,Unknown,0,atp,C10H12N5O9P2-,416,3,0.029605327,1.031993445,normMax,7.71E-09,0.029605319,EPI,t,
WTEColi_113C80_U13C20_01,OxicWtGlc,Unknown,0,atp,C10H12N5O9P2-,417,0,0,0,normMax,2.66E-11,,EPI,t,
WTEColi_113C80_U13C20_01,OxicWtGlc,Unknown,0,atp,C10H12N5O9P2-,418,0,0,0,normMax,,,EPI,t,
WTEColi_113C80_U13C20_01,OxicWtGlc,Unknown,0,atp,C10H11N5O6P-,328,6,0.276856731,22.06195693,normMax,1,0.723143269,EPI,t,
WTEColi_113C80_U13C20_01,OxicWtGlc,Unknown,0,atp,C10H11N5O6P-,329,6,0.739627984,19.40552445,normMax,0.130175944,0.60945204,EPI,t,
WTEColi_113C80_U13C20_01,OxicWtGlc,Unknown,0,atp,C10H11N5O6P-,330,6,0.995861516,0.929238733,normMax,0.020183336,0.975678181,EPI,t,
WTEColi_113C80_U13C20_01,OxicWtGlc,Unknown,0,atp,C10H11N5O6P-,331,6,0.824477614,20.57708185,normMax,0.001891678,0.822585936,EPI,t,
WTEColi_113C80_U13C20_01,OxicWtGlc,Unknown,0,atp,C10H11N5O6P-,332,6,0.620240559,20.05245394,normMax,0.000167,0.620073558,EPI,t,
WTEColi_113C80_U13C20_01,OxicWtGlc,Unknown,0,atp,C10H11N5O6P-,333,6,0.447494359,28.30619529,normMax,1.19E-05,0.447482468,EPI,t,
WTEColi_113C80_U13C20_01,OxicWtGlc,Unknown,0,atp,C10H11N5O6P-,334,3,0.279590422,3.652813448,normMax,7.57E-07,0.279589665,EPI,t,
WTEColi_113C80_U13C20_01,OxicWtGlc,Unknown,0,atp,C10H11N5O6P-,335,0,0,0,normMax,4.13E-08,,EPI,t,
WTEColi_113C80_U13C20_01,OxicWtGlc,Unknown,0,atp,C10H11N5O6P-,336,0,0,0,normMax,1.43E-10,,EPI,t,
WTEColi_113C80_U13C20_01,OxicWtGlc,Unknown,0,atp,C10H11N5O6P-,337,0,0,0,normMax,,,EPI,t,
WTEColi_113C80_U13C20_01,OxicWtGlc,Unknown,0,atp,C10H11N5O6P-,338,0,0,0,normMax,,,EPI,t,
WTEColi_113C80_U13C20_01,OxicWtGlc,Unknown,0,dhap,C3H6O6P-,169,6,0.595452001,15.5006228,normMax,1,0.404547999,EPI,t,
WTEColi_113C80_U13C20_01,OxicWtGlc,Unknown,0,dhap,C3H6O6P-,169,6,0.595452001,15.5006228,normMax,1,0.404547999,MRM,t,
WTEColi_113C80_U13C20_01,OxicWtGlc,Unknown,0,dhap,C3H6O6P-,170,6,1,0,normMax,0.035422818,0.964577182,EPI,t,
WTEColi_113C80_U13C20_01,OxicWtGlc,Unknown,0,dhap,C3H6O6P-,170,6,1,0,normMax,0.035422818,0.964577182,MRM,t,
WTEColi_113C80_U13C20_01,OxicWtGlc,Unknown,0,dhap,C3H6O6P-,171,0,0,0,normMax,0.012781405,,EPI,t,
WTEColi_113C80_U13C20_01,OxicWtGlc,Unknown,0,dhap,C3H6O6P-,171,0,0,0,normMax,0.012781405,,MRM,t,
WTEColi_113C80_U13C20_01,OxicWtGlc,Unknown,0,dhap,C3H6O6P-,172,0,0,0,normMax,0.000434506,,EPI,t,
WTEColi_113C80_U13C20_01,OxicWtGlc,Unknown,0,dhap,C3H6O6P-,172,6,0.478262158,10.75570272,normMax,0.000434506,0.477827652,MRM,t,
WTEColi_113C80_U13C20_01,OxicWtGlc,Unknown,0,fad,C27H32N9O15P2-,784,0,0,0,normMax,1,,MRM,t,
WTEColi_113C80_U13C20_01,OxicWtGlc,Unknown,0,fad,C27H32N9O15P2-,785,0,0,0,normMax,0.334661304,,MRM,t,
WTEColi_113C80_U13C20_01,OxicWtGlc,Unknown,0,fad,C27H32N9O15P2-,786,6,0.211951279,29.23983416,normMax,0.085182077,0.126769202,MRM,t,
WTEColi_113C80_U13C20_01,OxicWtGlc,Unknown,0,fad,C27H32N9O15P2-,787,6,0.445379001,14.30768387,normMax,0.016013114,0.429365887,MRM,t,
WTEColi_113C80_U13C20_01,OxicWtGlc,Unknown,0,fad,C27H32N9O15P2-,788,6,0.633664173,10.04462261,normMax,0.002550861,0.631113311,MRM,t,
WTEColi_113C80_U13C20_01,OxicWtGlc,Unknown,0,fad,C27H32N9O15P2-,789,6,0.767711342,11.55233897,normMax,0.000349169,0.767362173,MRM,t,
WTEColi_113C80_U13C20_01,OxicWtGlc,Unknown,0,fad,C27H32N9O15P2-,790,6,0.871914535,8.530214232,normMax,4.25E-05,0.871872003,MRM,t,
WTEColi_113C80_U13C20_01,OxicWtGlc,Unknown,0,fad,C27H32N9O15P2-,791,6,0.944807134,4.790144303,normMax,4.66E-06,0.94480247,MRM,t,
WTEColi_113C80_U13C20_01,OxicWtGlc,Unknown,0,fad,C27H32N9O15P2-,792,6,0.920317829,8.49475096,normMax,4.66E-07,0.920317362,MRM,t,
WTEColi_113C80_U13C20_01,OxicWtGlc,Unknown,0,fad,C27H32N9O15P2-,793,6,0.904767258,6.691856697,normMax,3.89E-08,0.904767219,MRM,t,
WTEColi_113C80_U13C20_01,OxicWtGlc,Unknown,0,fad,C27H32N9O15P2-,794,6,0.748318651,8.793611538,normMax,1.38E-10,0.748318651,MRM,t,
WTEColi_113C80_U13C20_01,OxicWtGlc,Unknown,0,fad,C27H32N9O15P2-,795,6,0.577322825,3.423636069,normMax,,,MRM,t,
WTEColi_113C80_U13C20_01,OxicWtGlc,Unknown,0,fad,C27H32N9O15P2-,796,6,0.405600478,9.799677589,normMax,,,MRM,t,
WTEColi_113C80_U13C20_01,OxicWtGlc,Unknown,0,fad,C27H32N9O15P2-,797,6,0.291848179,15.94568783,normMax,,,MRM,t,
WTEColi_113C80_U13C20_01,OxicWtGlc,Unknown,0,fad,C27H32N9O15P2-,798,6,0.188626851,14.12526582,normMax,,,MRM,t,
WTEColi_113C80_U13C20_01,OxicWtGlc,Unknown,0,fad,C27H32N9O15P2-,799,6,0.107978322,20.47846796,normMax,,,MRM,t,
WTEColi_113C80_U13C20_01,OxicWtGlc,Unknown,0,fad,C27H32N9O15P2-,800,6,0.060925875,45.49206722,normMax,,,MRM,t,
WTEColi_113C80_U13C20_01,OxicWtGlc,Unknown,0,fad,C27H32N9O15P2-,801,6,0.038537344,28.53459019,normMax,,,MRM,t,
WTEColi_113C80_U13C20_01,OxicWtGlc,Unknown,0,fad,C27H32N9O15P2-,802,0,0,0,normMax,,,MRM,t,
WTEColi_113C80_U13C20_01,OxicWtGlc,Unknown,0,fad,C27H32N9O15P2-,803,0,0,0,normMax,,,MRM,t,
WTEColi_113C80_U13C20_01,OxicWtGlc,Unknown,0,fad,C27H32N9O15P2-,804,0,0,0,normMax,,,MRM,t,
WTEColi_113C80_U13C20_01,OxicWtGlc,Unknown,0,fad,C27H32N9O15P2-,805,0,0,0,normMax,,,MRM,t,
WTEColi_113C80_U13C20_01,OxicWtGlc,Unknown,0,fad,C27H32N9O15P2-,806,0,0,0,normMax,,,MRM,t,
WTEColi_113C80_U13C20_01,OxicWtGlc,Unknown,0,fad,C27H32N9O15P2-,807,0,0,0,normMax,,,MRM,t,
WTEColi_113C80_U13C20_01,OxicWtGlc,Unknown,0,fad,C27H32N9O15P2-,808,0,0,0,normMax,,,MRM,t,
WTEColi_113C80_U13C20_01,OxicWtGlc,Unknown,0,fad,C27H32N9O15P2-,809,0,0,0,normMax,,,MRM,t,
WTEColi_113C80_U13C20_01,OxicWtGlc,Unknown,0,fad,C27H32N9O15P2-,810,0,0,0,normMax,,,MRM,t,
WTEColi_113C80_U13C20_01,OxicWtGlc,Unknown,0,fad,C27H32N9O15P2-,811,6,0.038440496,33.17931074,normMax,,,MRM,t,
WTEColi_113C80_U13C20_01,OxicWtGlc,Unknown,0,fdp,C6H8O7P-,223,5,0.101872013,5.841546447,normMax,1,0.898127987,EPI,t,
WTEColi_113C80_U13C20_01,OxicWtGlc,Unknown,0,fdp,C6H8O7P-,224,5,1,0,normMax,0.068480955,0.931519045,EPI,t,
WTEColi_113C80_U13C20_01,OxicWtGlc,Unknown,0,fdp,C6H8O7P-,225,6,0.526443853,42.87881997,normMax,0.016378275,0.510065577,EPI,t,
WTEColi_113C80_U13C20_01,OxicWtGlc,Unknown,0,fdp,C6H8O7P-,226,2,0.515429977,47.03440246,normMax,0.001011601,0.514418376,EPI,t,
WTEColi_113C80_U13C20_01,OxicWtGlc,Unknown,0,fdp,C6H8O7P-,227,3,0.37655654,54.57794092,normMax,0.00011729,0.37643925,EPI,t,
WTEColi_113C80_U13C20_01,OxicWtGlc,Unknown,0,fdp,C6H8O7P-,228,2,0.14418422,74.26049666,normMax,6.46E-06,0.144177764,EPI,t,
WTEColi_113C80_U13C20_01,OxicWtGlc,Unknown,0,fdp,C6H8O7P-,229,4,0.196118624,7.610989642,normMax,4.80E-07,0.196118144,EPI,t,
WTEColi_113C80_U13C20_01,OxicWtGlc,Unknown,0,fdp,C6H13O12P2-,339,6,0.099954421,6.608944224,normMax,1,0.900045579,EPI,t,
WTEColi_113C80_U13C20_01,OxicWtGlc,Unknown,0,fdp,C6H13O12P2-,339,6,0.089111561,9.771311683,normMax,1,0.910888439,MRM,t,
WTEColi_113C80_U13C20_01,OxicWtGlc,Unknown,0,fdp,C6H13O12P2-,340,6,1,0,normMax,0.070960649,0.929039351,EPI,t,
WTEColi_113C80_U13C20_01,OxicWtGlc,Unknown,0,fdp,C6H13O12P2-,340,6,1,0,normMax,0.070960649,0.929039351,MRM,t,
WTEColi_113C80_U13C20_01,OxicWtGlc,Unknown,0,fdp,C6H13O12P2-,341,6,0.331873493,6.580535082,normMax,0.026825734,0.305047759,EPI,t,
WTEColi_113C80_U13C20_01,OxicWtGlc,Unknown,0,fdp,C6H13O12P2-,341,6,0.344160265,3.201888305,normMax,0.026825734,0.317334531,MRM,t,
WTEColi_113C80_U13C20_01,OxicWtGlc,Unknown,0,fdp,C6H13O12P2-,342,6,0.237051605,9.943063543,normMax,0.001777603,0.235274002,EPI,t,
WTEColi_113C80_U13C20_01,OxicWtGlc,Unknown,0,fdp,C6H13O12P2-,342,6,0.258335153,14.17965981,normMax,0.001777603,0.25655755,MRM,t,
WTEColi_113C80_U13C20_01,OxicWtGlc,Unknown,0,fdp,C6H13O12P2-,343,6,0.225694961,6.816918781,normMax,0.000331855,0.225363106,EPI,t,
WTEColi_113C80_U13C20_01,OxicWtGlc,Unknown,0,fdp,C6H13O12P2-,343,6,0.234328263,18.71287494,normMax,0.000331855,0.233996408,MRM,t,
WTEColi_113C80_U13C20_01,OxicWtGlc,Unknown,0,fdp,C6H13O12P2-,344,6,0.036168993,16.0497701,normMax,2.05E-05,0.03614853,EPI,t,
WTEColi_113C80_U13C20_01,OxicWtGlc,Unknown,0,fdp,C6H13O12P2-,344,6,0.040737348,25.08725008,normMax,2.05E-05,0.040716885,MRM,t,
WTEColi_113C80_U13C20_01,OxicWtGlc,Unknown,0,fdp,C6H13O12P2-,345,6,0.190451428,8.047890398,normMax,2.51E-06,0.190448922,EPI,t,
WTEColi_113C80_U13C20_01,OxicWtGlc,Unknown,0,fdp,C6H13O12P2-,345,6,0.206438485,16.76337388,normMax,2.51E-06,0.206435978,MRM,t,
WTEColi_113C80_U13C20_01,OxicWtGlc,Unknown,0,fdp,C6H10O8P-,241,6,0.115625927,12.63773819,normMax,1,0.884374073,EPI,t,
WTEColi_113C80_U13C20_01,OxicWtGlc,Unknown,0,fdp,C6H10O8P-,242,6,1,0,normMax,0.069091907,0.930908093,EPI,t,
WTEColi_113C80_U13C20_01,OxicWtGlc,Unknown,0,fdp,C6H10O8P-,243,6,0.334792581,9.616767959,normMax,0.018475208,0.316317373,EPI,t,
WTEColi_113C80_U13C20_01,OxicWtGlc,Unknown,0,fdp,C6H10O8P-,244,6,0.245772161,15.48399105,normMax,0.001162814,0.244609347,EPI,t,
WTEColi_113C80_U13C20_01,OxicWtGlc,Unknown,0,fdp,C6H10O8P-,245,6,0.225409866,7.408248998,normMax,0.0001516,0.225258266,EPI,t,
WTEColi_113C80_U13C20_01,OxicWtGlc,Unknown,0,fdp,C6H10O8P-,246,6,0.038052306,20.29235306,normMax,8.61E-06,0.038043692,EPI,t,
WTEColi_113C80_U13C20_01,OxicWtGlc,Unknown,0,fdp,C6H10O8P-,247,6,0.187216287,7.939391642,normMax,7.25E-07,0.187215561,EPI,t,
WTEColi_113C80_U13C20_01,OxicWtGlc,Unknown,0,g1p,C6H12O9P-,259,0,0,0,normMax,1,,EPI,t,
WTEColi_113C80_U13C20_01,OxicWtGlc,Unknown,0,g1p,C6H12O9P-,259,0,0,0,normMax,1,,MRM,t,
WTEColi_113C80_U13C20_01,OxicWtGlc,Unknown,0,g1p,C6H12O9P-,260,5,1,0,normMax,0.069702859,0.930297141,EPI,t,
WTEColi_113C80_U13C20_01,OxicWtGlc,Unknown,0,g1p,C6H12O9P-,260,6,1,0,normMax,0.069702859,0.930297141,MRM,t,
WTEColi_113C80_U13C20_01,OxicWtGlc,Unknown,0,g1p,C6H12O9P-,261,0,0,0,normMax,0.020572515,,EPI,t,
WTEColi_113C80_U13C20_01,OxicWtGlc,Unknown,0,g1p,C6H12O9P-,261,0,0,0,normMax,0.020572515,,MRM,t,
WTEColi_113C80_U13C20_01,OxicWtGlc,Unknown,0,g1p,C6H12O9P-,262,0,0,0,normMax,0.001316565,,EPI,t,
WTEColi_113C80_U13C20_01,OxicWtGlc,Unknown,0,g1p,C6H12O9P-,262,0,0,0,normMax,0.001316565,,MRM,t,
WTEColi_113C80_U13C20_01,OxicWtGlc,Unknown,0,g1p,C6H12O9P-,263,0,0,0,normMax,0.000190311,,EPI,t,
WTEColi_113C80_U13C20_01,OxicWtGlc,Unknown,0,g1p,C6H12O9P-,263,0,0,0,normMax,0.000190311,,MRM,t,
WTEColi_113C80_U13C20_01,OxicWtGlc,Unknown,0,g1p,C6H12O9P-,264,0,0,0,normMax,1.11E-05,,EPI,t,
WTEColi_113C80_U13C20_01,OxicWtGlc,Unknown,0,g1p,C6H12O9P-,264,0,0,0,normMax,1.11E-05,,MRM,t,
WTEColi_113C80_U13C20_01,OxicWtGlc,Unknown,0,g1p,C6H12O9P-,265,6,0.386968512,72.05827072,normMax,1.04E-06,0.386967469,EPI,t,
WTEColi_113C80_U13C20_01,OxicWtGlc,Unknown,0,g1p,C6H12O9P-,265,6,0.270117595,19.44009714,normMax,1.04E-06,0.270116553,MRM,t,
WTEColi_113C80_U13C20_01,OxicWtGlc,Unknown,0,g1p,C6H10O8P-,241,0,0,0,normMax,1,,EPI,t,
WTEColi_113C80_U13C20_01,OxicWtGlc,Unknown,0,g1p,C6H10O8P-,242,2,1,0,normMax,0.069091907,0.930908093,EPI,t,
WTEColi_113C80_U13C20_01,OxicWtGlc,Unknown,0,g1p,C6H10O8P-,243,0,0,0,normMax,0.018475208,,EPI,t,
WTEColi_113C80_U13C20_01,OxicWtGlc,Unknown,0,g1p,C6H10O8P-,244,0,0,0,normMax,0.001162814,,EPI,t,
WTEColi_113C80_U13C20_01,OxicWtGlc,Unknown,0,g1p,C6H10O8P-,245,0,0,0,normMax,0.0001516,,EPI,t,
WTEColi_113C80_U13C20_01,OxicWtGlc,Unknown,0,g1p,C6H10O8P-,246,0,0,0,normMax,8.61E-06,,EPI,t,
WTEColi_113C80_U13C20_01,OxicWtGlc,Unknown,0,g1p,C6H10O8P-,247,2,1,0,normMax,7.25E-07,0.999999275,EPI,t,
WTEColi_113C80_U13C20_01,OxicWtGlc,Unknown,0,g6p,C6H12O9P-,259,0,0,0,normMax,1,,EPI,t,
WTEColi_113C80_U13C20_01,OxicWtGlc,Unknown,0,g6p,C6H12O9P-,259,6,0.084316353,40.91815608,normMax,1,0.915683647,MRM,t,
WTEColi_113C80_U13C20_01,OxicWtGlc,Unknown,0,g6p,C6H12O9P-,260,5,1,0,normMax,0.069702859,0.930297141,EPI,t,
WTEColi_113C80_U13C20_01,OxicWtGlc,Unknown,0,g6p,C6H12O9P-,260,6,1,0,normMax,0.069702859,0.930297141,MRM,t,
WTEColi_113C80_U13C20_01,OxicWtGlc,Unknown,0,g6p,C6H12O9P-,261,0,0,0,normMax,0.020572515,,EPI,t,
WTEColi_113C80_U13C20_01,OxicWtGlc,Unknown,0,g6p,C6H12O9P-,261,0,0,0,normMax,0.020572515,,MRM,t,
WTEColi_113C80_U13C20_01,OxicWtGlc,Unknown,0,g6p,C6H12O9P-,262,0,0,0,normMax,0.001316565,,EPI,t,
WTEColi_113C80_U13C20_01,OxicWtGlc,Unknown,0,g6p,C6H12O9P-,262,0,0,0,normMax,0.001316565,,MRM,t,
WTEColi_113C80_U13C20_01,OxicWtGlc,Unknown,0,g6p,C6H12O9P-,263,0,0,0,normMax,0.000190311,,EPI,t,
WTEColi_113C80_U13C20_01,OxicWtGlc,Unknown,0,g6p,C6H12O9P-,263,0,0,0,normMax,0.000190311,,MRM,t,
WTEColi_113C80_U13C20_01,OxicWtGlc,Unknown,0,g6p,C6H12O9P-,264,0,0,0,normMax,1.11E-05,,EPI,t,
WTEColi_113C80_U13C20_01,OxicWtGlc,Unknown,0,g6p,C6H12O9P-,264,0,0,0,normMax,1.11E-05,,MRM,t,
WTEColi_113C80_U13C20_01,OxicWtGlc,Unknown,0,g6p,C6H12O9P-,265,6,0.374107329,75.14959632,normMax,1.04E-06,0.374106286,EPI,t,
WTEColi_113C80_U13C20_01,OxicWtGlc,Unknown,0,g6p,C6H12O9P-,265,6,0.248319122,10.60363497,normMax,1.04E-06,0.24831808,MRM,t,
WTEColi_113C80_U13C20_01,OxicWtGlc,Unknown,0,glu-L,C5H8NO4-,146,6,0.444563666,4.772002178,normMax,1,0.555436334,EPI,t,
WTEColi_113C80_U13C20_01,OxicWtGlc,Unknown,0,glu-L,C5H8NO4-,146,6,0.444563666,4.772002178,normMax,1,0.555436334,MRM,t,
WTEColi_113C80_U13C20_01,OxicWtGlc,Unknown,0,glu-L,C5H8NO4-,147,4,0.950986863,8.926857745,normMax,0.060216042,0.89077082,EPI,t,
WTEColi_113C80_U13C20_01,OxicWtGlc,Unknown,0,glu-L,C5H8NO4-,147,6,0.935127373,8.699098628,normMax,0.060216042,0.874911331,MRM,t,
WTEColi_113C80_U13C20_01,OxicWtGlc,Unknown,0,glu-L,C5H8NO4-,148,6,0.972928811,3.646778386,normMax,0.009733346,0.963195465,EPI,t,
WTEColi_113C80_U13C20_01,OxicWtGlc,Unknown,0,glu-L,C5H8NO4-,148,6,0.972928811,3.646778386,normMax,0.009733346,0.963195465,MRM,t,
WTEColi_113C80_U13C20_01,OxicWtGlc,Unknown,0,glu-L,C5H8NO4-,149,6,0.643965295,4.990734619,normMax,0.000512317,0.643452978,EPI,t,
WTEColi_113C80_U13C20_01,OxicWtGlc,Unknown,0,glu-L,C5H8NO4-,149,6,0.643965295,4.990734619,normMax,0.000512317,0.643452978,MRM,t,
WTEColi_113C80_U13C20_01,OxicWtGlc,Unknown,0,glu-L,C5H8NO4-,150,6,0.253662817,5.204044848,normMax,3.78E-05,0.253625067,EPI,t,
WTEColi_113C80_U13C20_01,OxicWtGlc,Unknown,0,glu-L,C5H8NO4-,150,6,0.253662817,5.204044848,normMax,3.78E-05,0.253625067,MRM,t,
WTEColi_113C80_U13C20_01,OxicWtGlc,Unknown,0,glu-L,C5H8NO4-,151,6,0.057105494,7.134507579,normMax,1.67E-06,0.057103823,EPI,t,
WTEColi_113C80_U13C20_01,OxicWtGlc,Unknown,0,glu-L,C5H8NO4-,151,6,0.057105494,7.134507579,normMax,1.67E-06,0.057103823,MRM,t,
WTEColi_113C80_U13C20_01,OxicWtGlc,Unknown,0,glu-L,C5H6NO3-,128,6,0.426644309,7.731860938,normMax,1,0.573355691,EPI,t,
WTEColi_113C80_U13C20_01,OxicWtGlc,Unknown,0,glu-L,C5H6NO3-,128,6,0.444563666,4.772002178,normMax,1,0.555436334,MRM,t,
WTEColi_113C80_U13C20_01,OxicWtGlc,Unknown,0,glu-L,C5H6NO3-,129,6,0.90646781,10.45430582,normMax,0.05960509,0.84686272,EPI,t,
WTEColi_113C80_U13C20_01,OxicWtGlc,Unknown,0,glu-L,C5H6NO3-,129,6,0.935127373,8.699098628,normMax,0.05960509,0.875522283,MRM,t,
WTEColi_113C80_U13C20_01,OxicWtGlc,Unknown,0,glu-L,C5H6NO3-,130,6,0.967540071,4.021599353,normMax,0.007641836,0.959898235,EPI,t,
WTEColi_113C80_U13C20_01,OxicWtGlc,Unknown,0,glu-L,C5H6NO3-,130,6,0.972928811,3.646778386,normMax,0.007641836,0.965286975,MRM,t,
WTEColi_113C80_U13C20_01,OxicWtGlc,Unknown,0,glu-L,C5H6NO3-,131,6,0.617533933,6.919284705,normMax,0.000384682,0.617149251,EPI,t,
WTEColi_113C80_U13C20_01,OxicWtGlc,Unknown,0,glu-L,C5H6NO3-,131,6,0.643965295,4.990734619,normMax,0.000384682,0.643580614,MRM,t,
WTEColi_113C80_U13C20_01,OxicWtGlc,Unknown,0,glu-L,C5H6NO3-,132,6,0.255193462,5.786113034,normMax,2.18E-05,0.25517168,EPI,t,
WTEColi_113C80_U13C20_01,OxicWtGlc,Unknown,0,glu-L,C5H6NO3-,132,6,0.253662817,5.204044848,normMax,2.18E-05,0.253641035,MRM,t,
WTEColi_113C80_U13C20_01,OxicWtGlc,Unknown,0,glu-L,C5H6NO3-,133,6,0.06146158,13.17203907,normMax,8.63E-07,0.061460717,EPI,t,
WTEColi_113C80_U13C20_01,OxicWtGlc,Unknown,0,glu-L,C5H6NO3-,133,6,0.057105494,7.134507579,normMax,8.63E-07,0.057104631,MRM,t,
WTEColi_113C80_U13C20_01,OxicWtGlc,Unknown,0,glu-L,C4H8NO2-,102,6,0.30134016,9.011358867,normMax,1,0.69865984,EPI,t,
WTEColi_113C80_U13C20_01,OxicWtGlc,Unknown,0,glu-L,C4H8NO2-,103,5,0.804907875,6.025704692,normMax,0.048638463,0.756269413,EPI,t,
WTEColi_113C80_U13C20_01,OxicWtGlc,Unknown,0,glu-L,C4H8NO2-,104,6,1,0,normMax,0.005051858,0.994948142,EPI,t,
WTEColi_113C80_U13C20_01,OxicWtGlc,Unknown,0,glu-L,C4H8NO2-,105,6,0.589682051,10.80899506,normMax,0.000207498,0.589474553,EPI,t,
WTEColi_113C80_U13C20_01,OxicWtGlc,Unknown,0,glu-L,C4H8NO2-,106,6,0.196067302,14.60126646,normMax,8.06E-06,0.196059237,EPI,t,
WTEColi_113C80_U13C20_01,OxicWtGlc,Unknown,0,glu-L,C3H6NO2-,88,6,1,0,normMax,1,0,EPI,t,
WTEColi_113C80_U13C20_01,OxicWtGlc,Unknown,0,glu-L,C3H6NO2-,89,6,0.422532989,28.21709946,normMax,0.037592708,0.384940281,EPI,t,
WTEColi_113C80_U13C20_01,OxicWtGlc,Unknown,0,glu-L,C3H6NO2-,90,2,0.08889336,66.84350975,normMax,0.004634117,0.084259243,EPI,t,
WTEColi_113C80_U13C20_01,OxicWtGlc,Unknown,0,glu-L,C3H6NO2-,91,0,0,0,normMax,0.000156217,,EPI,t,
WTEColi_113C80_U13C20_01,OxicWtGlc,Unknown,0,glyc3p,C3H8O6P-,171,6,1,0,normMax,1,0,EPI,t,
WTEColi_113C80_U13C20_01,OxicWtGlc,Unknown,0,glyc3p,C3H8O6P-,171,6,1,0,normMax,1,0,MRM,t,
WTEColi_113C80_U13C20_01,OxicWtGlc,Unknown,0,glyc3p,C3H8O6P-,172,6,0.79850385,4.370349459,normMax,0.035652845,0.762851006,EPI,t,
WTEColi_113C80_U13C20_01,OxicWtGlc,Unknown,0,glyc3p,C3H8O6P-,172,6,0.79850385,4.370349459,normMax,0.035652845,0.762851006,MRM,t,
WTEColi_113C80_U13C20_01,OxicWtGlc,Unknown,0,glyc3p,C3H8O6P-,173,6,0.074312683,11.87695117,normMax,0.012789566,0.061523116,EPI,t,
WTEColi_113C80_U13C20_01,OxicWtGlc,Unknown,0,glyc3p,C3H8O6P-,173,6,0.074312683,11.87695117,normMax,0.012789566,0.061523116,MRM,t,
WTEColi_113C80_U13C20_01,OxicWtGlc,Unknown,0,glyc3p,C3H8O6P-,174,6,0.341585938,7.439844794,normMax,0.000437447,0.341148492,EPI,t,
WTEColi_113C80_U13C20_01,OxicWtGlc,Unknown,0,glyc3p,C3H8O6P-,174,6,0.341585938,7.439844794,normMax,0.000437447,0.341148492,MRM,t,
WTEColi_113C80_U13C20_01,OxicWtGlc,Unknown,0,glyclt,CH3O2-,47,6,1,0,normMax,1,0,MRM,t,
WTEColi_113C80_U13C20_01,OxicWtGlc,Unknown,0,glyclt,CH3O2-,48,6,0.611158998,10.71662789,normMax,0.011922619,0.599236379,MRM,t,
WTEColi_113C80_U13C20_01,OxicWtGlc,Unknown,0,glyclt,C2H3O3-,75,6,1,0,normMax,1,0,EPI,t,
WTEColi_113C80_U13C20_01,OxicWtGlc,Unknown,0,glyclt,C2H3O3-,75,6,1,0,normMax,1,0,MRM,t,
WTEColi_113C80_U13C20_01,OxicWtGlc,Unknown,0,glyclt,C2H3O3-,76,0,0,0,normMax,0.023119273,,EPI,t,
WTEColi_113C80_U13C20_01,OxicWtGlc,Unknown,0,glyclt,C2H3O3-,76,6,0.385205613,15.97977201,normMax,0.023119273,0.362086339,MRM,t,
WTEColi_113C80_U13C20_01,OxicWtGlc,Unknown,0,glyclt,C2H3O3-,77,0,0,0,normMax,0.006315014,,EPI,t,
WTEColi_113C80_U13C20_01,OxicWtGlc,Unknown,0,glyclt,C2H3O3-,77,6,0.368039058,8.789339809,normMax,0.006315014,0.361724044,MRM,t,
WTEColi_113C80_U13C20_01,OxicWtGlc,Unknown,0,icit,C6H7O7-,191,6,0.865980466,14.53430702,normMax,1,0.134019534,EPI,t,
WTEColi_113C80_U13C20_01,OxicWtGlc,Unknown,0,icit,C6H7O7-,191,6,0.874697277,14.44821501,normMax,1,0.125302723,MRM,t,
WTEColi_113C80_U13C20_01,OxicWtGlc,Unknown,0,icit,C6H7O7-,192,6,0.828684143,22.30520414,normMax,0.068365942,0.760318201,EPI,t,
WTEColi_113C80_U13C20_01,OxicWtGlc,Unknown,0,icit,C6H7O7-,192,6,0.818507641,22.56315016,normMax,0.068365942,0.750141699,MRM,t,
WTEColi_113C80_U13C20_01,OxicWtGlc,Unknown,0,icit,C6H7O7-,193,6,0.813145139,26.71102252,normMax,0.016370412,0.796774727,EPI,t,
WTEColi_113C80_U13C20_01,OxicWtGlc,Unknown,0,icit,C6H7O7-,193,6,0.820995205,26.61269017,normMax,0.016370412,0.804624793,MRM,t,
WTEColi_113C80_U13C20_01,OxicWtGlc,Unknown,0,icit,C6H7O7-,194,6,0.620127587,27.47980835,normMax,0.001009718,0.619117869,EPI,t,
WTEColi_113C80_U13C20_01,OxicWtGlc,Unknown,0,icit,C6H7O7-,194,6,0.621806766,27.53917589,normMax,0.001009718,0.620797048,MRM,t,
WTEColi_113C80_U13C20_01,OxicWtGlc,Unknown,0,icit,C6H7O7-,195,6,0.317253038,31.70497147,normMax,0.000117174,0.317135864,EPI,t,
WTEColi_113C80_U13C20_01,OxicWtGlc,Unknown,0,icit,C6H7O7-,195,6,0.321758356,31.92386529,normMax,0.000117174,0.321641182,MRM,t,
WTEColi_113C80_U13C20_01,OxicWtGlc,Unknown,0,icit,C6H7O7-,196,6,0.116416633,29.69917536,normMax,6.44E-06,0.116410191,EPI,t,
WTEColi_113C80_U13C20_01,OxicWtGlc,Unknown,0,icit,C6H7O7-,196,6,0.117971985,29.37882769,normMax,6.44E-06,0.117965543,MRM,t,
WTEColi_113C80_U13C20_01,OxicWtGlc,Unknown,0,icit,C6H7O7-,197,6,0.020274071,33.77346858,normMax,4.79E-07,0.020273592,EPI,t,
WTEColi_113C80_U13C20_01,OxicWtGlc,Unknown,0,icit,C6H7O7-,197,6,0.020565973,33.88103768,normMax,4.79E-07,0.020565494,MRM,t,
WTEColi_113C80_U13C20_01,OxicWtGlc,Unknown,0,icit,C6H5O6-,173,6,0.874697277,14.44821501,normMax,1,0.125302723,EPI,t,
WTEColi_113C80_U13C20_01,OxicWtGlc,Unknown,0,icit,C6H5O6-,174,6,0.818507641,22.56315016,normMax,0.06775499,0.750752652,EPI,t,
WTEColi_113C80_U13C20_01,OxicWtGlc,Unknown,0,icit,C6H5O6-,175,6,0.820995205,26.61269017,normMax,0.014273923,0.806721283,EPI,t,
WTEColi_113C80_U13C20_01,OxicWtGlc,Unknown,0,icit,C6H5O6-,176,5,0.664147757,23.53474185,normMax,0.000861281,0.663286475,EPI,t,
WTEColi_113C80_U13C20_01,OxicWtGlc,Unknown,0,icit,C6H5O6-,177,6,0.35509169,41.63483709,normMax,8.73E-05,0.355004409,EPI,t,
WTEColi_113C80_U13C20_01,OxicWtGlc,Unknown,0,icit,C6H5O6-,178,6,0.117971985,29.37882769,normMax,4.61E-06,0.117967373,EPI,t,
WTEColi_113C80_U13C20_01,OxicWtGlc,Unknown,0,icit,C6H5O6-,179,5,0.019001556,34.74143026,normMax,2.96E-07,0.01900126,EPI,t,
WTEColi_113C80_U13C20_01,OxicWtGlc,Unknown,0,icit,C5H3O3-,111,6,0.725087769,28.70437536,normMax,1,0.274912231,EPI,t,
WTEColi_113C80_U13C20_01,OxicWtGlc,Unknown,0,icit,C5H3O3-,111,6,0.868686178,12.04889238,normMax,1,0.131313822,MRM,t,
WTEColi_113C80_U13C20_01,OxicWtGlc,Unknown,0,icit,C5H3O3-,112,6,0.806213101,13.62676975,normMax,0.055566458,0.750646643,EPI,t,
WTEColi_113C80_U13C20_01,OxicWtGlc,Unknown,0,icit,C5H3O3-,112,6,0.868833183,19.80873022,normMax,0.055566458,0.813266724,MRM,t,
WTEColi_113C80_U13C20_01,OxicWtGlc,Unknown,0,icit,C5H3O3-,113,6,0.913329033,13.65073339,normMax,0.007416109,0.905912924,EPI,t,
WTEColi_113C80_U13C20_01,OxicWtGlc,Unknown,0,icit,C5H3O3-,113,6,0.802671219,25.03822128,normMax,0.007416109,0.79525511,MRM,t,
WTEColi_113C80_U13C20_01,OxicWtGlc,Unknown,0,icit,C5H3O3-,114,6,0.63119552,15.43984639,normMax,0.000354657,0.630840862,EPI,t,
WTEColi_113C80_U13C20_01,OxicWtGlc,Unknown,0,icit,C5H3O3-,114,6,0.502875736,26.71965143,normMax,0.000354657,0.502521079,MRM,t,
WTEColi_113C80_U13C20_01,OxicWtGlc,Unknown,0,icit,C5H3O3-,115,6,0.447343015,28.45106432,normMax,2.03E-05,0.447322675,EPI,t,
WTEColi_113C80_U13C20_01,OxicWtGlc,Unknown,0,icit,C5H3O3-,115,6,0.231858409,27.86620448,normMax,2.03E-05,0.231838069,MRM,t,
WTEColi_113C80_U13C20_01,OxicWtGlc,Unknown,0,icit,C5H3O3-,116,6,0.485637565,39.82030119,normMax,7.81E-07,0.485636785,EPI,t,
WTEColi_113C80_U13C20_01,OxicWtGlc,Unknown,0,icit,C5H3O3-,116,6,0.054772391,34.04555356,normMax,7.81E-07,0.05477161,MRM,t,
WTEColi_113C80_U13C20_01,OxicWtGlc,Unknown,0,icit,C3HO3-,85,6,0.358612789,30.06832621,normMax,1,0.641387211,EPI,t,
WTEColi_113C80_U13C20_01,OxicWtGlc,Unknown,0,icit,C3HO3-,86,6,0.439624825,17.70308316,normMax,0.033704975,0.40591985,EPI,t,
WTEColi_113C80_U13C20_01,OxicWtGlc,Unknown,0,icit,C3HO3-,87,6,0.952705921,5.523934045,normMax,0.006557299,0.946148621,EPI,t,
WTEColi_113C80_U13C20_01,OxicWtGlc,Unknown,0,icit,C3HO3-,88,6,0.916316166,9.898760872,normMax,0.000207167,0.916108998,EPI,t,
WTEColi_113C80_U13C20_01,OxicWtGlc,Unknown,0,icit,C3H5O2-,73,6,0.866812982,23.11276449,normMax,1,0.133187018,EPI,t,
WTEColi_113C80_U13C20_01,OxicWtGlc,Unknown,0,icit,C3H5O2-,74,6,0.550835535,46.5871009,normMax,0.033784102,0.517051432,EPI,t,
WTEColi_113C80_U13C20_01,OxicWtGlc,Unknown,0,icit,C3H5O2-,75,6,0.703880483,47.65885653,normMax,0.004505022,0.699375461,EPI,t,
WTEColi_113C80_U13C20_01,OxicWtGlc,Unknown,0,icit,C3H5O2-,76,2,0.147331693,30.68323543,normMax,0.000139044,0.147192648,EPI,t,
WTEColi_113C80_U13C20_01,OxicWtGlc,Unknown,0,mal-L,C4H5O5-,133,6,0.957008029,3.548187148,normMax,1,0.042991971,EPI,t,
WTEColi_113C80_U13C20_01,OxicWtGlc,Unknown,0,mal-L,C4H5O5-,133,6,0.960469832,3.803427134,normMax,1,0.039530168,MRM,t,
WTEColi_113C80_U13C20_01,OxicWtGlc,Unknown,0,mal-L,C4H5O5-,134,6,1,0,normMax,0.045742608,0.954257392,EPI,t,
WTEColi_113C80_U13C20_01,OxicWtGlc,Unknown,0,mal-L,C4H5O5-,134,6,0.99482596,1.16296787,normMax,0.045742608,0.949083352,MRM,t,
WTEColi_113C80_U13C20_01,OxicWtGlc,Unknown,0,mal-L,C4H5O5-,135,6,0.490146464,6.280781543,normMax,0.011086805,0.479059658,EPI,t,
WTEColi_113C80_U13C20_01,OxicWtGlc,Unknown,0,mal-L,C4H5O5-,135,6,0.479827162,5.631826429,normMax,0.011086805,0.468740357,MRM,t,
WTEColi_113C80_U13C20_01,OxicWtGlc,Unknown,0,mal-L,C4H5O5-,136,6,0.450499985,7.51713091,normMax,0.000473009,0.450026976,EPI,t,
WTEColi_113C80_U13C20_01,OxicWtGlc,Unknown,0,mal-L,C4H5O5-,136,6,0.449518113,6.745788655,normMax,0.000473009,0.449045104,MRM,t,
WTEColi_113C80_U13C20_01,OxicWtGlc,Unknown,0,mal-L,C4H5O5-,137,0,0,0,normMax,5.04E-05,,EPI,t,
WTEColi_113C80_U13C20_01,OxicWtGlc,Unknown,0,mal-L,C4H5O5-,137,6,0.073756761,6.533986655,normMax,5.04E-05,0.07370634,MRM,t,
WTEColi_113C80_U13C20_01,OxicWtGlc,Unknown,0,mal-L,C4H3O4-,115,6,0.802552458,12.90769443,normMax,1,0.197447542,EPI,t,
WTEColi_113C80_U13C20_01,OxicWtGlc,Unknown,0,mal-L,C4H3O4-,115,6,0.960469832,3.803427134,normMax,1,0.039530168,MRM,t,
WTEColi_113C80_U13C20_01,OxicWtGlc,Unknown,0,mal-L,C4H3O4-,116,6,1,0,normMax,0.045131655,0.954868345,EPI,t,
WTEColi_113C80_U13C20_01,OxicWtGlc,Unknown,0,mal-L,C4H3O4-,116,6,0.99482596,1.16296787,normMax,0.045131655,0.949694304,MRM,t,
WTEColi_113C80_U13C20_01,OxicWtGlc,Unknown,0,mal-L,C4H3O4-,117,6,0.520842009,24.53602853,normMax,0.009004138,0.511837871,EPI,t,
WTEColi_113C80_U13C20_01,OxicWtGlc,Unknown,0,mal-L,C4H3O4-,117,6,0.479827162,5.631826429,normMax,0.009004138,0.470823024,MRM,t,
WTEColi_113C80_U13C20_01,OxicWtGlc,Unknown,0,mal-L,C4H3O4-,118,6,0.392916785,20.72120797,normMax,0.000374285,0.3925425,EPI,t,
WTEColi_113C80_U13C20_01,OxicWtGlc,Unknown,0,mal-L,C4H3O4-,118,6,0.449518113,6.745788655,normMax,0.000374285,0.449143828,MRM,t,
WTEColi_113C80_U13C20_01,OxicWtGlc,Unknown,0,mal-L,C4H3O4-,119,4,0.0113478,37.93162071,normMax,3.17E-05,0.011316133,EPI,t,
WTEColi_113C80_U13C20_01,OxicWtGlc,Unknown,0,mal-L,C4H3O4-,119,6,0.073756761,6.533986655,normMax,3.17E-05,0.073725094,MRM,t,
WTEColi_113C80_U13C20_01,OxicWtGlc,Unknown,0,mal-L,C2H3O3-,75,6,1,0,normMax,1,0,EPI,t,
WTEColi_113C80_U13C20_01,OxicWtGlc,Unknown,0,mal-L,C2H3O3-,76,4,0.086861126,114.7566997,normMax,0.023119273,0.063741852,EPI,t,
WTEColi_113C80_U13C20_01,OxicWtGlc,Unknown,0,mal-L,C2H3O3-,77,0,0,0,normMax,0.006315014,,EPI,t,
WTEColi_113C80_U13C20_01,OxicWtGlc,Unknown,0,met-L,CH3S-,47,0,0,0,normMax,1,,EPI,t,
WTEColi_113C80_U13C20_01,OxicWtGlc,Unknown,0,met-L,CH3S-,47,6,0.904448935,10.9663235,normMax,1,0.095551065,MRM,t,
WTEColi_113C80_U13C20_01,OxicWtGlc,Unknown,0,met-L,CH3S-,48,0,0,0,normMax,0.019166667,,EPI,t,
WTEColi_113C80_U13C20_01,OxicWtGlc,Unknown,0,met-L,CH3S-,48,6,0.997842167,0.483549546,normMax,0.019166667,0.9786755,MRM,t,
WTEColi_113C80_U13C20_01,OxicWtGlc,Unknown,0,met-L,C5H10NO2S-,148,0,0,0,normMax,1,,EPI,t,
WTEColi_113C80_U13C20_01,OxicWtGlc,Unknown,0,met-L,C5H10NO2S-,148,6,0.398883653,26.85778509,normMax,1,0.601116348,MRM,t,
WTEColi_113C80_U13C20_01,OxicWtGlc,Unknown,0,met-L,C5H10NO2S-,149,6,0.979328139,3.022462428,normMax,0.067690117,0.911638023,EPI,t,
WTEColi_113C80_U13C20_01,OxicWtGlc,Unknown,0,met-L,C5H10NO2S-,149,6,0.979328139,3.022462428,normMax,0.067690117,0.911638023,MRM,t,
WTEColi_113C80_U13C20_01,OxicWtGlc,Unknown,0,met-L,C5H10NO2S-,150,4,0.957731992,4.782171956,normMax,0.051260627,0.906471365,EPI,t,
WTEColi_113C80_U13C20_01,OxicWtGlc,Unknown,0,met-L,C5H10NO2S-,150,6,0.934439556,6.399750077,normMax,0.051260627,0.883178929,MRM,t,
WTEColi_113C80_U13C20_01,OxicWtGlc,Unknown,0,met-L,C5H10NO2S-,151,0,0,0,normMax,0.003005388,,EPI,t,
WTEColi_113C80_U13C20_01,OxicWtGlc,Unknown,0,met-L,C5H10NO2S-,151,6,0.644994479,5.908190315,normMax,0.003005388,0.641989091,MRM,t,
WTEColi_113C80_U13C20_01,OxicWtGlc,Unknown,0,met-L,C5H10NO2S-,152,0,0,0,normMax,0.000475851,,EPI,t,
WTEColi_113C80_U13C20_01,OxicWtGlc,Unknown,0,met-L,C5H10NO2S-,152,6,0.34054038,16.01497723,normMax,0.000475851,0.340064529,MRM,t,
WTEColi_113C80_U13C20_01,OxicWtGlc,Unknown,0,met-L,C5H10NO2S-,153,0,0,0,normMax,2.49E-05,,EPI,t,
WTEColi_113C80_U13C20_01,OxicWtGlc,Unknown,0,met-L,C5H10NO2S-,153,6,0.105755504,13.00562748,normMax,2.49E-05,0.105730615,MRM,t,
WTEColi_113C80_U13C20_01,OxicWtGlc,Unknown,0,pep,C3H4O6P-,167,5,1,0,normMax,1,0,EPI,t,
WTEColi_113C80_U13C20_01,OxicWtGlc,Unknown,0,pep,C3H4O6P-,167,6,1,0,normMax,1,0,MRM,t,
WTEColi_113C80_U13C20_01,OxicWtGlc,Unknown,0,pep,C3H4O6P-,168,6,0.842536602,11.46463585,normMax,0.035192792,0.80734381,EPI,t,
WTEColi_113C80_U13C20_01,OxicWtGlc,Unknown,0,pep,C3H4O6P-,168,6,0.822714276,8.639718659,normMax,0.035192792,0.787521485,MRM,t,
WTEColi_113C80_U13C20_01,OxicWtGlc,Unknown,0,pep,C3H4O6P-,169,6,0.079746999,12.08859221,normMax,0.012773296,0.066973702,EPI,t,
WTEColi_113C80_U13C20_01,OxicWtGlc,Unknown,0,pep,C3H4O6P-,169,6,0.077795494,8.025356673,normMax,0.012773296,0.065022197,MRM,t,
WTEColi_113C80_U13C20_01,OxicWtGlc,Unknown,0,pep,C3H4O6P-,170,6,0.391375354,19.32282612,normMax,0.000431567,0.390943787,EPI,t,
WTEColi_113C80_U13C20_01,OxicWtGlc,Unknown,0,pep,C3H4O6P-,170,6,0.380674744,14.66042641,normMax,0.000431567,0.380243177,MRM,t,
WTEColi_113C80_U13C20_01,OxicWtGlc,Unknown,0,phe-L,C9H7O2-,147,0,0,0,normMax,1,,MRM,t,
WTEColi_113C80_U13C20_01,OxicWtGlc,Unknown,0,phe-L,C9H7O2-,148,6,0.927793915,9.902459095,normMax,0.098908499,0.828885416,MRM,t,
WTEColi_113C80_U13C20_01,OxicWtGlc,Unknown,0,phe-L,C9H7O2-,149,6,0.864789916,17.58644824,normMax,0.008474832,0.856315085,MRM,t,
WTEColi_113C80_U13C20_01,OxicWtGlc,Unknown,0,phe-L,C9H7O2-,150,6,0.784784679,22.93012681,normMax,0.000517926,0.784266753,MRM,t,
WTEColi_113C80_U13C20_01,OxicWtGlc,Unknown,0,phe-L,C9H7O2-,151,6,0.530785606,21.63437227,normMax,2.39E-05,0.530761703,MRM,t,
WTEColi_113C80_U13C20_01,OxicWtGlc,Unknown,0,phe-L,C9H7O2-,152,6,0.326765692,22.37227951,normMax,8.92E-07,0.3267648,MRM,t,
WTEColi_113C80_U13C20_01,OxicWtGlc,Unknown,0,phe-L,C9H7O2-,153,6,0.150974859,44.36357878,normMax,2.57E-08,0.150974833,MRM,t,
WTEColi_113C80_U13C20_01,OxicWtGlc,Unknown,0,phe-L,C9H7O2-,154,6,0.090546952,30.32658451,normMax,5.05E-10,0.090546951,MRM,t,
WTEColi_113C80_U13C20_01,OxicWtGlc,Unknown,0,phe-L,C9H7O2-,155,5,0.064631516,35.18761432,normMax,7.66E-12,0.064631516,MRM,t,
WTEColi_113C80_U13C20_01,OxicWtGlc,Unknown,0,phe-L,C9H7O2-,156,0,0,0,normMax,,,MRM,t,
WTEColi_113C80_U13C20_01,OxicWtGlc,Unknown,0,phe-L,C9H10NO2-,164,0,0,0,normMax,1,,MRM,t,
WTEColi_113C80_U13C20_01,OxicWtGlc,Unknown,0,phe-L,C9H10NO2-,165,6,0.927793915,9.902459095,normMax,0.102947131,0.824846784,MRM,t,
WTEColi_113C80_U13C20_01,OxicWtGlc,Unknown,0,phe-L,C9H10NO2-,166,6,0.864789916,17.58644824,normMax,0.008875601,0.855914316,MRM,t,
WTEColi_113C80_U13C20_01,OxicWtGlc,Unknown,0,phe-L,C9H10NO2-,167,6,0.784784679,22.93012681,normMax,0.000552283,0.784232397,MRM,t,
WTEColi_113C80_U13C20_01,OxicWtGlc,Unknown,0,phe-L,C9H10NO2-,168,6,0.530785606,21.63437227,normMax,2.60E-05,0.5307596,MRM,t,
WTEColi_113C80_U13C20_01,OxicWtGlc,Unknown,0,phe-L,C9H10NO2-,169,6,0.326765692,22.37227951,normMax,9.90E-07,0.326764702,MRM,t,
WTEColi_113C80_U13C20_01,OxicWtGlc,Unknown,0,phe-L,C9H10NO2-,170,6,0.150974859,44.36357878,normMax,2.94E-08,0.15097483,MRM,t,
WTEColi_113C80_U13C20_01,OxicWtGlc,Unknown,0,phe-L,C9H10NO2-,171,6,0.090546952,30.32658451,normMax,9.62E-11,0.090546952,MRM,t,
WTEColi_113C80_U13C20_01,OxicWtGlc,Unknown,0,phe-L,C9H10NO2-,172,5,0.064631516,35.18761432,normMax,,,MRM,t,
WTEColi_113C80_U13C20_01,OxicWtGlc,Unknown,0,phe-L,C9H10NO2-,173,0,0,0,normMax,,,MRM,t,
WTEColi_113C80_U13C20_01,OxicWtGlc,Unknown,0,phpyr,C9H7O3-,163,6,0.504033984,7.821857555,normMax,1,0.495966016,EPI,t,
WTEColi_113C80_U13C20_01,OxicWtGlc,Unknown,0,phpyr,C9H7O3-,163,6,0.488769649,5.886769649,normMax,1,0.511230351,MRM,t,
WTEColi_113C80_U13C20_01,OxicWtGlc,Unknown,0,phpyr,C9H7O3-,164,6,0.864530345,35.0386031,normMax,0.099289424,0.765240921,EPI,t,
WTEColi_113C80_U13C20_01,OxicWtGlc,Unknown,0,phpyr,C9H7O3-,164,6,1,0,normMax,0.099289424,0.900710576,MRM,t,
WTEColi_113C80_U13C20_01,OxicWtGlc,Unknown,0,phpyr,C9H7O3-,165,6,0.919752171,5.865276877,normMax,0.010567502,0.909184669,EPI,t,
WTEColi_113C80_U13C20_01,OxicWtGlc,Unknown,0,phpyr,C9H7O3-,165,6,0.892782921,5.275658637,normMax,0.010567502,0.882215419,MRM,t,
WTEColi_113C80_U13C20_01,OxicWtGlc,Unknown,0,phpyr,C9H7O3-,166,6,0.841035265,6.591552896,normMax,0.000724411,0.840310854,EPI,t,
WTEColi_113C80_U13C20_01,OxicWtGlc,Unknown,0,phpyr,C9H7O3-,166,6,0.797088689,6.277705142,normMax,0.000724411,0.796364278,MRM,t,
WTEColi_113C80_U13C20_01,OxicWtGlc,Unknown,0,phpyr,C9H7O3-,167,2,0.22955929,2.154903646,normMax,4.15E-05,0.229517773,EPI,t,
WTEColi_113C80_U13C20_01,OxicWtGlc,Unknown,0,phpyr,C9H7O3-,167,6,0.628414838,5.70615116,normMax,4.15E-05,0.628373321,MRM,t,
WTEColi_113C80_U13C20_01,OxicWtGlc,Unknown,0,phpyr,C9H7O3-,168,0,0,0,normMax,1.97E-06,,EPI,t,
WTEColi_113C80_U13C20_01,OxicWtGlc,Unknown,0,phpyr,C9H7O3-,168,6,0.446213256,6.538884743,normMax,1.97E-06,0.44621129,MRM,t,
WTEColi_113C80_U13C20_01,OxicWtGlc,Unknown,0,phpyr,C9H7O3-,169,4,0.235571661,7.025481082,normMax,7.52E-08,0.235571586,EPI,t,
WTEColi_113C80_U13C20_01,OxicWtGlc,Unknown,0,phpyr,C9H7O3-,169,6,0.226560993,3.865254024,normMax,7.52E-08,0.226560918,MRM,t,
WTEColi_113C80_U13C20_01,OxicWtGlc,Unknown,0,phpyr,C9H7O3-,170,6,0.118604053,4.918898497,normMax,1.84E-09,0.118604051,EPI,t,
WTEColi_113C80_U13C20_01,OxicWtGlc,Unknown,0,phpyr,C9H7O3-,170,6,0.115131852,4.244645151,normMax,1.84E-09,0.11513185,MRM,t,
WTEColi_113C80_U13C20_01,OxicWtGlc,Unknown,0,phpyr,C9H7O3-,171,0,0,0,normMax,5.29E-11,,EPI,t,
WTEColi_113C80_U13C20_01,OxicWtGlc,Unknown,0,phpyr,C9H7O3-,171,6,0.046599333,5.778847246,normMax,5.29E-11,0.046599333,MRM,t,
WTEColi_113C80_U13C20_01,OxicWtGlc,Unknown,0,phpyr,C9H7O3-,172,0,0,0,normMax,,,EPI,t,
WTEColi_113C80_U13C20_01,OxicWtGlc,Unknown,0,phpyr,C9H7O3-,172,6,0.017969621,14.38104662,normMax,,,MRM,t,
WTEColi_113C80_U13C20_01,OxicWtGlc,Unknown,0,phpyr,C8H7O,119,6,0.517551979,19.0787882,normMax,1,0.482448021,EPI,t,
WTEColi_113C80_U13C20_01,OxicWtGlc,Unknown,0,phpyr,C8H7O,120,6,0.962399008,4.021951781,normMax,0.087711845,0.874687164,EPI,t,
WTEColi_113C80_U13C20_01,OxicWtGlc,Unknown,0,phpyr,C8H7O,121,6,0.815080004,15.55924793,normMax,0.005433639,0.809646366,EPI,t,
WTEColi_113C80_U13C20_01,OxicWtGlc,Unknown,0,phpyr,C8H7O,122,6,0.755934966,24.15643869,normMax,0.000254252,0.755680714,EPI,t,
WTEColi_113C80_U13C20_01,OxicWtGlc,Unknown,0,phpyr,C8H7O,123,4,0.124728335,55.79514126,normMax,7.92E-06,0.124720416,EPI,t,
WTEColi_113C80_U13C20_01,OxicWtGlc,Unknown,0,phpyr,C8H7O,124,6,0.172779814,102.7181442,normMax,1.59E-07,0.172779655,EPI,t,
WTEColi_113C80_U13C20_01,OxicWtGlc,Unknown,0,phpyr,C8H7O,125,4,0.188919534,10.85910086,normMax,2.09E-09,0.188919532,EPI,t,
WTEColi_113C80_U13C20_01,OxicWtGlc,Unknown,0,phpyr,C8H7O,126,6,0.095987777,10.37522174,normMax,1.65E-11,0.095987777,EPI,t,
WTEColi_113C80_U13C20_01,OxicWtGlc,Unknown,0,phpyr,C8H7O,127,0,0,0,normMax,,,EPI,t,
WTEColi_113C80_U13C20_01,OxicWtGlc,Unknown,0,phpyr,C7H7-,91,6,0.36304892,15.57315435,normMax,1,0.63695108,EPI,t,
WTEColi_113C80_U13C20_01,OxicWtGlc,Unknown,0,phpyr,C7H7-,91,6,0.423169579,4.422894967,normMax,1,0.576830421,MRM,t,
WTEColi_113C80_U13C20_01,OxicWtGlc,Unknown,0,phpyr,C7H7-,92,6,1,0,normMax,0.076515191,0.923484809,EPI,t,
WTEColi_113C80_U13C20_01,OxicWtGlc,Unknown,0,phpyr,C7H7-,92,6,1,0,normMax,0.076515191,0.923484809,MRM,t,
WTEColi_113C80_U13C20_01,OxicWtGlc,Unknown,0,phpyr,C7H7-,93,6,0.68428237,14.30340488,normMax,0.002517811,0.681764559,EPI,t,
WTEColi_113C80_U13C20_01,OxicWtGlc,Unknown,0,phpyr,C7H7-,93,6,0.904784678,4.060874345,normMax,0.002517811,0.902266867,MRM,t,
WTEColi_113C80_U13C20_01,OxicWtGlc,Unknown,0,phpyr,C7H7-,94,6,0.580289372,13.11449699,normMax,4.63E-05,0.58024309,EPI,t,
WTEColi_113C80_U13C20_01,OxicWtGlc,Unknown,0,phpyr,C7H7-,94,6,0.590226109,5.645611614,normMax,4.63E-05,0.590179827,MRM,t,
WTEColi_113C80_U13C20_01,OxicWtGlc,Unknown,0,phpyr,C7H7-,95,4,0.173210106,15.13862192,normMax,5.15E-07,0.173209591,EPI,t,
WTEColi_113C80_U13C20_01,OxicWtGlc,Unknown,0,phpyr,C7H7-,95,6,0.360601245,4.378454305,normMax,5.15E-07,0.36060073,MRM,t,
WTEColi_113C80_U13C20_01,OxicWtGlc,Unknown,0,phpyr,C7H7-,96,0,0,0,normMax,2.45E-09,,EPI,t,
WTEColi_113C80_U13C20_01,OxicWtGlc,Unknown,0,phpyr,C7H7-,96,6,0.27266315,5.181170892,normMax,2.45E-09,0.272663147,MRM,t,
WTEColi_113C80_U13C20_01,OxicWtGlc,Unknown,0,phpyr,C7H7-,97,4,0.119004145,55.63750239,normMax,,,EPI,t,
WTEColi_113C80_U13C20_01,OxicWtGlc,Unknown,0,phpyr,C7H7-,97,6,0.144722982,3.734746665,normMax,,,MRM,t,
WTEColi_113C80_U13C20_01,OxicWtGlc,Unknown,0,phpyr,C7H7-,98,0,0,0,normMax,,,EPI,t,
WTEColi_113C80_U13C20_01,OxicWtGlc,Unknown,0,phpyr,C7H7-,98,6,0.03561372,9.357829015,normMax,,,MRM,t,
WTEColi_113C80_U13C20_01,OxicWtGlc,Unknown,0,Pool_2pg_3pg,C3H6O7P-,185,6,1,0,normMax,1,0,EPI,t,
WTEColi_113C80_U13C20_01,OxicWtGlc,Unknown,0,Pool_2pg_3pg,C3H6O7P-,185,6,1,0,normMax,1,0,MRM,t,
WTEColi_113C80_U13C20_01,OxicWtGlc,Unknown,0,Pool_2pg_3pg,C3H6O7P-,186,6,0.838442866,8.950663783,normMax,0.035803744,0.802639123,EPI,t,
WTEColi_113C80_U13C20_01,OxicWtGlc,Unknown,0,Pool_2pg_3pg,C3H6O7P-,186,6,0.819924348,8.482561983,normMax,0.035803744,0.784120604,MRM,t,
WTEColi_113C80_U13C20_01,OxicWtGlc,Unknown,0,Pool_2pg_3pg,C3H6O7P-,187,0,0,0,normMax,0.014849892,,EPI,t,
WTEColi_113C80_U13C20_01,OxicWtGlc,Unknown,0,Pool_2pg_3pg,C3H6O7P-,187,6,0.066864023,4.195773427,normMax,0.014849892,0.052014131,MRM,t,
WTEColi_113C80_U13C20_01,OxicWtGlc,Unknown,0,Pool_2pg_3pg,C3H6O7P-,188,6,0.418529736,7.866893814,normMax,0.000512168,0.418017567,EPI,t,
WTEColi_113C80_U13C20_01,OxicWtGlc,Unknown,0,Pool_2pg_3pg,C3H6O7P-,188,6,0.418529736,7.866893814,normMax,0.000512168,0.418017567,MRM,t,
WTEColi_113C80_U13C20_01,OxicWtGlc,Unknown,0,Pool_2pg_3pg,C2H6O5P-,141,6,0.946305007,8.208217921,normMax,1,0.053694993,EPI,t,
WTEColi_113C80_U13C20_01,OxicWtGlc,Unknown,0,Pool_2pg_3pg,C2H6O5P-,142,5,0.881390122,11.50430345,normMax,0.024226164,0.857163958,EPI,t,
WTEColi_113C80_U13C20_01,OxicWtGlc,Unknown,0,Pool_2pg_3pg,C2H6O5P-,143,0,0,0,normMax,0.010451039,,EPI,t,
WTEColi_113C80_U13C20_01,OxicWtGlc,Unknown,0,prpp,C5H12O14P3-,389,6,0.924602443,7.721541997,normMax,1,0.075397557,MRM,t,
WTEColi_113C80_U13C20_01,OxicWtGlc,Unknown,0,prpp,C5H12O14P3-,390,6,0.955595669,6.6564123,normMax,0.060791759,0.894803909,MRM,t,
WTEColi_113C80_U13C20_01,OxicWtGlc,Unknown,0,prpp,C5H12O14P3-,391,6,0.537917339,16.58744729,normMax,0.030324185,0.507593154,MRM,t,
WTEColi_113C80_U13C20_01,OxicWtGlc,Unknown,0,prpp,C5H12O14P3-,392,6,0.587698313,17.00233206,normMax,0.001759722,0.585938591,MRM,t,
WTEColi_113C80_U13C20_01,OxicWtGlc,Unknown,0,prpp,C5H12O14P3-,393,6,0.179802105,40.90903604,normMax,0.000428528,0.179373577,MRM,t,
WTEColi_113C80_U13C20_01,OxicWtGlc,Unknown,0,prpp,C5H12O14P3-,394,6,0.292992455,42.11273669,normMax,2.37E-05,0.292968778,MRM,t,
WTEColi_113C80_U13C20_01,OxicWtGlc,Unknown,0,pyr,C3H3O3-,87,6,1,0,normMax,1,0,EPI,t,
WTEColi_113C80_U13C20_01,OxicWtGlc,Unknown,0,pyr,C3H3O3-,87,6,1,0,normMax,1,0,MRM,t,
WTEColi_113C80_U13C20_01,OxicWtGlc,Unknown,0,pyr,C3H3O3-,88,6,0.885882236,6.562978559,normMax,0.033935002,0.851947234,EPI,t,
WTEColi_113C80_U13C20_01,OxicWtGlc,Unknown,0,pyr,C3H3O3-,88,6,0.820583918,5.119998319,normMax,0.033935002,0.786648917,MRM,t,
WTEColi_113C80_U13C20_01,OxicWtGlc,Unknown,0,pyr,C3H3O3-,89,0,0,0,normMax,0.006565066,,EPI,t,
WTEColi_113C80_U13C20_01,OxicWtGlc,Unknown,0,pyr,C3H3O3-,89,6,0.148423973,14.41557864,normMax,0.006565066,0.141858907,MRM,t,
WTEColi_113C80_U13C20_01,OxicWtGlc,Unknown,0,pyr,C3H3O3-,90,0,0,0,normMax,0.000208676,,EPI,t,
WTEColi_113C80_U13C20_01,OxicWtGlc,Unknown,0,pyr,C3H3O3-,90,6,0.385686237,11.98884794,normMax,0.000208676,0.385477561,MRM,t,
WTEColi_113C80_U13C20_01,OxicWtGlc,Unknown,0,s7p,C7H14O10P-,289,6,0.670707237,24.02532381,normMax,1,0.329292763,MRM,t,
WTEColi_113C80_U13C20_01,OxicWtGlc,Unknown,0,s7p,C7H14O10P-,290,6,0.914190279,20.29373458,normMax,0.08112954,0.833060739,MRM,t,
WTEColi_113C80_U13C20_01,OxicWtGlc,Unknown,0,s7p,C7H14O10P-,291,6,0.637016606,28.56675343,normMax,0.023430689,0.613585917,MRM,t,
WTEColi_113C80_U13C20_01,OxicWtGlc,Unknown,0,s7p,C7H14O10P-,292,6,0.481547776,25.48350258,normMax,0.001718047,0.479829729,MRM,t,
WTEColi_113C80_U13C20_01,OxicWtGlc,Unknown,0,s7p,C7H14O10P-,293,6,0.828954762,22.17768537,normMax,0.000249357,0.828705405,MRM,t,
WTEColi_113C80_U13C20_01,OxicWtGlc,Unknown,0,s7p,C7H14O10P-,294,6,0.293036492,36.66311479,normMax,1.65E-05,0.29302003,MRM,t,
WTEColi_113C80_U13C20_01,OxicWtGlc,Unknown,0,s7p,C7H14O10P-,295,6,0.100918377,30.50248071,normMax,1.59E-06,0.100916786,MRM,t,
WTEColi_113C80_U13C20_01,OxicWtGlc,Unknown,0,s7p,C7H14O10P-,296,6,0.113142638,27.74305989,normMax,9.29E-08,0.113142545,MRM,t,
WTEColi_113C80_U13C20_01,OxicWtGlc,Unknown,0,succ,C4H5O4-,117,6,0.702506854,7.137631568,normMax,1,0.297493146,MRM,t,
WTEColi_113C80_U13C20_01,OxicWtGlc,Unknown,0,succ,C4H5O4-,118,6,0.989399113,2.395828198,normMax,0.045361682,0.944037432,MRM,t,
WTEColi_113C80_U13C20_01,OxicWtGlc,Unknown,0,succ,C4H5O4-,119,6,0.929438948,5.983166768,normMax,0.009014532,0.920424416,MRM,t,
WTEColi_113C80_U13C20_01,OxicWtGlc,Unknown,0,succ,C4H5O4-,120,6,0.465163225,14.36784664,normMax,0.000376357,0.464786868,MRM,t,
WTEColi_113C80_U13C20_01,OxicWtGlc,Unknown,0,succ,C4H5O4-,121,6,0.140541825,23.84428512,normMax,3.18E-05,0.140510071,MRM,t,
WTEColi_113C80_U13C20_01,OxicWtGlc,Unknown,0,succ,C4H3O3-,99,6,0.702506854,7.137631568,normMax,1,0.297493146,MRM,t,
WTEColi_113C80_U13C20_01,OxicWtGlc,Unknown,0,succ,C4H3O3-,100,6,0.989399113,2.395828198,normMax,0.04475073,0.944648384,MRM,t,
WTEColi_113C80_U13C20_01,OxicWtGlc,Unknown,0,succ,C4H3O3-,101,6,0.929438948,5.983166768,normMax,0.006932097,0.922506851,MRM,t,
WTEColi_113C80_U13C20_01,OxicWtGlc,Unknown,0,succ,C4H3O3-,102,6,0.465163225,14.36784664,normMax,0.000279682,0.464883543,MRM,t,
WTEColi_113C80_U13C20_01,OxicWtGlc,Unknown,0,succ,C4H3O3-,103,6,0.140541825,23.84428512,normMax,1.73E-05,0.140524509,MRM,t,
WTEColi_113C80_U13C20_01,OxicWtGlc,Unknown,0,thr-L,C4H8NO3-,118,6,1,0,normMax,1,0,EPI,t,
WTEColi_113C80_U13C20_01,OxicWtGlc,Unknown,0,thr-L,C4H8NO3-,118,6,0.667513388,35.50298133,normMax,1,0.332486612,MRM,t,
WTEColi_113C80_U13C20_01,OxicWtGlc,Unknown,0,thr-L,C4H8NO3-,119,0,0,0,normMax,0.049019388,,EPI,t,
WTEColi_113C80_U13C20_01,OxicWtGlc,Unknown,0,thr-L,C4H8NO3-,119,6,0.923752332,18.45678358,normMax,0.049019388,0.874732944,MRM,t,
WTEColi_113C80_U13C20_01,OxicWtGlc,Unknown,0,thr-L,C4H8NO3-,120,0,0,0,normMax,0.007125379,,EPI,t,
WTEColi_113C80_U13C20_01,OxicWtGlc,Unknown,0,thr-L,C4H8NO3-,120,6,0.435434951,35.03320675,normMax,0.007125379,0.428309572,MRM,t,
WTEColi_113C80_U13C20_01,OxicWtGlc,Unknown,0,thr-L,C4H8NO3-,121,0,0,0,normMax,0.000309374,,EPI,t,
WTEColi_113C80_U13C20_01,OxicWtGlc,Unknown,0,thr-L,C4H8NO3-,121,6,0.320156699,32.68767238,normMax,0.000309374,0.319847325,MRM,t,
WTEColi_113C80_U13C20_01,OxicWtGlc,Unknown,0,thr-L,C4H8NO3-,122,0,0,0,normMax,1.85E-05,,EPI,t,
WTEColi_113C80_U13C20_01,OxicWtGlc,Unknown,0,thr-L,C4H8NO3-,122,6,0.116154874,28.03738102,normMax,1.85E-05,0.116136348,MRM,t,
WTEColi_113C80_U13C20_01,OxicWtGlc,Unknown,0,thr-L,C2H4NO2-,74,3,1,0,normMax,1,0,EPI,t,
WTEColi_113C80_U13C20_01,OxicWtGlc,Unknown,0,thr-L,C2H4NO2-,74,6,0.975425493,5.6334664,normMax,1,0.024574507,MRM,t,
WTEColi_113C80_U13C20_01,OxicWtGlc,Unknown,0,thr-L,C2H4NO2-,75,0,0,0,normMax,0.026546953,,EPI,t,
WTEColi_113C80_U13C20_01,OxicWtGlc,Unknown,0,thr-L,C2H4NO2-,75,6,0.689114571,36.28863352,normMax,0.026546953,0.662567618,MRM,t,
WTEColi_113C80_U13C20_01,OxicWtGlc,Unknown,0,thr-L,C2H4NO2-,76,0,0,0,normMax,0.004338385,,EPI,t,
WTEColi_113C80_U13C20_01,OxicWtGlc,Unknown,0,thr-L,C2H4NO2-,76,6,0.313062667,4.459976707,normMax,0.004338385,0.308724282,MRM,t,
WTEColi_113C80_U13C20_01,OxicWtGlc,Unknown,0,ump,C9H12N2O9P-,323,6,0.386904786,12.47648547,normMax,1,0.613095214,EPI,t,
WTEColi_113C80_U13C20_01,OxicWtGlc,Unknown,0,ump,C9H12N2O9P-,323,6,0.386904786,12.47648547,normMax,1,0.613095214,MRM,t,
WTEColi_113C80_U13C20_01,OxicWtGlc,Unknown,0,ump,C9H12N2O9P-,324,6,0.862816983,16.52282678,normMax,0.109537229,0.753279754,EPI,t,
WTEColi_113C80_U13C20_01,OxicWtGlc,Unknown,0,ump,C9H12N2O9P-,324,6,0.862816983,16.52282678,normMax,0.109537229,0.753279754,MRM,t,
WTEColi_113C80_U13C20_01,OxicWtGlc,Unknown,0,ump,C9H12N2O9P-,325,6,0.981375153,2.838246778,normMax,0.02395336,0.957421793,EPI,t,
WTEColi_113C80_U13C20_01,OxicWtGlc,Unknown,0,ump,C9H12N2O9P-,325,6,0.981375153,2.838246778,normMax,0.02395336,0.957421793,MRM,t,
WTEColi_113C80_U13C20_01,OxicWtGlc,Unknown,0,ump,C9H12N2O9P-,326,6,0.848192377,18.62911734,normMax,0.002182478,0.846009899,EPI,t,
WTEColi_113C80_U13C20_01,OxicWtGlc,Unknown,0,ump,C9H12N2O9P-,326,6,0.848192377,18.62911734,normMax,0.002182478,0.846009899,MRM,t,
WTEColi_113C80_U13C20_01,OxicWtGlc,Unknown,0,ump,C9H12N2O9P-,327,6,0.644454987,22.44634377,normMax,0.000255501,0.644199486,EPI,t,
WTEColi_113C80_U13C20_01,OxicWtGlc,Unknown,0,ump,C9H12N2O9P-,327,6,0.644454987,22.44634377,normMax,0.000255501,0.644199486,MRM,t,
WTEColi_113C80_U13C20_01,OxicWtGlc,Unknown,0,ump,C9H12N2O9P-,328,6,0.444870899,17.68473933,normMax,1.96E-05,0.444851329,EPI,t,
WTEColi_113C80_U13C20_01,OxicWtGlc,Unknown,0,ump,C9H12N2O9P-,328,6,0.444870899,17.68473933,normMax,1.96E-05,0.444851329,MRM,t,
WTEColi_113C80_U13C20_01,OxicWtGlc,Unknown,0,ump,C9H12N2O9P-,329,0,0,0,normMax,1.61E-06,,EPI,t,
WTEColi_113C80_U13C20_01,OxicWtGlc,Unknown,0,ump,C9H12N2O9P-,329,6,0.304438651,18.825304,normMax,1.61E-06,0.304437045,MRM,t,
WTEColi_113C80_U13C20_01,OxicWtGlc,Unknown,0,ump,C9H12N2O9P-,330,0,0,0,normMax,1.04E-07,,EPI,t,
WTEColi_113C80_U13C20_01,OxicWtGlc,Unknown,0,ump,C9H12N2O9P-,330,6,0.150811362,22.86021754,normMax,1.04E-07,0.150811258,MRM,t,
WTEColi_113C80_U13C20_01,OxicWtGlc,Unknown,0,ump,C9H12N2O9P-,331,0,0,0,normMax,4.44E-09,,EPI,t,
WTEColi_113C80_U13C20_01,OxicWtGlc,Unknown,0,ump,C9H12N2O9P-,331,5,0.03961393,19.39724051,normMax,4.44E-09,0.039613926,MRM,t,
WTEColi_113C80_U13C20_01,OxicWtGlc,Unknown,0,ump,C9H12N2O9P-,332,0,0,0,normMax,1.51E-11,,EPI,t,
WTEColi_113C80_U13C20_01,OxicWtGlc,Unknown,0,ump,C9H12N2O9P-,332,6,0.216057667,37.95323535,normMax,1.51E-11,0.216057667,MRM,t,
