Reaction,Formula,LB,UB,Subsystem
DM_4CRSOL,1.0 4crsol_c ->,0.0,1000.0,
DM_5DRIB,1.0 5drib_c ->,0.0,1000.0,
DM_AMOB,1.0 amob_c ->,0.0,1000.0,
DM_MTHTHF,1.0 mththf_c ->,0.0,1000.0,
Ec_biomass_iJO1366_WT_53p95M,0.000223 pydx5p_c + 2.4e-05 cobalt2_c + 0.004952 cl_c + 0.007428 fe3_c + 7e-06 mococdp_c + 0.000223 hemeO_c + 0.000223 ribflv_c + 0.006744 spmd_c + 0.149336 met_DASH_L_c + 0.024805 datp_c + 0.000605 murein3px4p_p + 0.000223 enter_c + 0.499149 ala_DASH_L_c + 0.000223 2dmmql8_c + 0.133993 tyr_DASH_L_c + 0.000674 cu2_c + 0.000112 nadp_c + 0.000673 murein4px4px4p_p + 0.209684 ser_DASH_L_c + 0.234232 asn_DASH_L_c + 0.000223 10fthf_c + 0.000223 fad_c + 0.003805 pg161_p + 0.024732 pe161_p + 0.000307 ni2_c + 0.004439 pg161_c + 0.009618 pe161_c + 0.000223 thmpp_c + 0.255712 glu_DASH_L_c + 0.282306 ile_DASH_L_c + 0.008253 mg2_c + 0.000223 mql8_c + 54.119975 atp_c + 0.246506 thr_DASH_L_c + 2.5e-05 2fe2s_c + 0.004126 so4_c + 0.000168 coa_c + 0.000223 thf_c + 0.000279 accoa_c + 4.5e-05 nadh_c + 0.005448 murein4px4p_p + 0.000223 5mthf_c + 0.000223 amet_c + 0.012379 nh4_c + 3e-06 lipopb_c + 2e-06 btn_c + 0.000223 mlthf_c + 0.000223 q8h2_c + 0.209121 gtp_c + 0.008151 colipa_e + 0.03327 ptrc_c + 0.00118 clpn181_p + 0.140101 utp_c + 7e-06 mobd_c + 0.004892 pg160_p + 0.031798 pe160_p + 0.255712 gln_DASH_L_c + 0.000248 4fe4s_c + 0.005707 pg160_c + 0.012366 pe160_c + 0.088988 cys_DASH_L_c + 0.024805 dttp_c + 0.214798 pro_DASH_L_c + 0.00229 clpn161_p + 0.001787 nad_c + 0.595297 gly_c + 0.004952 ca2_c + 7e-06 mocogdp_c + 0.411184 val_DASH_L_c + 0.005381 murein4p4p_p + 0.001345 murein3p3p_p + 0.000335 nadph_c + 0.180021 phe_DASH_L_c + 0.18569 k_c + 0.234232 asp_DASH_L_c + 48.752916 h2o_c + 0.006388 fe2_c + 0.012747 pe181_p + 5.5e-05 udcpdp_c + 0.129799 ctp_c + 0.000223 chor_c + 0.004957 pe181_c + 0.025612 dctp_c + 3.1e-05 malcoa_c + 0.333448 lys_DASH_L_c + 0.000223 gthrd_c + 0.002944 clpn160_p + 0.025612 dgtp_c + 0.000116 bmocogdp_c + 0.000223 adocbl_c + 0.001961 pg181_p + 0.154187 glycogen_c + 0.28742 arg_DASH_L_c + 0.002288 pg181_c + 0.437778 leu_DASH_L_c + 9.8e-05 succoa_c + 0.000223 pheme_c + 0.000324 zn2_c + 0.000223 sheme_c + 0.092056 his_DASH_L_c + 0.000658 mn2_c + 0.055234 trp_DASH_L_c -> 0.749831 ppi_c + 53.945874 pi_c + 53.95 h_c + 53.95 adp_c,0.0,1000.0,
EX_5mtr_LPAREN_e_RPAREN_,1.0 5mtr_e ->,0.0,1000.0,
EX_ac_LPAREN_e_RPAREN_,1.0 ac_e ->,0.0,1000.0,
EX_co2_LPAREN_e_RPAREN_,1.0 co2_e ->,0,1000.0,
EX_etoh_LPAREN_e_RPAREN_,1.0 etoh_e ->,0.0,1000.0,
EX_for_LPAREN_e_RPAREN_,1.0 for_e ->,0.0,1000.0,
EX_fum_LPAREN_e_RPAREN_,1.0 fum_e ->,0.0,1000.0,
EX_h_LPAREN_e_RPAREN_,1.0 h_e ->,0,1000.0,
EX_h2o_LPAREN_e_RPAREN_,1.0 h2o_e ->,0,1000.0,
EX_lac_DASH_L_LPAREN_e_RPAREN_,1.0 lac_DASH_L_e ->,0.0,1000.0,
EX_meoh_LPAREN_e_RPAREN_,1.0 meoh_e ->,0.0,1000.0,
EX_pyr_LPAREN_e_RPAREN_,1.0 pyr_e ->,0.0,1000.0,
EX_succ_LPAREN_e_RPAREN_,1.0 succ_e ->,0.0,1000.0,
5DOAN,1.0 h2o_c + 1.0 dad_DASH_5_c -> 1.0 ade_c + 1.0 5drib_c,0.0,1000.0,Cofactor and Prosthetic Group Biosynthesis
5MTRtpp,1.0 5mtr_c + 1.0 h_c -> 1.0 h_p + 1.0 5mtr_p,0.0,1000.0,"Transport, Inner Membrane"
A5PISO,1.0 ru5p_DASH_D_c -> 1.0 ara5p_c,0,1000.0,Alternate Carbon Metabolism
ABTA,1.0 akg_c + 1.0 4abut_c -> 1.0 glu_DASH_L_c + 1.0 sucsal_c,0.0,1000.0,Arginine and Proline Metabolism
ACALD,1.0 acald_c + 1.0 coa_c + 1.0 nad_c -> 1.0 nadh_c + 1.0 h_c + 1.0 accoa_c,0,1000.0,Pyruvate Metabolism
ACCOAC,1.0 hco3_c + 1.0 atp_c + 1.0 accoa_c -> 1.0 malcoa_c + 1.0 h_c + 1.0 adp_c + 1.0 pi_c,0.0,1000.0,Membrane Lipid Metabolism
ACKr,1.0 ac_c + 1.0 atp_c -> 1.0 actp_c + 1.0 adp_c,0,1000.0,Pyruvate Metabolism
ACODA,1.0 h2o_c + 1.0 acorn_c -> 1.0 ac_c + 1.0 orn_c,0.0,1000.0,Arginine and Proline Metabolism
ACONTa,1.0 cit_c -> 1.0 h2o_c + 1.0 acon_DASH_C_c,0,1000.0,Citric Acid Cycle
ACONTb,1.0 h2o_c + 1.0 acon_DASH_C_c -> 1.0 icit_c,0,1000.0,Citric Acid Cycle
ACOTA,1.0 akg_c + 1.0 acorn_c -> 1.0 glu_DASH_L_c + 1.0 acg5sa_c,0,1000.0,Arginine and Proline Metabolism
ACS,1.0 ac_c + 1.0 coa_c + 1.0 atp_c -> 1.0 ppi_c + 1.0 amp_c + 1.0 accoa_c,0.0,1000.0,Pyruvate Metabolism
ADA,1.0 h2o_c + 1.0 adn_c + 1.0 h_c -> 1.0 nh4_c + 1.0 ins_c,0.0,1000.0,Nucleotide Salvage Pathway
ADD,1.0 h2o_c + 1.0 ade_c + 1.0 h_c -> 1.0 hxan_c + 1.0 nh4_c,0.0,1000.0,Nucleotide Salvage Pathway
ADK1,1.0 amp_c + 1.0 atp_c -> 2.0 adp_c,0,1000.0,Nucleotide Salvage Pathway
ADK3,1.0 gtp_c + 1.0 amp_c -> 1.0 gdp_c + 1.0 adp_c,0,1000.0,Nucleotide Salvage Pathway
ADK4,1.0 amp_c + 1.0 itp_c -> 1.0 adp_c + 1.0 idp_c,0,1000.0,Nucleotide Salvage Pathway
ADMDC,1.0 amet_c + 1.0 h_c -> 1.0 ametam_c + 1.0 co2_c,0.0,1000.0,Arginine and Proline Metabolism
ADNCYC,1.0 atp_c -> 1.0 ppi_c + 1.0 camp_c,0.0,1000.0,Nucleotide Salvage Pathway
ADNK1,1.0 adn_c + 1.0 atp_c -> 1.0 amp_c + 1.0 adp_c + 1.0 h_c,0.0,1000.0,Nucleotide Salvage Pathway
ADPT,1.0 ade_c + 1.0 prpp_c -> 1.0 ppi_c + 1.0 amp_c,0.0,1000.0,Nucleotide Salvage Pathway
ADSK,1.0 aps_c + 1.0 atp_c -> 1.0 paps_c + 1.0 adp_c + 1.0 h_c,0.0,1000.0,Cysteine Metabolism
AGPR,1.0 nadp_c + 1.0 pi_c + 1.0 acg5sa_c -> 1.0 acg5p_c + 1.0 nadph_c + 1.0 h_c,0,1000.0,Arginine and Proline Metabolism
AHCYSNS,1.0 h2o_c + 1.0 ahcys_c -> 1.0 ade_c + 1.0 rhcys_c,0.0,1000.0,Methionine Metabolism
AKGDH,1.0 akg_c + 1.0 coa_c + 1.0 nad_c -> 1.0 co2_c + 1.0 nadh_c + 1.0 succoa_c,0.0,1000.0,Citric Acid Cycle
ALAALAD,1.0 h2o_c + 1.0 alaala_c -> 2.0 ala_DASH_D_c,0.0,1000.0,Murein Recycling
ALAALAabcpp,1.0 h2o_c + 1.0 alaala_p + 1.0 atp_c -> 1.0 alaala_c + 1.0 pi_c + 1.0 h_c + 1.0 adp_c,0.0,1000.0,"Transport, Inner Membrane"
ALAALAr,2.0 ala_DASH_D_c + 1.0 atp_c -> 1.0 alaala_c + 1.0 pi_c + 1.0 h_c + 1.0 adp_c,0,1000.0,Cell Envelope Biosynthesis
ALAGLUE,1.0 LalaDglu_c -> 1.0 LalaLglu_c,0,1000.0,Murein Recycling
ALAR,1.0 ala_DASH_L_c -> 1.0 ala_DASH_D_c,0,1000.0,Alanine and Aspartate Metabolism
ALATA_L,1.0 akg_c + 1.0 ala_DASH_L_c -> 1.0 pyr_c + 1.0 glu_DASH_L_c,0,1000.0,Alanine and Aspartate Metabolism
ALCD2x,1.0 nad_c + 1.0 etoh_c -> 1.0 acald_c + 1.0 nadh_c + 1.0 h_c,0,1000.0,Pyruvate Metabolism
AMPN,1.0 h2o_c + 1.0 amp_c -> 1.0 r5p_c + 1.0 ade_c,0.0,1000.0,Nucleotide Salvage Pathway
AP4AH,1.0 h2o_c + 1.0 ap4a_c -> 2.0 h_c + 2.0 adp_c,0.0,1000.0,Nucleotide Salvage Pathway
AP4AS,1.0 h_c + 2.0 atp_c -> 1.0 ppi_c + 1.0 ap4a_c,0.0,1000.0,Nucleotide Salvage Pathway
APPLDHr,1.0 nadh_c + 1.0 h_c + 1.0 aact_c -> 1.0 appl_c + 1.0 nad_c,0,1000.0,Threonine and Lysine Metabolism
ARGSL,1.0 argsuc_c -> 1.0 arg_DASH_L_c + 1.0 fum_c,0,1000.0,Arginine and Proline Metabolism
ARGSS,1.0 citr_DASH_L_c + 1.0 asp_DASH_L_c + 1.0 atp_c -> 1.0 argsuc_c + 1.0 ppi_c + 1.0 amp_c + 1.0 h_c,0.0,1000.0,Arginine and Proline Metabolism
ASAD,1.0 aspsa_c + 1.0 nadp_c + 1.0 pi_c -> 1.0 nadph_c + 1.0 4pasp_c + 1.0 h_c,0,1000.0,Threonine and Lysine Metabolism
ASNN,1.0 asn_DASH_L_c + 1.0 h2o_c -> 1.0 asp_DASH_L_c + 1.0 nh4_c,0.0,1000.0,Alanine and Aspartate Metabolism
ASNS1,1.0 h2o_c + 1.0 asp_DASH_L_c + 1.0 atp_c + 1.0 gln_DASH_L_c -> 1.0 amp_c + 1.0 asn_DASH_L_c + 1.0 ppi_c + 1.0 glu_DASH_L_c + 1.0 h_c,0.0,1000.0,Alanine and Aspartate Metabolism
ASNS2,1.0 asp_DASH_L_c + 1.0 nh4_c + 1.0 atp_c -> 1.0 asn_DASH_L_c + 1.0 ppi_c + 1.0 amp_c + 1.0 h_c,0.0,1000.0,Alanine and Aspartate Metabolism
ASPK,1.0 asp_DASH_L_c + 1.0 atp_c -> 1.0 4pasp_c + 1.0 adp_c,0,1000.0,Threonine and Lysine Metabolism
ASPT,1.0 asp_DASH_L_c -> 1.0 fum_c + 1.0 nh4_c,0.0,1000.0,Alanine and Aspartate Metabolism
ASPTA,1.0 akg_c + 1.0 asp_DASH_L_c -> 1.0 glu_DASH_L_c + 1.0 oaa_c,0,1000.0,Alanine and Aspartate Metabolism
ATHRDHr,1.0 nadp_c + 1.0 athr_DASH_L_c -> 1.0 nadph_c + 1.0 2aobut_c + 1.0 h_c,0,1000.0,Threonine and Lysine Metabolism
ATPHs,1.0 h2o_c + 1.0 h_c + 1.0 atp_c -> 1.0 nh4_c + 1.0 itp_c,0.0,1000.0,Nucleotide Salvage Pathway
ATPM,1.0 h2o_c + 1.0 atp_c -> 1.0 pi_c + 1.0 h_c + 1.0 adp_c,3.15,1000.0,Unassigned
ATPS4rpp,1.0 pi_c + 4.0 h_p + 1.0 adp_c -> 1.0 h2o_c + 3.0 h_c + 1.0 atp_c,0,1000.0,Oxidative Phosphorylation
BPNT,1.0 h2o_c + 1.0 pap_c -> 1.0 pi_c + 1.0 amp_c,0.0,1000.0,Cysteine Metabolism
CA2tex,1.0 ca2_e -> 1.0 ca2_p,0,1000.0,"Transport, Outer Membrane Porin"
CBL1abcpp,1.0 cbl1_p + 1.0 h2o_c + 1.0 atp_c -> 1.0 cbl1_c + 1.0 pi_c + 1.0 h_c + 1.0 adp_c,0.0,1000.0,"Transport, Inner Membrane"
CBL1tonex,1.0 cbl1_e + 1.0 h_p -> 1.0 cbl1_p + 1.0 h_c,0.0,1000.0,"Transport, Outer Membrane"
CBMKr,1.0 co2_c + 1.0 nh4_c + 1.0 atp_c -> 1.0 cbp_c + 2.0 h_c + 1.0 adp_c,0,1000.0,Unassigned
CBPS,1.0 hco3_c + 1.0 h2o_c + 2.0 atp_c + 1.0 gln_DASH_L_c -> 1.0 cbp_c + 1.0 glu_DASH_L_c + 1.0 pi_c + 2.0 h_c + 2.0 adp_c,0.0,1000.0,Arginine and Proline Metabolism
CHORM,1.0 chor_c -> 1.0 pphn_c,0.0,1000.0,"Tyrosine, Tryptophan, and Phenylalanine Metabolism"
CHORS,1.0 3psme_c -> 1.0 chor_c + 1.0 pi_c,0.0,1000.0,"Tyrosine, Tryptophan, and Phenylalanine Metabolism"
CITL,1.0 cit_c -> 1.0 ac_c + 1.0 oaa_c,0.0,1000.0,Citric Acid Cycle
CLPNS160pp,2.0 pg160_p -> 1.0 clpn160_p + 1.0 glyc_p,0,1000.0,Glycerophospholipid Metabolism
CLPNS161pp,2.0 pg161_p -> 1.0 clpn161_p + 1.0 glyc_p,0,1000.0,Glycerophospholipid Metabolism
CLPNS181pp,2.0 pg181_p -> 1.0 clpn181_p + 1.0 glyc_p,0,1000.0,Glycerophospholipid Metabolism
CLt3_2pp,2.0 cl_p + 1.0 h_c -> 1.0 h_p + 2.0 cl_c,0.0,1000.0,Inorganic Ion Transport and Metabolism
CLtex,1.0 cl_e -> 1.0 cl_p,0,1000.0,"Transport, Outer Membrane Porin"
CMPN,1.0 h2o_c + 1.0 cmp_c -> 1.0 r5p_c + 1.0 csn_c,0.0,1000.0,Nucleotide Salvage Pathway
COBALT2tex,1.0 cobalt2_e -> 1.0 cobalt2_p,0,1000.0,"Transport, Outer Membrane Porin"
COBALT2tpp,1.0 cobalt2_p -> 1.0 cobalt2_c,0.0,1000.0,Inorganic Ion Transport and Metabolism
CRNBTCT,1.0 crn_c + 1.0 bbtcoa_c -> 1.0 crncoa_c + 1.0 gbbtn_c,0,1000.0,Oxidative Phosphorylation
CRNCAR,1.0 crncoa_c -> 1.0 crnDcoa_c,0,1000.0,Oxidative Phosphorylation
CRNCBCT,1.0 crn_c + 1.0 ctbtcoa_c -> 1.0 crncoa_c + 1.0 ctbt_c,0,1000.0,Oxidative Phosphorylation
CRNCDH,1.0 crncoa_c -> 1.0 ctbtcoa_c + 1.0 h2o_c,0,1000.0,Oxidative Phosphorylation
CS,1.0 h2o_c + 1.0 accoa_c + 1.0 oaa_c -> 1.0 coa_c + 1.0 h_c + 1.0 cit_c,0.0,1000.0,Citric Acid Cycle
CSND,1.0 h2o_c + 1.0 csn_c + 1.0 h_c -> 1.0 ura_c + 1.0 nh4_c,0.0,1000.0,Nucleotide Salvage Pathway
CTPS2,1.0 h2o_c + 1.0 utp_c + 1.0 atp_c + 1.0 gln_DASH_L_c -> 1.0 ctp_c + 1.0 glu_DASH_L_c + 1.0 pi_c + 2.0 h_c + 1.0 adp_c,0.0,1000.0,Purine and Pyrimidine Biosynthesis
CU2tex,1.0 cu2_e -> 1.0 cu2_p,0,1000.0,"Transport, Outer Membrane Porin"
CU2tpp,1.0 cu2_p -> 1.0 cu2_c,0.0,1000.0,Inorganic Ion Transport and Metabolism
CYSDS,1.0 h2o_c + 1.0 cys_DASH_L_c -> 1.0 pyr_c + 1.0 nh4_c + 1.0 h2s_c,0.0,1000.0,Cysteine Metabolism
CYSS,1.0 acser_c + 1.0 h2s_c -> 1.0 ac_c + 1.0 h_c + 1.0 cys_DASH_L_c,0.0,1000.0,Cysteine Metabolism
CYTBD2pp,0.5 o2_c + 2.0 h_c + 1.0 mql8_c -> 1.0 h2o_c + 1.0 mqn8_c + 2.0 h_p,0.0,1000.0,Oxidative Phosphorylation
CYTBDpp,0.5 o2_c + 2.0 h_c + 1.0 q8h2_c -> 1.0 h2o_c + 1.0 q8_c + 2.0 h_p,0.0,1000.0,Oxidative Phosphorylation
CYTBO3_4pp,0.5 o2_c + 4.0 h_c + 1.0 q8h2_c -> 1.0 h2o_c + 1.0 q8_c + 4.0 h_p,0.0,1000.0,Oxidative Phosphorylation
CYTD,1.0 cytd_c + 1.0 h2o_c + 1.0 h_c -> 1.0 uri_c + 1.0 nh4_c,0.0,1000.0,Nucleotide Salvage Pathway
CYTDK2,1.0 cytd_c + 1.0 gtp_c -> 1.0 gdp_c + 1.0 h_c + 1.0 cmp_c,0.0,1000.0,Nucleotide Salvage Pathway
CYTK1,1.0 atp_c + 1.0 cmp_c -> 1.0 cdp_c + 1.0 adp_c,0,1000.0,Nucleotide Salvage Pathway
CYTK2,1.0 dcmp_c + 1.0 atp_c -> 1.0 adp_c + 1.0 dcdp_c,0,1000.0,Nucleotide Salvage Pathway
DAAD,1.0 ala_DASH_D_c + 1.0 h2o_c + 1.0 fad_c -> 1.0 pyr_c + 1.0 fadh2_c + 1.0 nh4_c,0.0,1000.0,Alanine and Aspartate Metabolism
DADA,1.0 h2o_c + 1.0 h_c + 1.0 dad_DASH_2_c -> 1.0 din_c + 1.0 nh4_c,0.0,1000.0,Nucleotide Salvage Pathway
DADK,1.0 damp_c + 1.0 atp_c -> 1.0 dadp_c + 1.0 adp_c,0,1000.0,Nucleotide Salvage Pathway
DALAt2pp,1.0 ala_DASH_D_p + 1.0 h_p -> 1.0 ala_DASH_D_c + 1.0 h_c,0.0,1000.0,"Transport, Inner Membrane"
DAPDC,1.0 26dap_DASH_M_c + 1.0 h_c -> 1.0 lys_DASH_L_c + 1.0 co2_c,0.0,1000.0,Threonine and Lysine Metabolism
DAPE,1.0 26dap_DASH_LL_c -> 1.0 26dap_DASH_M_c,0,1000.0,Threonine and Lysine Metabolism
DATPHs,1.0 datp_c + 1.0 h2o_c + 1.0 h_c -> 1.0 ditp_c + 1.0 nh4_c,0.0,1000.0,Nucleotide Salvage Pathway
DCYTD,1.0 dcyt_c + 1.0 h2o_c + 1.0 h_c -> 1.0 nh4_c + 1.0 duri_c,0.0,1000.0,Nucleotide Salvage Pathway
DGK1,1.0 dgmp_c + 1.0 atp_c -> 1.0 dgdp_c + 1.0 adp_c,0,1000.0,Nucleotide Salvage Pathway
DHAD1,1.0 23dhmb_c -> 1.0 h2o_c + 1.0 3mob_c,0.0,1000.0,"Valine, Leucine, and Isoleucine Metabolism"
DHFR,1.0 nadph_c + 1.0 dhf_c + 1.0 h_c -> 1.0 nadp_c + 1.0 thf_c,0,1000.0,Cofactor and Prosthetic Group Biosynthesis
DHPTDCs2,1.0 dhptd_c -> 1.0 mdhdhf_c,0.0,1000.0,Methionine Metabolism
DHQTi,1.0 3dhq_c -> 1.0 3dhsk_c + 1.0 h2o_c,0.0,1000.0,"Tyrosine, Tryptophan, and Phenylalanine Metabolism"
DSERDHr,1.0 ser_DASH_D_c + 1.0 nadp_c -> 1.0 2amsa_c + 1.0 nadph_c + 1.0 h_c,0,1000.0,Glycine and Serine Metabolism
DTMPK,1.0 dtmp_c + 1.0 atp_c -> 1.0 dtdp_c + 1.0 adp_c,0,1000.0,Nucleotide Salvage Pathway
DURADx,1.0 56dura_c + 1.0 nad_c -> 1.0 ura_c + 1.0 nadh_c + 1.0 h_c,0,1000.0,Nucleotide Salvage Pathway
DURIK1,1.0 duri_c + 1.0 atp_c -> 1.0 dump_c + 1.0 adp_c + 1.0 h_c,0.0,1000.0,Nucleotide Salvage Pathway
DURIPP,1.0 pi_c + 1.0 duri_c -> 1.0 ura_c + 1.0 2dr1p_c,0,1000.0,Nucleotide Salvage Pathway
DXPS,1.0 pyr_c + 1.0 h_c + 1.0 g3p_c -> 1.0 dxyl5p_c + 1.0 co2_c,0.0,1000.0,Cofactor and Prosthetic Group Biosynthesis
EDA,1.0 2ddg6p_c -> 1.0 pyr_c + 1.0 g3p_c,0.0,1000.0,Pentose Phosphate Pathway
EDD,1.0 6pgc_c -> 1.0 h2o_c + 1.0 2ddg6p_c,0.0,1000.0,Pentose Phosphate Pathway
ENO,1.0 2pg_c -> 1.0 pep_c + 1.0 h2o_c,0,1000.0,Glycolysis/Gluconeogenesis
FADRx,1.0 nadh_c + 1.0 h_c + 1.0 fad_c -> 1.0 fadh2_c + 1.0 nad_c,0.0,1000.0,Cofactor and Prosthetic Group Biosynthesis
FBA,1.0 fdp_c -> 1.0 dhap_c + 1.0 g3p_c,0,1000.0,Glycolysis/Gluconeogenesis
FBA3,1.0 s17bp_c -> 1.0 e4p_c + 1.0 dhap_c,0,1000.0,Pentose Phosphate Pathway
FBP,1.0 h2o_c + 1.0 fdp_c -> 1.0 pi_c + 1.0 f6p_c,0.0,1000.0,Glycolysis/Gluconeogenesis
FE2tex,1.0 fe2_e -> 1.0 fe2_p,0,1000.0,"Transport, Outer Membrane Porin"
FE2tpp,1.0 fe2_p -> 1.0 fe2_c,0.0,1000.0,Inorganic Ion Transport and Metabolism
FE3abcpp,1.0 h2o_c + 1.0 fe3_p + 1.0 atp_c -> 1.0 fe3_c + 1.0 pi_c + 1.0 h_c + 1.0 adp_c,0.0,1000.0,Inorganic Ion Transport and Metabolism
FE3tex,1.0 fe3_e -> 1.0 fe3_p,0,1000.0,"Transport, Outer Membrane Porin"
FOMETRi,1.0 5fthf_c + 1.0 h_c -> 1.0 h2o_c + 1.0 methf_c,0.0,1000.0,Folate Metabolism
FRD2,1.0 fum_c + 1.0 mql8_c -> 1.0 succ_c + 1.0 mqn8_c,0.0,1000.0,Citric Acid Cycle
FRD3,1.0 fum_c + 1.0 2dmmql8_c -> 1.0 succ_c + 1.0 2dmmq8_c,0.0,1000.0,Citric Acid Cycle
FTHFD,1.0 h2o_c + 1.0 10fthf_c -> 1.0 thf_c + 1.0 for_c + 1.0 h_c,0.0,1000.0,Folate Metabolism
FTHFLi,1.0 thf_c + 1.0 for_c + 1.0 atp_c -> 1.0 pi_c + 1.0 10fthf_c + 1.0 adp_c,0.0,1000.0,Folate Metabolism
FUM,1.0 h2o_c + 1.0 fum_c -> 1.0 mal_DASH_L_c,0,1000.0,Citric Acid Cycle
G3PD5,1.0 glyc3p_c + 1.0 q8_c -> 1.0 q8h2_c + 1.0 dhap_c,0.0,1000.0,Oxidative Phosphorylation
G3PD6,1.0 glyc3p_c + 1.0 mqn8_c -> 1.0 dhap_c + 1.0 mql8_c,0.0,1000.0,Oxidative Phosphorylation
G3PD7,1.0 glyc3p_c + 1.0 2dmmq8_c -> 1.0 dhap_c + 1.0 2dmmql8_c,0.0,1000.0,Oxidative Phosphorylation
G5SADs,1.0 glu5sa_c -> 1.0 1pyr5c_c + 1.0 h2o_c + 1.0 h_c,0.0,1000.0,Arginine and Proline Metabolism
G6PDH2r,1.0 g6p_c + 1.0 nadp_c -> 1.0 6pgl_c + 1.0 nadph_c + 1.0 h_c,0,1000.0,Pentose Phosphate Pathway
G6PP,1.0 g6p_c + 1.0 h2o_c -> 1.0 pi_c + 1.0 glc_DASH_D_c,0.0,1000.0,Glycolysis/Gluconeogenesis
GALUi,1.0 utp_c + 1.0 h_c + 1.0 g1p_c -> 1.0 ppi_c + 1.0 udpg_c,0.0,1000.0,Cell Envelope Biosynthesis
GAPD,1.0 pi_c + 1.0 g3p_c + 1.0 nad_c -> 1.0 nadh_c + 1.0 h_c + 1.0 13dpg_c,0,1000.0,Glycolysis/Gluconeogenesis
GARFT,1.0 gar_c + 1.0 10fthf_c -> 1.0 fgam_c + 1.0 thf_c + 1.0 h_c,0,1000.0,Purine and Pyrimidine Biosynthesis
GART,1.0 gar_c + 1.0 for_c + 1.0 atp_c -> 1.0 pi_c + 1.0 fgam_c + 1.0 h_c + 1.0 adp_c,0.0,1000.0,Purine and Pyrimidine Biosynthesis
GCALDD,1.0 h2o_c + 1.0 nad_c + 1.0 gcald_c -> 1.0 glyclt_c + 1.0 nadh_c + 2.0 h_c,0.0,1000.0,Folate Metabolism
GHBDHx,1.0 nadh_c + 1.0 h_c + 1.0 sucsal_c -> 1.0 nad_c + 1.0 ghb_c,0,1000.0,Arginine and Proline Metabolism
GHMT2r,1.0 ser_DASH_L_c + 1.0 thf_c -> 1.0 h2o_c + 1.0 gly_c + 1.0 mlthf_c,0,1000.0,Glycine and Serine Metabolism
GK1,1.0 gmp_c + 1.0 atp_c -> 1.0 gdp_c + 1.0 adp_c,0,1000.0,Nucleotide Salvage Pathway
GLBRAN2,1.0 glycogen_c -> 1.0 bglycogen_c,0.0,1000.0,Glycolysis/Gluconeogenesis
GLCP,1.0 pi_c + 1.0 glycogen_c -> 1.0 g1p_c,0.0,1000.0,Glycolysis/Gluconeogenesis
GLCP2,1.0 bglycogen_c + 1.0 pi_c -> 1.0 g1p_c,0.0,1000.0,Glycolysis/Gluconeogenesis
GLCptspp,1.0 pep_c + 1.0 glc_DASH_D_p -> 1.0 pyr_c + 1.0 g6p_c,0.0,1000.0,"Transport, Inner Membrane"
GLCtexi,1.0 glc_DASH_D_e -> 1.0 glc_DASH_D_p,0.0,1000.0,"Transport, Outer Membrane"
GLDBRAN2,1.0 bglycogen_c -> 1.0 glycogen_c,0.0,1000.0,Glycolysis/Gluconeogenesis
GLNS,1.0 glu_DASH_L_c + 1.0 nh4_c + 1.0 atp_c -> 1.0 pi_c + 1.0 h_c + 1.0 adp_c + 1.0 gln_DASH_L_c,0.0,1000.0,Glutamate Metabolism
GLUDC,1.0 glu_DASH_L_c + 1.0 h_c -> 1.0 co2_c + 1.0 4abut_c,0.0,1000.0,Glutamate Metabolism
GLUN,1.0 h2o_c + 1.0 gln_DASH_L_c -> 1.0 glu_DASH_L_c + 1.0 nh4_c,0.0,1000.0,Glutamate Metabolism
GLUSy,1.0 akg_c + 1.0 nadph_c + 1.0 h_c + 1.0 gln_DASH_L_c -> 2.0 glu_DASH_L_c + 1.0 nadp_c,0.0,1000.0,Glutamate Metabolism
GLYCL,1.0 gly_c + 1.0 nad_c + 1.0 thf_c -> 1.0 nadh_c + 1.0 co2_c + 1.0 nh4_c + 1.0 mlthf_c,0.0,1000.0,Folate Metabolism
GLYCLTDx,1.0 nadh_c + 1.0 glx_c + 1.0 h_c -> 1.0 glyclt_c + 1.0 nad_c,0.0,1000.0,Glyoxylate Metabolism
GLYCLTDy,1.0 nadph_c + 1.0 glx_c + 1.0 h_c -> 1.0 glyclt_c + 1.0 nadp_c,0.0,1000.0,Glyoxylate Metabolism
GLYCTO2,1.0 glyclt_c + 1.0 q8_c -> 1.0 q8h2_c + 1.0 glx_c,0.0,1000.0,Alternate Carbon Metabolism
GLYK,1.0 glyc_c + 1.0 atp_c -> 1.0 glyc3p_c + 1.0 h_c + 1.0 adp_c,0.0,1000.0,Alternate Carbon Metabolism
GMPR,1.0 gmp_c + 1.0 nadph_c + 2.0 h_c -> 1.0 nadp_c + 1.0 imp_c + 1.0 nh4_c,0.0,1000.0,Purine and Pyrimidine Biosynthesis
GND,1.0 6pgc_c + 1.0 nadp_c -> 1.0 ru5p_DASH_D_c + 1.0 co2_c + 1.0 nadph_c,0.0,1000.0,Pentose Phosphate Pathway
GSNK,1.0 atp_c + 1.0 gsn_c -> 1.0 gmp_c + 1.0 h_c + 1.0 adp_c,0.0,1000.0,Nucleotide Salvage Pathway
GSPMDA,1.0 gtspmd_c + 1.0 h2o_c -> 1.0 spmd_c + 1.0 gthrd_c,0.0,1000.0,Arginine and Proline Metabolism
GSPMDS,1.0 spmd_c + 1.0 gthrd_c + 1.0 atp_c -> 1.0 gtspmd_c + 1.0 pi_c + 1.0 h_c + 1.0 adp_c,0.0,1000.0,Arginine and Proline Metabolism
GUACYC,1.0 gtp_c -> 1.0 ppi_c + 1.0 35cgmp_c,0.0,1000.0,Nucleotide Salvage Pathway
GUAPRT,1.0 gua_c + 1.0 prpp_c -> 1.0 ppi_c + 1.0 gmp_c,0.0,1000.0,Nucleotide Salvage Pathway
HCO3E,1.0 h2o_c + 1.0 co2_c -> 1.0 hco3_c + 1.0 h_c,0,1000.0,Unassigned
HCYSMT,1.0 amet_c + 1.0 hcys_DASH_L_c -> 1.0 ahcys_c + 1.0 h_c + 1.0 met_DASH_L_c,0.0,1000.0,Methionine Metabolism
HEX1,1.0 glc_DASH_D_c + 1.0 atp_c -> 1.0 g6p_c + 1.0 h_c + 1.0 adp_c,0.0,1000.0,Glycolysis/Gluconeogenesis
HSDy,1.0 nadp_c + 1.0 hom_DASH_L_c -> 1.0 aspsa_c + 1.0 nadph_c + 1.0 h_c,0,1000.0,Threonine and Lysine Metabolism
HXPRT,1.0 hxan_c + 1.0 prpp_c -> 1.0 ppi_c + 1.0 imp_c,0.0,1000.0,Nucleotide Salvage Pathway
I2FE2SS,2.0 fe2_c + 1.0 fadh2_c + 1.0 iscu_c + 2.0 iscssh_c -> 6.0 h_c + 1.0 fad_c + 2.0 iscs_c + 1.0 iscu_DASH_2fe2s_c,0.0,1000.0,Cofactor and Prosthetic Group Biosynthesis
I2FE2ST,1.0 iscu_DASH_2fe2s_c + 4.0 h_c -> 1.0 iscu_c + 1.0 2fe2s_c,0.0,1000.0,Cofactor and Prosthetic Group Biosynthesis
ICDHyr,1.0 icit_c + 1.0 nadp_c -> 1.0 akg_c + 1.0 co2_c + 1.0 nadph_c,0,1000.0,Citric Acid Cycle
ICHORS,1.0 chor_c -> 1.0 ichor_c,0,1000.0,Cofactor and Prosthetic Group Biosynthesis
ICL,1.0 icit_c -> 1.0 succ_c + 1.0 glx_c,0.0,1000.0,Anaplerotic Reactions
ICYSDS,1.0 cys_DASH_L_c + 1.0 iscs_c -> 1.0 ala_DASH_L_c + 1.0 iscssh_c,0.0,1000.0,Cofactor and Prosthetic Group Biosynthesis
ILETA,1.0 akg_c + 1.0 ile_DASH_L_c -> 1.0 3mop_c + 1.0 glu_DASH_L_c,0,1000.0,"Valine, Leucine, and Isoleucine Metabolism"
INSK,1.0 atp_c + 1.0 ins_c -> 1.0 imp_c + 1.0 adp_c + 1.0 h_c,0.0,1000.0,Nucleotide Salvage Pathway
IPDPS,1.0 nadh_c + 1.0 h_c + 1.0 h2mb4p_c -> 1.0 h2o_c + 1.0 ipdp_c + 1.0 nad_c,0.0,1000.0,Cofactor and Prosthetic Group Biosynthesis
IPMD,1.0 3c2hmp_c + 1.0 nad_c -> 1.0 3c4mop_c + 1.0 nadh_c + 1.0 h_c,0.0,1000.0,"Valine, Leucine, and Isoleucine Metabolism"
IPPMIa,1.0 3c2hmp_c -> 1.0 2ippm_c + 1.0 h2o_c,0,1000.0,"Valine, Leucine, and Isoleucine Metabolism"
IPPMIb,1.0 2ippm_c + 1.0 h2o_c -> 1.0 3c3hmp_c,0,1000.0,"Valine, Leucine, and Isoleucine Metabolism"
IPPS,1.0 h2o_c + 1.0 accoa_c + 1.0 3mob_c -> 1.0 coa_c + 1.0 h_c + 1.0 3c3hmp_c,0.0,1000.0,"Valine, Leucine, and Isoleucine Metabolism"
KAS15,1.0 malACP_c + 1.0 h_c + 1.0 accoa_c -> 1.0 actACP_c + 1.0 co2_c + 1.0 coa_c,0.0,1000.0,Membrane Lipid Metabolism
Kt2pp,1.0 k_p + 1.0 h_p -> 1.0 k_c + 1.0 h_c,0.0,1000.0,Inorganic Ion Transport and Metabolism
Ktex,1.0 k_e -> 1.0 k_p,0,1000.0,"Transport, Outer Membrane Porin"
LCARR,1.0 nadh_c + 1.0 h_c + 1.0 lald_DASH_D_c -> 1.0 12ppd_DASH_R_c + 1.0 nad_c,0,1000.0,Methylglyoxal Metabolism
LDH_D,1.0 lac_DASH_D_c + 1.0 nad_c -> 1.0 pyr_c + 1.0 nadh_c + 1.0 h_c,0,1000.0,Pyruvate Metabolism
LDH_D2,1.0 lac_DASH_D_c + 1.0 q8_c -> 1.0 q8h2_c + 1.0 pyr_c,0.0,1000.0,Oxidative Phosphorylation
LEUTAi,1.0 glu_DASH_L_c + 1.0 4mop_c -> 1.0 akg_c + 1.0 leu_DASH_L_c,0.0,1000.0,"Valine, Leucine, and Isoleucine Metabolism"
LSERDHr,1.0 ser_DASH_L_c + 1.0 nadp_c -> 1.0 2amsa_c + 1.0 nadph_c + 1.0 h_c,0,1000.0,Glycine and Serine Metabolism
MALS,1.0 h2o_c + 1.0 glx_c + 1.0 accoa_c -> 1.0 mal_DASH_L_c + 1.0 coa_c + 1.0 h_c,0.0,1000.0,Anaplerotic Reactions
MCOATA,1.0 ACP_c + 1.0 malcoa_c -> 1.0 coa_c + 1.0 malACP_c,0.0,1000.0,Membrane Lipid Metabolism
MCTP1App,1.0 murein5p5p_p -> 1.0 murein5px4p_p + 1.0 ala_DASH_D_p,0.0,1000.0,Murein Biosynthesis
MCTP1Bpp,1.0 murein5p5p_p -> 1.0 murein5px3p_p + 1.0 alaala_p,0.0,1000.0,Murein Biosynthesis
MCTP2App,1.0 murein5p5p5p_p -> 2.0 ala_DASH_D_p + 1.0 murein5px4px4p_p,0.0,1000.0,Murein Biosynthesis
MDDCP1pp,1.0 h2o_p + 1.0 murein5px4p_p -> 1.0 murein4px4p_p + 1.0 ala_DASH_D_p,0.0,1000.0,Murein Biosynthesis
MDDCP2pp,1.0 h2o_p + 1.0 murein5px4px4p_p -> 1.0 murein4px4px4p_p + 1.0 ala_DASH_D_p,0.0,1000.0,Murein Biosynthesis
MDDCP3pp,1.0 h2o_p + 1.0 murein5p5p_p -> 1.0 ala_DASH_D_p + 1.0 murein5p4p_p,0.0,1000.0,Murein Biosynthesis
MDDCP4pp,1.0 h2o_p + 1.0 murein5p4p_p -> 1.0 murein4p4p_p + 1.0 ala_DASH_D_p,0.0,1000.0,Murein Biosynthesis
MDDCP5pp,1.0 h2o_p + 1.0 murein5p3p_p -> 1.0 ala_DASH_D_p + 1.0 murein4p3p_p,0.0,1000.0,Murein Biosynthesis
MDDEP1pp,1.0 murein4px4p_p + 1.0 h2o_p -> 1.0 murein4p4p_p,0.0,1000.0,Murein Recycling
MDDEP2pp,1.0 h2o_p + 1.0 murein3px4p_p -> 1.0 murein4p3p_p,0.0,1000.0,Murein Recycling
MDDEP3pp,1.0 h2o_p + 1.0 murein5px4p_p -> 1.0 murein5p4p_p,0.0,1000.0,Murein Recycling
MDH,1.0 mal_DASH_L_c + 1.0 nad_c -> 1.0 nadh_c + 1.0 h_c + 1.0 oaa_c,0,1000.0,Citric Acid Cycle
MDH2,1.0 mal_DASH_L_c + 1.0 q8_c -> 1.0 q8h2_c + 1.0 oaa_c,0.0,1000.0,Citric Acid Cycle
MDH3,1.0 mal_DASH_L_c + 1.0 mqn8_c -> 1.0 mql8_c + 1.0 oaa_c,0.0,1000.0,Citric Acid Cycle
ME1,1.0 mal_DASH_L_c + 1.0 nad_c -> 1.0 pyr_c + 1.0 nadh_c + 1.0 co2_c,0.0,1000.0,Anaplerotic Reactions
ME2,1.0 mal_DASH_L_c + 1.0 nadp_c -> 1.0 pyr_c + 1.0 co2_c + 1.0 nadph_c,0.0,1000.0,Anaplerotic Reactions
METAT,1.0 h2o_c + 1.0 atp_c + 1.0 met_DASH_L_c -> 1.0 amet_c + 1.0 ppi_c + 1.0 pi_c,0.0,1000.0,Methionine Metabolism
METOX1s,1.0 h2o2_c + 1.0 met_DASH_L_c -> 1.0 h2o_c + 1.0 metsox_DASH_S_DASH_L_c,0.0,1000.0,Methionine Metabolism
METOX2s,1.0 h2o2_c + 1.0 met_DASH_L_c -> 1.0 metsox_DASH_R_DASH_L_c + 1.0 h2o_c,0.0,1000.0,Methionine Metabolism
METS,1.0 hcys_DASH_L_c + 1.0 5mthf_c -> 1.0 thf_c + 1.0 met_DASH_L_c + 1.0 h_c,0.0,1000.0,Methionine Metabolism
METSOXR1,1.0 trdrd_c + 1.0 metsox_DASH_S_DASH_L_c -> 1.0 h2o_c + 1.0 trdox_c + 1.0 met_DASH_L_c,0.0,1000.0,Methionine Metabolism
METSOXR2,1.0 metsox_DASH_R_DASH_L_c + 1.0 trdrd_c -> 1.0 h2o_c + 1.0 trdox_c + 1.0 met_DASH_L_c,0.0,1000.0,Methionine Metabolism
MG2t3_2pp,2.0 h_c + 1.0 mg2_p -> 1.0 mg2_c + 2.0 h_p,0,1000.0,Inorganic Ion Transport and Metabolism
MG2tex,1.0 mg2_e -> 1.0 mg2_p,0,1000.0,"Transport, Outer Membrane Porin"
MLDCP1App,1.0 h2o_p + 1.0 murein5px4p_p -> 1.0 murein3px4p_p + 1.0 alaala_p,0.0,1000.0,Murein Biosynthesis
MLDCP1Bpp,1.0 murein4p4p_p + 1.0 h2o_p -> 1.0 ala_DASH_D_p + 1.0 murein4p3p_p,0.0,1000.0,Murein Biosynthesis
MLDCP2App,1.0 murein5p5p_p + 1.0 h2o_p -> 1.0 alaala_p + 1.0 murein5p3p_p,0.0,1000.0,Murein Biosynthesis
MLDCP2Bpp,1.0 h2o_p + 1.0 murein4p3p_p -> 1.0 murein3p3p_p + 1.0 ala_DASH_D_p,0.0,1000.0,Murein Biosynthesis
MLDCP3App,1.0 h2o_p + 1.0 murein5px3p_p -> 1.0 murein3px3p_p + 1.0 alaala_p,0.0,1000.0,Murein Biosynthesis
MLDEP1pp,1.0 h2o_p + 1.0 murein3px3p_p -> 1.0 murein3p3p_p,0.0,1000.0,Murein Recycling
MLDEP2pp,1.0 h2o_p + 1.0 murein5px3p_p -> 1.0 murein5p3p_p,0.0,1000.0,Murein Recycling
MN2tpp,1.0 mn2_p -> 1.0 mn2_c,0.0,1000.0,Inorganic Ion Transport and Metabolism
MNtex,1.0 mn2_e -> 1.0 mn2_p,0,1000.0,"Transport, Outer Membrane Porin"
MOBDabcpp,1.0 h2o_c + 1.0 mobd_p + 1.0 atp_c -> 1.0 mobd_c + 1.0 pi_c + 1.0 h_c + 1.0 adp_c,0.0,1000.0,Inorganic Ion Transport and Metabolism
MOBDtex,1.0 mobd_e -> 1.0 mobd_p,0,1000.0,"Transport, Outer Membrane Porin"
MOCOS,2.0 h_c + 1.0 mobd_c + 1.0 mptamp_c -> 1.0 cu2_c + 1.0 moco_c + 1.0 amp_c + 1.0 h2o_c,0.0,1000.0,Cofactor and Prosthetic Group Biosynthesis
MOX,1.0 o2_c + 1.0 mal_DASH_L_c -> 1.0 h2o2_c + 1.0 oaa_c,0,1000.0,Citric Acid Cycle
MPTG,2.0 uaagmda_c -> 2.0 udcpdp_c + 1.0 murein5p5p_p + 2.0 h_c,0.0,1000.0,Murein Biosynthesis
MPTG2,1.0 uaagmda_c + 1.0 murein5p5p_p -> 1.0 murein5p5p5p_p + 1.0 udcpdp_c + 1.0 h_c,0.0,1000.0,Murein Biosynthesis
MTAN,1.0 h2o_c + 1.0 5mta_c -> 1.0 ade_c + 1.0 5mtr_c,0.0,1000.0,Arginine and Proline Metabolism
MTHFC,1.0 h2o_c + 1.0 methf_c -> 1.0 10fthf_c + 1.0 h_c,0,1000.0,Folate Metabolism
MTHFD,1.0 nadp_c + 1.0 mlthf_c -> 1.0 nadph_c + 1.0 methf_c,0,1000.0,Folate Metabolism
MTHFR2,1.0 nadh_c + 2.0 h_c + 1.0 mlthf_c -> 1.0 5mthf_c + 1.0 nad_c,0.0,1000.0,Folate Metabolism
MTHTHFSs,1.0 h2o_c + 1.0 mdhdhf_c -> 1.0 mththf_c,0.0,1000.0,Methionine Metabolism
NACODA,1.0 h2o_c + 1.0 acg5sa_c -> 1.0 glu5sa_c + 1.0 ac_c,0.0,1000.0,Arginine and Proline Metabolism
NADH10,1.0 nadh_c + 1.0 mqn8_c + 1.0 h_c -> 1.0 nad_c + 1.0 mql8_c,0.0,1000.0,Oxidative Phosphorylation
NADH16pp,1.0 nadh_c + 4.0 h_c + 1.0 q8_c -> 1.0 q8h2_c + 1.0 nad_c + 3.0 h_p,0.0,1000.0,Oxidative Phosphorylation
NADH17pp,1.0 nadh_c + 1.0 mqn8_c + 4.0 h_c -> 1.0 nad_c + 3.0 h_p + 1.0 mql8_c,0.0,1000.0,Oxidative Phosphorylation
NADH18pp,1.0 nadh_c + 1.0 2dmmq8_c + 4.0 h_c -> 1.0 nad_c + 3.0 h_p + 1.0 2dmmql8_c,0.0,1000.0,Oxidative Phosphorylation
NADH5,1.0 nadh_c + 1.0 h_c + 1.0 q8_c -> 1.0 q8h2_c + 1.0 nad_c,0.0,1000.0,Oxidative Phosphorylation
NADH9,1.0 nadh_c + 1.0 2dmmq8_c + 1.0 h_c -> 1.0 nad_c + 1.0 2dmmql8_c,0.0,1000.0,Oxidative Phosphorylation
NADPHQR2,1.0 nadph_c + 1.0 h_c + 1.0 q8_c -> 1.0 q8h2_c + 1.0 nadp_c,0.0,1000.0,Oxidative Phosphorylation
NADPHQR3,1.0 nadph_c + 1.0 mqn8_c + 1.0 h_c -> 1.0 nadp_c + 1.0 mql8_c,0.0,1000.0,Oxidative Phosphorylation
NADPHQR4,1.0 nadph_c + 1.0 2dmmq8_c + 1.0 h_c -> 1.0 nadp_c + 1.0 2dmmql8_c,0.0,1000.0,Oxidative Phosphorylation
NADPPPS,1.0 h2o_c + 1.0 nadp_c -> 1.0 pi_c + 1.0 nad_c,0.0,1000.0,Cofactor and Prosthetic Group Biosynthesis
NADTRHD,1.0 nadph_c + 1.0 nad_c -> 1.0 nadh_c + 1.0 nadp_c,0.0,1000.0,Oxidative Phosphorylation
NDPK1,1.0 gdp_c + 1.0 atp_c -> 1.0 gtp_c + 1.0 adp_c,0,1000.0,Nucleotide Salvage Pathway
NDPK2,1.0 udp_c + 1.0 atp_c -> 1.0 utp_c + 1.0 adp_c,0,1000.0,Nucleotide Salvage Pathway
NDPK3,1.0 cdp_c + 1.0 atp_c -> 1.0 ctp_c + 1.0 adp_c,0,1000.0,Nucleotide Salvage Pathway
NDPK4,1.0 dtdp_c + 1.0 atp_c -> 1.0 dttp_c + 1.0 adp_c,0,1000.0,Nucleotide Salvage Pathway
NDPK5,1.0 dgdp_c + 1.0 atp_c -> 1.0 dgtp_c + 1.0 adp_c,0,1000.0,Nucleotide Salvage Pathway
NDPK7,1.0 atp_c + 1.0 dcdp_c -> 1.0 adp_c + 1.0 dctp_c,0,1000.0,Nucleotide Salvage Pathway
NDPK8,1.0 dadp_c + 1.0 atp_c -> 1.0 datp_c + 1.0 adp_c,0,1000.0,Nucleotide Salvage Pathway
NH4tex,1.0 nh4_e -> 1.0 nh4_p,0,1000.0,"Transport, Outer Membrane Porin"
NH4tpp,1.0 nh4_p -> 1.0 nh4_c,0,1000.0,Inorganic Ion Transport and Metabolism
NI2tex,1.0 ni2_e -> 1.0 ni2_p,0,1000.0,"Transport, Outer Membrane Porin"
NI2tpp,1.0 ni2_p -> 1.0 ni2_c,0.0,1000.0,Inorganic Ion Transport and Metabolism
NTD1,1.0 h2o_c + 1.0 dump_c -> 1.0 pi_c + 1.0 duri_c,0.0,1000.0,Nucleotide Salvage Pathway
NTD10,1.0 xmp_c + 1.0 h2o_c -> 1.0 pi_c + 1.0 xtsn_c,0.0,1000.0,Nucleotide Salvage Pathway
NTD11,1.0 h2o_c + 1.0 imp_c -> 1.0 pi_c + 1.0 ins_c,0.0,1000.0,Nucleotide Salvage Pathway
NTD12,1.0 dimp_c + 1.0 h2o_c -> 1.0 din_c + 1.0 pi_c,0.0,1000.0,Nucleotide Salvage Pathway
NTD2,1.0 ump_c + 1.0 h2o_c -> 1.0 uri_c + 1.0 pi_c,0.0,1000.0,Nucleotide Salvage Pathway
NTD3,1.0 dcmp_c + 1.0 h2o_c -> 1.0 dcyt_c + 1.0 pi_c,0.0,1000.0,Nucleotide Salvage Pathway
NTD4,1.0 h2o_c + 1.0 cmp_c -> 1.0 cytd_c + 1.0 pi_c,0.0,1000.0,Nucleotide Salvage Pathway
NTD5,1.0 h2o_c + 1.0 dtmp_c -> 1.0 pi_c + 1.0 thymd_c,0.0,1000.0,Nucleotide Salvage Pathway
NTD6,1.0 damp_c + 1.0 h2o_c -> 1.0 pi_c + 1.0 dad_DASH_2_c,0.0,1000.0,Nucleotide Salvage Pathway
NTD7,1.0 h2o_c + 1.0 amp_c -> 1.0 pi_c + 1.0 adn_c,0.0,1000.0,Nucleotide Salvage Pathway
NTD8,1.0 h2o_c + 1.0 dgmp_c -> 1.0 dgsn_c + 1.0 pi_c,0.0,1000.0,Nucleotide Salvage Pathway
NTD9,1.0 h2o_c + 1.0 gmp_c -> 1.0 pi_c + 1.0 gsn_c,0.0,1000.0,Nucleotide Salvage Pathway
NTP1,1.0 h2o_c + 1.0 atp_c -> 1.0 pi_c + 1.0 h_c + 1.0 adp_c,0.0,1000.0,Nucleotide Salvage Pathway
NTP10,1.0 h2o_c + 1.0 itp_c -> 1.0 pi_c + 1.0 h_c + 1.0 idp_c,0.0,1000.0,Nucleotide Salvage Pathway
NTP3,1.0 h2o_c + 1.0 gtp_c -> 1.0 pi_c + 1.0 gdp_c + 1.0 h_c,0.0,1000.0,Nucleotide Salvage Pathway
NTP5,1.0 ctp_c + 1.0 h2o_c -> 1.0 cdp_c + 1.0 pi_c + 1.0 h_c,0.0,1000.0,Nucleotide Salvage Pathway
NTPP1,1.0 h2o_c + 1.0 dgtp_c -> 1.0 ppi_c + 1.0 dgmp_c + 1.0 h_c,0.0,1000.0,Nucleotide Salvage Pathway
NTPP10,1.0 ditp_c + 1.0 h2o_c -> 1.0 ppi_c + 1.0 dimp_c + 1.0 h_c,0.0,1000.0,Nucleotide Salvage Pathway
NTPP2,1.0 h2o_c + 1.0 gtp_c -> 1.0 ppi_c + 1.0 gmp_c + 1.0 h_c,0.0,1000.0,Nucleotide Salvage Pathway
NTPP3,1.0 h2o_c + 1.0 dctp_c -> 1.0 dcmp_c + 1.0 ppi_c + 1.0 h_c,0.0,1000.0,Nucleotide Salvage Pathway
NTPP4,1.0 ctp_c + 1.0 h2o_c -> 1.0 ppi_c + 1.0 h_c + 1.0 cmp_c,0.0,1000.0,Nucleotide Salvage Pathway
NTPP5,1.0 datp_c + 1.0 h2o_c -> 1.0 damp_c + 1.0 ppi_c + 1.0 h_c,0.0,1000.0,Nucleotide Salvage Pathway
NTPP6,1.0 h2o_c + 1.0 atp_c -> 1.0 ppi_c + 1.0 h_c + 1.0 amp_c,0.0,1000.0,Nucleotide Salvage Pathway
NTPP7,1.0 h2o_c + 1.0 dttp_c -> 1.0 ppi_c + 1.0 dtmp_c + 1.0 h_c,0.0,1000.0,Nucleotide Salvage Pathway
NTPP8,1.0 utp_c + 1.0 h2o_c -> 1.0 ump_c + 1.0 ppi_c + 1.0 h_c,0.0,1000.0,Nucleotide Salvage Pathway
NTPP9,1.0 h2o_c + 1.0 itp_c -> 1.0 ppi_c + 1.0 h_c + 1.0 imp_c,0.0,1000.0,Nucleotide Salvage Pathway
NTPTP1,1.0 h2o_c + 1.0 dgtp_c -> 1.0 dgsn_c + 1.0 pppi_c,0.0,1000.0,Nucleotide Salvage Pathway
NTPTP2,1.0 h2o_c + 1.0 gtp_c -> 1.0 pppi_c + 1.0 gsn_c,0.0,1000.0,Nucleotide Salvage Pathway
O2tex,1.0 o2_e -> 1.0 o2_p,0,1000.0,"Transport, Outer Membrane Porin"
O2tpp,1.0 o2_p -> 1.0 o2_c,0,1000.0,Inorganic Ion Transport and Metabolism
OAADC,1.0 h_c + 1.0 oaa_c -> 1.0 pyr_c + 1.0 co2_c,0.0,1000.0,Pyruvate Metabolism
OCBT,1.0 cbp_c + 1.0 orn_c -> 1.0 citr_DASH_L_c + 1.0 h_c + 1.0 pi_c,0,1000.0,Arginine and Proline Metabolism
OCTDPS,5.0 ipdp_c + 1.0 frdp_c -> 5.0 ppi_c + 1.0 octdp_c,0.0,1000.0,Cofactor and Prosthetic Group Biosynthesis
OMCDC,1.0 3c4mop_c + 1.0 h_c -> 1.0 co2_c + 1.0 4mop_c,0.0,1000.0,"Valine, Leucine, and Isoleucine Metabolism"
ORNDC,1.0 orn_c + 1.0 h_c -> 1.0 ptrc_c + 1.0 co2_c,0.0,1000.0,Arginine and Proline Metabolism
P5CD,1.0 1pyr5c_c + 2.0 h2o_c + 1.0 nad_c -> 1.0 glu_DASH_L_c + 1.0 nadh_c + 1.0 h_c,0.0,1000.0,Arginine and Proline Metabolism
P5CR,1.0 1pyr5c_c + 1.0 nadph_c + 2.0 h_c -> 1.0 pro_DASH_L_c + 1.0 nadp_c,0.0,1000.0,Arginine and Proline Metabolism
PAPSR,1.0 trdrd_c + 1.0 paps_c -> 1.0 trdox_c + 1.0 pap_c + 1.0 so3_c + 2.0 h_c,0.0,1000.0,Cysteine Metabolism
PDE1,1.0 h2o_c + 1.0 camp_c -> 1.0 amp_c + 1.0 h_c,0.0,1000.0,Nucleotide Salvage Pathway
PDE4,1.0 h2o_c + 1.0 35cgmp_c -> 1.0 gmp_c + 1.0 h_c,0.0,1000.0,Nucleotide Salvage Pathway
PDH,1.0 pyr_c + 1.0 coa_c + 1.0 nad_c -> 1.0 nadh_c + 1.0 co2_c + 1.0 accoa_c,0.0,1000.0,Glycolysis/Gluconeogenesis
PE160abcpp,1.0 h2o_c + 1.0 pe160_c + 1.0 atp_c -> 1.0 pe160_p + 1.0 pi_c + 1.0 h_c + 1.0 adp_c,0.0,1000.0,"Transport, Inner Membrane"
PE161abcpp,1.0 h2o_c + 1.0 pe161_c + 1.0 atp_c -> 1.0 pi_c + 1.0 h_c + 1.0 adp_c + 1.0 pe161_p,0.0,1000.0,"Transport, Inner Membrane"
PE181abcpp,1.0 h2o_c + 1.0 pe181_c + 1.0 atp_c -> 1.0 pe181_p + 1.0 pi_c + 1.0 h_c + 1.0 adp_c,0.0,1000.0,"Transport, Inner Membrane"
PFK,1.0 atp_c + 1.0 f6p_c -> 1.0 fdp_c + 1.0 adp_c + 1.0 h_c,0.0,1000.0,Glycolysis/Gluconeogenesis
PFK_3,1.0 s7p_c + 1.0 atp_c -> 1.0 s17bp_c + 1.0 h_c + 1.0 adp_c,0.0,1000.0,Pentose Phosphate Pathway
PFL,1.0 pyr_c + 1.0 coa_c -> 1.0 for_c + 1.0 accoa_c,0.0,1000.0,Pyruvate Metabolism
PG160abcpp,1.0 h2o_c + 1.0 pg160_c + 1.0 atp_c -> 1.0 pg160_p + 1.0 pi_c + 1.0 h_c + 1.0 adp_c,0.0,1000.0,"Transport, Inner Membrane"
PG161abcpp,1.0 pg161_c + 1.0 h2o_c + 1.0 atp_c -> 1.0 pg161_p + 1.0 pi_c + 1.0 h_c + 1.0 adp_c,0.0,1000.0,"Transport, Inner Membrane"
PG181abcpp,1.0 h2o_c + 1.0 pg181_c + 1.0 atp_c -> 1.0 pi_c + 1.0 h_c + 1.0 adp_c + 1.0 pg181_p,0.0,1000.0,"Transport, Inner Membrane"
PGI,1.0 g6p_c -> 1.0 f6p_c,0,1000.0,Glycolysis/Gluconeogenesis
PGK,1.0 atp_c + 1.0 3pg_c -> 1.0 adp_c + 1.0 13dpg_c,0,1000.0,Glycolysis/Gluconeogenesis
PGL,1.0 h2o_c + 1.0 6pgl_c -> 1.0 6pgc_c + 1.0 h_c,0.0,1000.0,Pentose Phosphate Pathway
PGM,1.0 2pg_c -> 1.0 3pg_c,0,1000.0,Glycolysis/Gluconeogenesis
PHETA1,1.0 akg_c + 1.0 phe_DASH_L_c -> 1.0 phpyr_c + 1.0 glu_DASH_L_c,0,1000.0,"Tyrosine, Tryptophan, and Phenylalanine Metabolism"
PIt2rpp,1.0 pi_p + 1.0 h_p -> 1.0 pi_c + 1.0 h_c,0,1000.0,Inorganic Ion Transport and Metabolism
PItex,1.0 pi_e -> 1.0 pi_p,0,1000.0,"Transport, Outer Membrane Porin"
POR5,2.0 flxso_c + 1.0 pyr_c + 1.0 coa_c -> 1.0 co2_c + 2.0 flxr_c + 1.0 h_c + 1.0 accoa_c,0,1000.0,Pyruvate Metabolism
POX,1.0 pyr_c + 1.0 q8_c + 1.0 h2o_c -> 1.0 q8h2_c + 1.0 ac_c + 1.0 co2_c,0.0,1000.0,Oxidative Phosphorylation
PPA,1.0 ppi_c + 1.0 h2o_c -> 2.0 pi_c + 1.0 h_c,0.0,1000.0,Anaplerotic Reactions
PPA2,1.0 pppi_c + 1.0 h2o_c -> 1.0 ppi_c + 1.0 pi_c + 1.0 h_c,0.0,1000.0,Anaplerotic Reactions
PPBNGS,2.0 5aop_c -> 1.0 ppbng_c + 1.0 h_c + 2.0 h2o_c,0.0,1000.0,Cofactor and Prosthetic Group Biosynthesis
PPC,1.0 pep_c + 1.0 h2o_c + 1.0 co2_c -> 1.0 pi_c + 1.0 h_c + 1.0 oaa_c,0.0,1000.0,Anaplerotic Reactions
PPCK,1.0 atp_c + 1.0 oaa_c -> 1.0 pep_c + 1.0 co2_c + 1.0 adp_c,0.0,1000.0,Anaplerotic Reactions
PPK2r,1.0 ppi_c + 1.0 atp_c -> 1.0 pppi_c + 1.0 adp_c,0,1000.0,Oxidative Phosphorylation
PPKr,1.0 pi_c + 1.0 atp_c -> 1.0 ppi_c + 1.0 adp_c,0,1000.0,Oxidative Phosphorylation
PPND,1.0 pphn_c + 1.0 nad_c -> 1.0 34hpp_c + 1.0 nadh_c + 1.0 co2_c,0.0,1000.0,"Tyrosine, Tryptophan, and Phenylalanine Metabolism"
PPNDH,1.0 pphn_c + 1.0 h_c -> 1.0 phpyr_c + 1.0 h2o_c + 1.0 co2_c,0.0,1000.0,"Tyrosine, Tryptophan, and Phenylalanine Metabolism"
PPS,1.0 pyr_c + 1.0 h2o_c + 1.0 atp_c -> 1.0 pep_c + 1.0 pi_c + 1.0 amp_c + 2.0 h_c,0.0,1000.0,Glycolysis/Gluconeogenesis
PROD2,1.0 pro_DASH_L_c + 1.0 fad_c -> 1.0 1pyr5c_c + 1.0 fadh2_c + 1.0 h_c,0.0,1000.0,Arginine and Proline Metabolism
PRPPS,1.0 r5p_c + 1.0 atp_c -> 1.0 amp_c + 1.0 prpp_c + 1.0 h_c,0,1000.0,Histidine Metabolism
PSCVT,1.0 pep_c + 1.0 skm5p_c -> 1.0 pi_c + 1.0 3psme_c,0,1000.0,"Tyrosine, Tryptophan, and Phenylalanine Metabolism"
PTAr,1.0 pi_c + 1.0 accoa_c -> 1.0 coa_c + 1.0 actp_c,0,1000.0,Pyruvate Metabolism
PUNP1,1.0 pi_c + 1.0 adn_c -> 1.0 ade_c + 1.0 r1p_c,0,1000.0,Nucleotide Salvage Pathway
PUNP2,1.0 pi_c + 1.0 dad_DASH_2_c -> 1.0 2dr1p_c + 1.0 ade_c,0,1000.0,Nucleotide Salvage Pathway
PUNP3,1.0 pi_c + 1.0 gsn_c -> 1.0 gua_c + 1.0 r1p_c,0,1000.0,Nucleotide Salvage Pathway
PUNP4,1.0 dgsn_c + 1.0 pi_c -> 1.0 gua_c + 1.0 2dr1p_c,0,1000.0,Nucleotide Salvage Pathway
PUNP5,1.0 pi_c + 1.0 ins_c -> 1.0 hxan_c + 1.0 r1p_c,0,1000.0,Nucleotide Salvage Pathway
PUNP6,1.0 din_c + 1.0 pi_c -> 1.0 2dr1p_c + 1.0 hxan_c,0,1000.0,Nucleotide Salvage Pathway
PUNP7,1.0 pi_c + 1.0 xtsn_c -> 1.0 r1p_c + 1.0 xan_c,0,1000.0,Nucleotide Salvage Pathway
PYK,1.0 pep_c + 1.0 h_c + 1.0 adp_c -> 1.0 pyr_c + 1.0 atp_c,0.0,1000.0,Glycolysis/Gluconeogenesis
PYNP2r,1.0 uri_c + 1.0 pi_c -> 1.0 ura_c + 1.0 r1p_c,0,1000.0,Nucleotide Salvage Pathway
QUINDH,1.0 quin_c + 1.0 nad_c -> 1.0 nadh_c + 1.0 3dhq_c + 2.0 h_c,0,1000.0,"Tyrosine, Tryptophan, and Phenylalanine Metabolism"
RHCCE,1.0 rhcys_c -> 1.0 hcys_DASH_L_c + 1.0 dhptd_c,0.0,1000.0,Methionine Metabolism
RNDR1,1.0 trdrd_c + 1.0 adp_c -> 1.0 dadp_c + 1.0 h2o_c + 1.0 trdox_c,0.0,1000.0,Nucleotide Salvage Pathway
RNDR2,1.0 gdp_c + 1.0 trdrd_c -> 1.0 h2o_c + 1.0 dgdp_c + 1.0 trdox_c,0.0,1000.0,Nucleotide Salvage Pathway
RNDR3,1.0 cdp_c + 1.0 trdrd_c -> 1.0 h2o_c + 1.0 trdox_c + 1.0 dcdp_c,0.0,1000.0,Nucleotide Salvage Pathway
RPE,1.0 ru5p_DASH_D_c -> 1.0 xu5p_DASH_D_c,0,1000.0,Pentose Phosphate Pathway
RPI,1.0 r5p_c -> 1.0 ru5p_DASH_D_c,0,1000.0,Pentose Phosphate Pathway
SADT2,1.0 so4_c + 1.0 h2o_c + 1.0 gtp_c + 1.0 atp_c -> 1.0 ppi_c + 1.0 pi_c + 1.0 gdp_c + 1.0 aps_c,0.0,1000.0,Cysteine Metabolism
SDPDS,1.0 h2o_c + 1.0 sl26da_c -> 1.0 26dap_DASH_LL_c + 1.0 succ_c,0.0,1000.0,Threonine and Lysine Metabolism
SDPTA,1.0 akg_c + 1.0 sl26da_c -> 1.0 sl2a6o_c + 1.0 glu_DASH_L_c,0,1000.0,Threonine and Lysine Metabolism
SERAT,1.0 ser_DASH_L_c + 1.0 accoa_c -> 1.0 acser_c + 1.0 coa_c,0,1000.0,Cysteine Metabolism
SERD_D,1.0 ser_DASH_D_c -> 1.0 pyr_c + 1.0 nh4_c,0.0,1000.0,Glycine and Serine Metabolism
SERD_L,1.0 ser_DASH_L_c -> 1.0 pyr_c + 1.0 nh4_c,0.0,1000.0,Glycine and Serine Metabolism
SERt4pp,1.0 na1_p + 1.0 ser_DASH_L_p -> 1.0 ser_DASH_L_c + 1.0 na1_c,0.0,1000.0,"Transport, Inner Membrane"
SHK3Dr,1.0 3dhsk_c + 1.0 nadph_c + 1.0 h_c -> 1.0 nadp_c + 1.0 skm_c,0,1000.0,"Tyrosine, Tryptophan, and Phenylalanine Metabolism"
SHKK,1.0 skm_c + 1.0 atp_c -> 1.0 skm5p_c + 1.0 adp_c + 1.0 h_c,0.0,1000.0,"Tyrosine, Tryptophan, and Phenylalanine Metabolism"
SO4t2pp,1.0 so4_p + 1.0 h_p -> 1.0 so4_c + 1.0 h_c,0.0,1000.0,Inorganic Ion Transport and Metabolism
SO4tex,1.0 so4_e -> 1.0 so4_p,0,1000.0,"Transport, Outer Membrane Porin"
SPMS,1.0 ametam_c + 1.0 ptrc_c -> 1.0 spmd_c + 1.0 5mta_c + 1.0 h_c,0.0,1000.0,Arginine and Proline Metabolism
SSALx,1.0 h2o_c + 1.0 sucsal_c + 1.0 nad_c -> 1.0 succ_c + 1.0 nadh_c + 2.0 h_c,0.0,1000.0,Arginine and Proline Metabolism
SSALy,1.0 h2o_c + 1.0 nadp_c + 1.0 sucsal_c -> 1.0 succ_c + 1.0 nadph_c + 2.0 h_c,0.0,1000.0,Arginine and Proline Metabolism
SUCDi,1.0 succ_c + 1.0 q8_c -> 1.0 q8h2_c + 1.0 fum_c,0.0,1000.0,Oxidative Phosphorylation
SUCOAS,1.0 succ_c + 1.0 coa_c + 1.0 atp_c -> 1.0 pi_c + 1.0 succoa_c + 1.0 adp_c,0,1000.0,Citric Acid Cycle
SULRi,1.0 so3_c + 3.0 nadph_c + 5.0 h_c -> 3.0 h2o_c + 3.0 nadp_c + 1.0 h2s_c,0.0,1000.0,Cysteine Metabolism
TALA,1.0 g3p_c + 1.0 s7p_c -> 1.0 e4p_c + 1.0 f6p_c,0,1000.0,Pentose Phosphate Pathway
THD2pp,1.0 nadh_c + 1.0 nadp_c + 2.0 h_p -> 1.0 nadph_c + 2.0 h_c + 1.0 nad_c,0.0,1000.0,Oxidative Phosphorylation
THFAT,1.0 h2o_c + 1.0 methf_c -> 1.0 5fthf_c + 1.0 h_c,0.0,1000.0,Folate Metabolism
THRAi,1.0 thr_DASH_L_c -> 1.0 acald_c + 1.0 gly_c,0.0,1000.0,Threonine and Lysine Metabolism
THRD_L,1.0 thr_DASH_L_c -> 1.0 2obut_c + 1.0 nh4_c,0.0,1000.0,"Valine, Leucine, and Isoleucine Metabolism"
TKT1,1.0 r5p_c + 1.0 xu5p_DASH_D_c -> 1.0 g3p_c + 1.0 s7p_c,0,1000.0,Pentose Phosphate Pathway
TKT2,1.0 e4p_c + 1.0 xu5p_DASH_D_c -> 1.0 g3p_c + 1.0 f6p_c,0,1000.0,Pentose Phosphate Pathway
TMDK1,1.0 atp_c + 1.0 thymd_c -> 1.0 dtmp_c + 1.0 h_c + 1.0 adp_c,0.0,1000.0,Nucleotide Salvage Pathway
TMDPP,1.0 pi_c + 1.0 thymd_c -> 1.0 2dr1p_c + 1.0 thym_c,0,1000.0,Nucleotide Salvage Pathway
TMDS,1.0 dump_c + 1.0 mlthf_c -> 1.0 dtmp_c + 1.0 dhf_c,0.0,1000.0,Nucleotide Salvage Pathway
TPI,1.0 dhap_c -> 1.0 g3p_c,0,1000.0,Glycolysis/Gluconeogenesis
TRDR,1.0 trdox_c + 1.0 nadph_c + 1.0 h_c -> 1.0 nadp_c + 1.0 trdrd_c,0.0,1000.0,Oxidative Phosphorylation
TRPAS2,1.0 h2o_c + 1.0 trp_DASH_L_c -> 1.0 pyr_c + 1.0 nh4_c + 1.0 indole_c,0,1000.0,"Tyrosine, Tryptophan, and Phenylalanine Metabolism"
TRPS1,1.0 ser_DASH_L_c + 1.0 3ig3p_c -> 1.0 h2o_c + 1.0 g3p_c + 1.0 trp_DASH_L_c,0.0,1000.0,"Tyrosine, Tryptophan, and Phenylalanine Metabolism"
TRPS2,1.0 ser_DASH_L_c + 1.0 indole_c -> 1.0 h2o_c + 1.0 trp_DASH_L_c,0.0,1000.0,"Tyrosine, Tryptophan, and Phenylalanine Metabolism"
TRPS3,1.0 3ig3p_c -> 1.0 g3p_c + 1.0 indole_c,0.0,1000.0,"Tyrosine, Tryptophan, and Phenylalanine Metabolism"
TYRTA,1.0 akg_c + 1.0 tyr_DASH_L_c -> 1.0 34hpp_c + 1.0 glu_DASH_L_c,0,1000.0,"Tyrosine, Tryptophan, and Phenylalanine Metabolism"
UDCPDPS,8.0 ipdp_c + 1.0 frdp_c -> 1.0 udcpdp_c + 8.0 ppi_c,0.0,1000.0,Cofactor and Prosthetic Group Biosynthesis
UMPK,1.0 ump_c + 1.0 atp_c -> 1.0 udp_c + 1.0 adp_c,0,1000.0,Nucleotide Salvage Pathway
UPPRT,1.0 ura_c + 1.0 prpp_c -> 1.0 ump_c + 1.0 ppi_c,0.0,1000.0,Nucleotide Salvage Pathway
URIK2,1.0 uri_c + 1.0 gtp_c -> 1.0 ump_c + 1.0 gdp_c + 1.0 h_c,0.0,1000.0,Nucleotide Salvage Pathway
VALTA,1.0 akg_c + 1.0 val_DASH_L_c -> 1.0 glu_DASH_L_c + 1.0 3mob_c,0,1000.0,"Valine, Leucine, and Isoleucine Metabolism"
VPAMTr,1.0 ala_DASH_L_c + 1.0 3mob_c -> 1.0 pyr_c + 1.0 val_DASH_L_c,0,1000.0,"Valine, Leucine, and Isoleucine Metabolism"
XPPT,1.0 prpp_c + 1.0 xan_c -> 1.0 xmp_c + 1.0 ppi_c,0.0,1000.0,Nucleotide Salvage Pathway
ZN2tpp,1.0 zn2_p -> 1.0 zn2_c,0.0,1000.0,Inorganic Ion Transport and Metabolism
Zn2tex,1.0 zn2_e -> 1.0 zn2_p,0,1000.0,"Transport, Outer Membrane Porin"
COtpp,1 co_c -> 1 co_p,0.0,1000.0,
COtex,1 co_p -> 1 co_e,0.0,1000.0,
EX_co_LPAREN_e_RPAREN_,1 co_e ->,0.0,1000.0,
EX_ca2_LPAREN_e_RPAREN__reverse,-> 1.0 ca2_e,0,1000.0,
EX_cbl1_LPAREN_e_RPAREN__reverse,-> 1.0 cbl1_e,0,1000.0,
EX_cl_LPAREN_e_RPAREN__reverse,-> 1.0 cl_e,0,1000.0,
EX_co2_LPAREN_e_RPAREN__reverse,-> 1.0 co2_e,0,1000.0,
EX_cobalt2_LPAREN_e_RPAREN__reverse,-> 1.0 cobalt2_e,0,1000.0,
EX_cu2_LPAREN_e_RPAREN__reverse,-> 1.0 cu2_e,0,1000.0,
EX_fe2_LPAREN_e_RPAREN__reverse,-> 1.0 fe2_e,0,1000.0,
EX_fe3_LPAREN_e_RPAREN__reverse,-> 1.0 fe3_e,0,1000.0,
EX_glc_LPAREN_e_RPAREN__reverse,-> 1.0 glc_DASH_D_e,0,10.0,
EX_h_LPAREN_e_RPAREN__reverse,-> 1.0 h_e,0,1000.0,
EX_h2o_LPAREN_e_RPAREN__reverse,-> 1.0 h2o_e,0,1000.0,
EX_k_LPAREN_e_RPAREN__reverse,-> 1.0 k_e,0,1000.0,
EX_mg2_LPAREN_e_RPAREN__reverse,-> 1.0 mg2_e,0,1000.0,
EX_mn2_LPAREN_e_RPAREN__reverse,-> 1.0 mn2_e,0,1000.0,
EX_mobd_LPAREN_e_RPAREN__reverse,-> 1.0 mobd_e,0,1000.0,
EX_nh4_LPAREN_e_RPAREN__reverse,-> 1.0 nh4_e,0,1000.0,
EX_ni2_LPAREN_e_RPAREN__reverse,-> 1.0 ni2_e,0,1000.0,
EX_o2_LPAREN_e_RPAREN__reverse,-> 1.0 o2_e,0,18.0,
EX_pi_LPAREN_e_RPAREN__reverse,-> 1.0 pi_e,0,1000.0,
EX_so4_LPAREN_e_RPAREN__reverse,-> 1.0 so4_e,0,1000.0,
EX_zn2_LPAREN_e_RPAREN__reverse,-> 1.0 zn2_e,0,1000.0,
5MTRtex_reverse,1.0 5mtr_p -> 1.0 5mtr_e,0,1000.0,"Transport, Outer Membrane Porin"
ACALD_reverse,1.0 nadh_c + 1.0 h_c + 1.0 accoa_c -> 1.0 acald_c + 1.0 coa_c + 1.0 nad_c,0,1000.0,Pyruvate Metabolism
ACKr_reverse,1.0 actp_c + 1.0 adp_c -> 1.0 ac_c + 1.0 atp_c,0,1000.0,Pyruvate Metabolism
ACONTa_reverse,1.0 h2o_c + 1.0 acon_DASH_C_c -> 1.0 cit_c,0,1000.0,Citric Acid Cycle
ACONTb_reverse,1.0 icit_c -> 1.0 h2o_c + 1.0 acon_DASH_C_c,0,1000.0,Citric Acid Cycle
ACOTA_reverse,1.0 glu_DASH_L_c + 1.0 acg5sa_c -> 1.0 akg_c + 1.0 acorn_c,0,1000.0,Arginine and Proline Metabolism
ACt2rpp_reverse,1.0 ac_c + 1.0 h_c -> 1.0 ac_p + 1.0 h_p,0,1000.0,"Transport, Inner Membrane"
ACtex_reverse,1.0 ac_p -> 1.0 ac_e,0,1000.0,"Transport, Outer Membrane Porin"
ADK1_reverse,2.0 adp_c -> 1.0 amp_c + 1.0 atp_c,0,1000.0,Nucleotide Salvage Pathway
ADK3_reverse,1.0 gdp_c + 1.0 adp_c -> 1.0 gtp_c + 1.0 amp_c,0,1000.0,Nucleotide Salvage Pathway
ADK4_reverse,1.0 adp_c + 1.0 idp_c -> 1.0 amp_c + 1.0 itp_c,0,1000.0,Nucleotide Salvage Pathway
AGPR_reverse,1.0 acg5p_c + 1.0 nadph_c + 1.0 h_c -> 1.0 nadp_c + 1.0 pi_c + 1.0 acg5sa_c,0,1000.0,Arginine and Proline Metabolism
ALAGLUE_reverse,1.0 LalaLglu_c -> 1.0 LalaDglu_c,0,1000.0,Murein Recycling
ALAR_reverse,1.0 ala_DASH_D_c -> 1.0 ala_DASH_L_c,0,1000.0,Alanine and Aspartate Metabolism
ALATA_L_reverse,1.0 pyr_c + 1.0 glu_DASH_L_c -> 1.0 ala_DASH_L_c + 1.0 akg_c,0,1000.0,Alanine and Aspartate Metabolism
ALCD2x_reverse,1.0 acald_c + 1.0 nadh_c + 1.0 h_c -> 1.0 nad_c + 1.0 etoh_c,0,1000.0,Pyruvate Metabolism
APPLDHr_reverse,1.0 appl_c + 1.0 nad_c -> 1.0 nadh_c + 1.0 h_c + 1.0 aact_c,0,1000.0,Threonine and Lysine Metabolism
ARGSL_reverse,1.0 arg_DASH_L_c + 1.0 fum_c -> 1.0 argsuc_c,0,1000.0,Arginine and Proline Metabolism
ASAD_reverse,1.0 nadph_c + 1.0 4pasp_c + 1.0 h_c -> 1.0 aspsa_c + 1.0 nadp_c + 1.0 pi_c,0,1000.0,Threonine and Lysine Metabolism
ASPK_reverse,1.0 4pasp_c + 1.0 adp_c -> 1.0 asp_DASH_L_c + 1.0 atp_c,0,1000.0,Threonine and Lysine Metabolism
ASPTA_reverse,1.0 glu_DASH_L_c + 1.0 oaa_c -> 1.0 akg_c + 1.0 asp_DASH_L_c,0,1000.0,Alanine and Aspartate Metabolism
ATHRDHr_reverse,1.0 nadph_c + 1.0 2aobut_c + 1.0 h_c -> 1.0 nadp_c + 1.0 athr_DASH_L_c,0,1000.0,Threonine and Lysine Metabolism
ATPS4rpp_reverse,1.0 h2o_c + 3.0 h_c + 1.0 atp_c -> 1.0 pi_c + 1.0 adp_c + 4.0 h_p,0,1000.0,Oxidative Phosphorylation
CAt6pp_reverse,1.0 na1_c + 1.0 ca2_p -> 1.0 na1_p + 1.0 ca2_c,0,1000.0,Inorganic Ion Transport and Metabolism
CO2tex_reverse,1.0 co2_p -> 1.0 co2_e,0,1000.0,"Transport, Outer Membrane Porin"
CO2tpp_reverse,1.0 co2_c -> 1.0 co2_p,0,1000.0,"Transport, Inner Membrane"
CRNBTCT_reverse,1.0 crncoa_c + 1.0 gbbtn_c -> 1.0 crn_c + 1.0 bbtcoa_c,0,1000.0,Oxidative Phosphorylation
CRNCAR_reverse,1.0 crnDcoa_c -> 1.0 crncoa_c,0,1000.0,Oxidative Phosphorylation
CRNCBCT_reverse,1.0 crncoa_c + 1.0 ctbt_c -> 1.0 crn_c + 1.0 ctbtcoa_c,0,1000.0,Oxidative Phosphorylation
CRNCDH_reverse,1.0 ctbtcoa_c + 1.0 h2o_c -> 1.0 crncoa_c,0,1000.0,Oxidative Phosphorylation
CYTK1_reverse,1.0 cdp_c + 1.0 adp_c -> 1.0 atp_c + 1.0 cmp_c,0,1000.0,Nucleotide Salvage Pathway
CYTK2_reverse,1.0 adp_c + 1.0 dcdp_c -> 1.0 dcmp_c + 1.0 atp_c,0,1000.0,Nucleotide Salvage Pathway
DADK_reverse,1.0 dadp_c + 1.0 adp_c -> 1.0 damp_c + 1.0 atp_c,0,1000.0,Nucleotide Salvage Pathway
DAPE_reverse,1.0 26dap_DASH_M_c -> 1.0 26dap_DASH_LL_c,0,1000.0,Threonine and Lysine Metabolism
DGK1_reverse,1.0 dgdp_c + 1.0 adp_c -> 1.0 dgmp_c + 1.0 atp_c,0,1000.0,Nucleotide Salvage Pathway
DSERDHr_reverse,1.0 2amsa_c + 1.0 nadph_c + 1.0 h_c -> 1.0 ser_DASH_D_c + 1.0 nadp_c,0,1000.0,Glycine and Serine Metabolism
DTMPK_reverse,1.0 dtdp_c + 1.0 adp_c -> 1.0 dtmp_c + 1.0 atp_c,0,1000.0,Nucleotide Salvage Pathway
DURADx_reverse,1.0 ura_c + 1.0 nadh_c + 1.0 h_c -> 1.0 56dura_c + 1.0 nad_c,0,1000.0,Nucleotide Salvage Pathway
DURIPP_reverse,1.0 ura_c + 1.0 2dr1p_c -> 1.0 pi_c + 1.0 duri_c,0,1000.0,Nucleotide Salvage Pathway
ENO_reverse,1.0 pep_c + 1.0 h2o_c -> 1.0 2pg_c,0,1000.0,Glycolysis/Gluconeogenesis
FBA_reverse,1.0 dhap_c + 1.0 g3p_c -> 1.0 fdp_c,0,1000.0,Glycolysis/Gluconeogenesis
FBA3_reverse,1.0 e4p_c + 1.0 dhap_c -> 1.0 s17bp_c,0,1000.0,Pentose Phosphate Pathway
FUM_reverse,1.0 mal_DASH_L_c -> 1.0 h2o_c + 1.0 fum_c,0,1000.0,Citric Acid Cycle
G3PD2_reverse,1.0 dhap_c + 1.0 nadph_c + 1.0 h_c -> 1.0 glyc3p_c + 1.0 nadp_c,0,1000.0,Alternate Carbon Metabolism
G6PDH2r_reverse,1.0 6pgl_c + 1.0 nadph_c + 1.0 h_c -> 1.0 g6p_c + 1.0 nadp_c,0,1000.0,Pentose Phosphate Pathway
GAPD_reverse,1.0 nadh_c + 1.0 h_c + 1.0 13dpg_c -> 1.0 pi_c + 1.0 g3p_c + 1.0 nad_c,0,1000.0,Glycolysis/Gluconeogenesis
GARFT_reverse,1.0 fgam_c + 1.0 h_c + 1.0 thf_c -> 1.0 gar_c + 1.0 10fthf_c,0,1000.0,Purine and Pyrimidine Biosynthesis
GHBDHx_reverse,1.0 nad_c + 1.0 ghb_c -> 1.0 nadh_c + 1.0 h_c + 1.0 sucsal_c,0,1000.0,Arginine and Proline Metabolism
GHMT2r_reverse,1.0 h2o_c + 1.0 gly_c + 1.0 mlthf_c -> 1.0 ser_DASH_L_c + 1.0 thf_c,0,1000.0,Glycine and Serine Metabolism
GK1_reverse,1.0 gdp_c + 1.0 adp_c -> 1.0 gmp_c + 1.0 atp_c,0,1000.0,Nucleotide Salvage Pathway
GLYCtpp_reverse,1.0 glyc_p -> 1.0 glyc_c,0,1000.0,"Transport, Inner Membrane"
H2Otex_reverse,1.0 h2o_p -> 1.0 h2o_e,0,1000.0,"Transport, Outer Membrane Porin"
H2Otpp_reverse,1.0 h2o_c -> 1.0 h2o_p,0,1000.0,"Transport, Inner Membrane"
HSDy_reverse,1.0 aspsa_c + 1.0 nadph_c + 1.0 h_c -> 1.0 nadp_c + 1.0 hom_DASH_L_c,0,1000.0,Threonine and Lysine Metabolism
Htex_reverse,1.0 h_p -> 1.0 h_e,0,1000.0,"Transport, Outer Membrane Porin"
ICDHyr_reverse,1.0 akg_c + 1.0 co2_c + 1.0 nadph_c -> 1.0 icit_c + 1.0 nadp_c,0,1000.0,Citric Acid Cycle
ILETA_reverse,1.0 3mop_c + 1.0 glu_DASH_L_c -> 1.0 akg_c + 1.0 ile_DASH_L_c,0,1000.0,"Valine, Leucine, and Isoleucine Metabolism"
IPPMIa_reverse,1.0 2ippm_c + 1.0 h2o_c -> 1.0 3c2hmp_c,0,1000.0,"Valine, Leucine, and Isoleucine Metabolism"
IPPMIb_reverse,1.0 3c3hmp_c -> 1.0 2ippm_c + 1.0 h2o_c,0,1000.0,"Valine, Leucine, and Isoleucine Metabolism"
LCARR_reverse,1.0 12ppd_DASH_R_c + 1.0 nad_c -> 1.0 nadh_c + 1.0 h_c + 1.0 lald_DASH_D_c,0,1000.0,Methylglyoxal Metabolism
LDH_D_reverse,1.0 pyr_c + 1.0 nadh_c + 1.0 h_c -> 1.0 lac_DASH_D_c + 1.0 nad_c,0,1000.0,Pyruvate Metabolism
LSERDHr_reverse,1.0 2amsa_c + 1.0 nadph_c + 1.0 h_c -> 1.0 ser_DASH_L_c + 1.0 nadp_c,0,1000.0,Glycine and Serine Metabolism
MDH_reverse,1.0 nadh_c + 1.0 h_c + 1.0 oaa_c -> 1.0 mal_DASH_L_c + 1.0 nad_c,0,1000.0,Citric Acid Cycle
MEOHtex_reverse,1.0 meoh_p -> 1.0 meoh_e,0,1000.0,"Transport, Outer Membrane Porin"
MEOHtrpp_reverse,1.0 meoh_c -> 1.0 meoh_p,0,1000.0,"Transport, Inner Membrane"
MOX_reverse,1.0 h2o2_c + 1.0 oaa_c -> 1.0 o2_c + 1.0 mal_DASH_L_c,0,1000.0,Citric Acid Cycle
MTHFC_reverse,1.0 10fthf_c + 1.0 h_c -> 1.0 h2o_c + 1.0 methf_c,0,1000.0,Folate Metabolism
MTHFD_reverse,1.0 nadph_c + 1.0 methf_c -> 1.0 nadp_c + 1.0 mlthf_c,0,1000.0,Folate Metabolism
NDPK1_reverse,1.0 gtp_c + 1.0 adp_c -> 1.0 gdp_c + 1.0 atp_c,0,1000.0,Nucleotide Salvage Pathway
NDPK2_reverse,1.0 utp_c + 1.0 adp_c -> 1.0 udp_c + 1.0 atp_c,0,1000.0,Nucleotide Salvage Pathway
NDPK3_reverse,1.0 ctp_c + 1.0 adp_c -> 1.0 cdp_c + 1.0 atp_c,0,1000.0,Nucleotide Salvage Pathway
NDPK4_reverse,1.0 dttp_c + 1.0 adp_c -> 1.0 dtdp_c + 1.0 atp_c,0,1000.0,Nucleotide Salvage Pathway
NDPK5_reverse,1.0 dgtp_c + 1.0 adp_c -> 1.0 dgdp_c + 1.0 atp_c,0,1000.0,Nucleotide Salvage Pathway
NDPK7_reverse,1.0 adp_c + 1.0 dctp_c -> 1.0 atp_c + 1.0 dcdp_c,0,1000.0,Nucleotide Salvage Pathway
NDPK8_reverse,1.0 datp_c + 1.0 adp_c -> 1.0 dadp_c + 1.0 atp_c,0,1000.0,Nucleotide Salvage Pathway
OCBT_reverse,1.0 citr_DASH_L_c + 1.0 pi_c + 1.0 h_c -> 1.0 cbp_c + 1.0 orn_c,0,1000.0,Arginine and Proline Metabolism
PGI_reverse,1.0 f6p_c -> 1.0 g6p_c,0,1000.0,Glycolysis/Gluconeogenesis
PGK_reverse,1.0 adp_c + 1.0 13dpg_c -> 1.0 atp_c + 1.0 3pg_c,0,1000.0,Glycolysis/Gluconeogenesis
PGM_reverse,1.0 3pg_c -> 1.0 2pg_c,0,1000.0,Glycolysis/Gluconeogenesis
PGMT_reverse,1.0 g6p_c -> 1.0 g1p_c,0,1000.0,Alternate Carbon Metabolism
PHETA1_reverse,1.0 phpyr_c + 1.0 glu_DASH_L_c -> 1.0 akg_c + 1.0 phe_DASH_L_c,0,1000.0,"Tyrosine, Tryptophan, and Phenylalanine Metabolism"
POR5_reverse,1.0 co2_c + 2.0 flxr_c + 1.0 h_c + 1.0 accoa_c -> 2.0 flxso_c + 1.0 pyr_c + 1.0 coa_c,0,1000.0,Pyruvate Metabolism
PPK2r_reverse,1.0 pppi_c + 1.0 adp_c -> 1.0 ppi_c + 1.0 atp_c,0,1000.0,Oxidative Phosphorylation
PPKr_reverse,1.0 ppi_c + 1.0 adp_c -> 1.0 pi_c + 1.0 atp_c,0,1000.0,Oxidative Phosphorylation
PPM_reverse,1.0 r5p_c -> 1.0 r1p_c,0,1000.0,Alternate Carbon Metabolism
PRPPS_reverse,1.0 amp_c + 1.0 prpp_c + 1.0 h_c -> 1.0 r5p_c + 1.0 atp_c,0,1000.0,Histidine Metabolism
PSCVT_reverse,1.0 pi_c + 1.0 3psme_c -> 1.0 pep_c + 1.0 skm5p_c,0,1000.0,"Tyrosine, Tryptophan, and Phenylalanine Metabolism"
PTAr_reverse,1.0 actp_c + 1.0 coa_c -> 1.0 pi_c + 1.0 accoa_c,0,1000.0,Pyruvate Metabolism
PUNP1_reverse,1.0 ade_c + 1.0 r1p_c -> 1.0 pi_c + 1.0 adn_c,0,1000.0,Nucleotide Salvage Pathway
PUNP2_reverse,1.0 2dr1p_c + 1.0 ade_c -> 1.0 pi_c + 1.0 dad_DASH_2_c,0,1000.0,Nucleotide Salvage Pathway
PUNP3_reverse,1.0 gua_c + 1.0 r1p_c -> 1.0 pi_c + 1.0 gsn_c,0,1000.0,Nucleotide Salvage Pathway
PUNP4_reverse,1.0 gua_c + 1.0 2dr1p_c -> 1.0 dgsn_c + 1.0 pi_c,0,1000.0,Nucleotide Salvage Pathway
PUNP5_reverse,1.0 hxan_c + 1.0 r1p_c -> 1.0 pi_c + 1.0 ins_c,0,1000.0,Nucleotide Salvage Pathway
PUNP6_reverse,1.0 2dr1p_c + 1.0 hxan_c -> 1.0 din_c + 1.0 pi_c,0,1000.0,Nucleotide Salvage Pathway
PUNP7_reverse,1.0 xan_c + 1.0 r1p_c -> 1.0 pi_c + 1.0 xtsn_c,0,1000.0,Nucleotide Salvage Pathway
PYNP2r_reverse,1.0 ura_c + 1.0 r1p_c -> 1.0 uri_c + 1.0 pi_c,0,1000.0,Nucleotide Salvage Pathway
QUINDH_reverse,1.0 nadh_c + 1.0 3dhq_c + 2.0 h_c -> 1.0 quin_c + 1.0 nad_c,0,1000.0,"Tyrosine, Tryptophan, and Phenylalanine Metabolism"
RPE_reverse,1.0 xu5p_DASH_D_c -> 1.0 ru5p_DASH_D_c,0,1000.0,Pentose Phosphate Pathway
RPI_reverse,1.0 ru5p_DASH_D_c -> 1.0 r5p_c,0,1000.0,Pentose Phosphate Pathway
SDPTA_reverse,1.0 sl2a6o_c + 1.0 glu_DASH_L_c -> 1.0 akg_c + 1.0 sl26da_c,0,1000.0,Threonine and Lysine Metabolism
SERAT_reverse,1.0 acser_c + 1.0 coa_c -> 1.0 ser_DASH_L_c + 1.0 accoa_c,0,1000.0,Cysteine Metabolism
SERt2rpp_reverse,1.0 ser_DASH_L_c + 1.0 h_c -> 1.0 ser_DASH_L_p + 1.0 h_p,0,1000.0,"Transport, Inner Membrane"
SHK3Dr_reverse,1.0 nadp_c + 1.0 skm_c -> 1.0 3dhsk_c + 1.0 nadph_c + 1.0 h_c,0,1000.0,"Tyrosine, Tryptophan, and Phenylalanine Metabolism"
SUCOAS_reverse,1.0 pi_c + 1.0 succoa_c + 1.0 adp_c -> 1.0 succ_c + 1.0 coa_c + 1.0 atp_c,0,1000.0,Citric Acid Cycle
TALA_reverse,1.0 e4p_c + 1.0 f6p_c -> 1.0 g3p_c + 1.0 s7p_c,0,1000.0,Pentose Phosphate Pathway
TKT1_reverse,1.0 g3p_c + 1.0 s7p_c -> 1.0 r5p_c + 1.0 xu5p_DASH_D_c,0,1000.0,Pentose Phosphate Pathway
TKT2_reverse,1.0 g3p_c + 1.0 f6p_c -> 1.0 e4p_c + 1.0 xu5p_DASH_D_c,0,1000.0,Pentose Phosphate Pathway
TMDPP_reverse,1.0 2dr1p_c + 1.0 thym_c -> 1.0 pi_c + 1.0 thymd_c,0,1000.0,Nucleotide Salvage Pathway
TPI_reverse,1.0 g3p_c -> 1.0 dhap_c,0,1000.0,Glycolysis/Gluconeogenesis
TRPAS2_reverse,1.0 pyr_c + 1.0 indole_c + 1.0 nh4_c -> 1.0 h2o_c + 1.0 trp_DASH_L_c,0,1000.0,"Tyrosine, Tryptophan, and Phenylalanine Metabolism"
TYRTA_reverse,1.0 34hpp_c + 1.0 glu_DASH_L_c -> 1.0 akg_c + 1.0 tyr_DASH_L_c,0,1000.0,"Tyrosine, Tryptophan, and Phenylalanine Metabolism"
UMPK_reverse,1.0 udp_c + 1.0 adp_c -> 1.0 ump_c + 1.0 atp_c,0,1000.0,Nucleotide Salvage Pathway
VALTA_reverse,1.0 glu_DASH_L_c + 1.0 3mob_c -> 1.0 akg_c + 1.0 val_DASH_L_c,0,1000.0,"Valine, Leucine, and Isoleucine Metabolism"
VPAMTr_reverse,1.0 pyr_c + 1.0 val_DASH_L_c -> 1.0 ala_DASH_L_c + 1.0 3mob_c,0,1000.0,"Valine, Leucine, and Isoleucine Metabolism"
MOLYBDOPTERIN_3,1.0 moadcoo_c + 1.0 nadh_c + 1.0 h_c + 1.0 atp_c + 1.0 iscssh_c -> 1.0 moadcosh_c + 1.0 ppi_c + 1.0 nad_c + 1.0 amp_c + 1.0 iscs_c,0.0,1000.0,Cofactor and Prosthetic Group Biosynthesis
IMPSYN_2,1.0 hco3_c + 1.0 asp_DASH_L_c + 2.0 atp_c + 1.0 air_c -> 1.0 aicar_c + 1.0 fum_c + 2.0 h_c + 2.0 adp_c + 2.0 pi_c,0.0,1000.0,Purine and Pyrimidine Biosynthesis
GLYCPHOSPHOLIPID_4,1.0 ctp_c + 1.0 glyc3p_c + 1.0 h_c + 2.0 hdeACP_c -> 1.0 ppi_c + 2.0 ACP_c + 1.0 cdpdhdec9eg_c,0.0,1000.0,Glycerophospholipid Metabolism
GLYCPHOSPHOLIPID_1,1.0 ctp_c + 1.0 glyc3p_c + 1.0 h_c + 2.0 octeACP_c -> 1.0 ppi_c + 2.0 ACP_c + 1.0 cdpdodec11eg_c,0.0,1000.0,Glycerophospholipid Metabolism
CELLENV_6,2.0 malACP_c + 1.0 actACP_c + 3.0 nadh_c + 3.0 nadph_c + 8.0 h_c -> 3.0 h2o_c + 3.0 nadp_c + 2.0 ACP_c + 1.0 ocACP_c + 3.0 nad_c + 2.0 co2_c,0.0,1000.0,Cell Envelope Biosynthesis
glu_DASH_L_to_glu5sa,1.0 glu_DASH_L_c + 1.0 nadph_c + 1.0 h_c + 1.0 atp_c -> 1.0 glu5sa_c + 1.0 nadp_c + 1.0 pi_c + 1.0 adp_c,0.0,1000.0,Arginine and Proline Metabolism
hom_DASH_L_to_thr_DASH_L,1.0 h2o_c + 1.0 hom_DASH_L_c + 1.0 atp_c -> 1.0 thr_DASH_L_c + 1.0 pi_c + 1.0 h_c + 1.0 adp_c,0.0,1000.0,Threonine and Lysine Metabolism
prpp_to_his_DASH_L,3.0 h2o_c + 2.0 nad_c + 1.0 prpp_c + 1.0 atp_c + 1.0 gln_DASH_L_c -> 1.0 akg_c + 1.0 pi_c + 1.0 aicar_c + 2.0 ppi_c + 5.0 h_c + 2.0 nadh_c + 1.0 his_DASH_L_c,0.0,1000.0,Histidine Metabolism
hom_DASH_L_and_cyst_DASH_L_to_pyr_hcys_DASH_L,1.0 hom_DASH_L_c + 1.0 h2o_c + 1.0 succoa_c + 1.0 cys_DASH_L_c -> 1.0 pyr_c + 1.0 succ_c + 1.0 coa_c + 1.0 h_c + 1.0 hcys_DASH_L_c + 1.0 nh4_c,0.0,1000.0,Methionine Metabolism
CELLENV_11,1.0 malACP_c + 1.0 ocACP_c + 1.0 nadph_c + 2.0 h_c -> 1.0 tdec2eACP_c + 1.0 h2o_c + 1.0 nadp_c + 1.0 co2_c + 1.0 ACP_c,0.0,1000.0,Cell Envelope Biosynthesis
CELLENV_10,1.0 nadh_c + 1.0 3hmrsACP_c + 1.0 h_c -> 1.0 h2o_c + 1.0 myrsACP_c + 1.0 nad_c,0.0,1000.0,Cell Envelope Biosynthesis
3pg_to_ser_DASH_L,1.0 glu_DASH_L_c + 1.0 h2o_c + 1.0 nad_c + 1.0 3pg_c -> 1.0 akg_c + 1.0 ser_DASH_L_c + 1.0 nadh_c + 1.0 h_c + 1.0 pi_c,0.0,1000.0,Glycine and Serine Metabolism
imp_to_gmp,2.0 h2o_c + 1.0 nad_c + 1.0 imp_c + 1.0 atp_c + 1.0 gln_DASH_L_c -> 1.0 gmp_c + 1.0 ppi_c + 3.0 h_c + 1.0 glu_DASH_L_c + 1.0 nadh_c + 1.0 amp_c,0.0,1000.0,Purine and Pyrimidine Biosynthesis
imp_to_amp,1.0 gtp_c + 1.0 asp_DASH_L_c + 1.0 imp_c -> 1.0 pi_c + 1.0 fum_c + 1.0 gdp_c + 1.0 amp_c + 2.0 h_c,0.0,1000.0,Purine and Pyrimidine Biosynthesis
GTHSYN,1.0 glu_DASH_L_c + 1.0 gly_c + 2.0 atp_c + 1.0 cys_DASH_L_c -> 2.0 pi_c + 1.0 gthrd_c + 2.0 h_c + 2.0 adp_c,0.0,1000.0,Cofactor and Prosthetic Group Biosynthesis
pyr_to_23dhmb,2.0 pyr_c + 1.0 nadph_c + 2.0 h_c -> 1.0 nadp_c + 1.0 co2_c + 1.0 23dhmb_c,0.0,1000.0,"Valine, Leucine, and Isoleucine Metabolism"
thr_DASH_L_to_gly,1.0 thr_DASH_L_c + 1.0 coa_c + 1.0 nad_c -> 1.0 nadh_c + 1.0 gly_c + 1.0 accoa_c + 1.0 h_c,0.0,1000.0,Glycine and Serine Metabolism
THIAMIN,1.0 nadph_c + 1.0 iscssh_c + 3.0 atp_c + 1.0 dhgly_c + 1.0 dxyl5p_c + 1 air_c + 1 amet_c -> 1 co_c + 2.0 h2o_c + 1.0 nadp_c + 1 dad_DASH_5_c + 2.0 adp_c + 1 met_DASH_L_c + 2.0 ppi_c + 1.0 iscs_c + 1.0 h_c + 1 for_c + 1.0 thmpp_c + 1.0 co2_c + 1.0 amp_c,0.0,1000.0,Cofactor and Prosthetic Group Biosynthesis
COFACTOR_4,2.0 fe2_c + 2.0 fadh2_c + 2.0 iscssh_c + 1.0 iscu_DASH_2fe2s_c -> 1.0 iscu_c + 2.0 fad_c + 2.0 iscs_c + 1.0 4fe4s_c,0.0,1000.0,Cofactor and Prosthetic Group Biosynthesis
COFACTOR_5,1.0 moco_c + 2.0 gtp_c + 2.0 h_c + 1.0 mptamp_c -> 1.0 cu2_c + 2.0 ppi_c + 1.0 amp_c + 1.0 bmocogdp_c,0.0,1000.0,Cofactor and Prosthetic Group Biosynthesis
COFACTOR_6,2.0 ipdp_c + 1.0 h2mb4p_c + 1.0 nadh_c + 1.0 h_c -> 2.0 ppi_c + 1.0 frdp_c + 1.0 h2o_c + 1.0 nad_c,0.0,1000.0,Cofactor and Prosthetic Group Biosynthesis
COFACTOR_7,1.0 nadph_c + 1.0 atp_c + 2.0 flxr_c + 1.0 dxyl5p_c + 2.0 h_c + 1.0 ctp_c -> 1.0 h2o_c + 1.0 nadp_c + 1.0 cmp_c + 2.0 flxso_c + 1.0 ppi_c + 1.0 h2mb4p_c + 1.0 adp_c,0.0,1000.0,Cofactor and Prosthetic Group Biosynthesis
COFACTOR_1,1.0 glu_DASH_L_c + 1.0 nadph_c + 1.0 h_c + 1.0 atp_c -> 1.0 ppi_c + 1.0 5aop_c + 1.0 nadp_c + 1.0 amp_c,0.0,1000.0,Cofactor and Prosthetic Group Biosynthesis
COFACTOR_2,1.0 akg_c + 1.0 o2_c + 1.0 ichor_c + 3.0 fum_c + 1.0 atp_c + 1.0 uppg3_c + 1.0 octdp_c + 1.0 fe2_c + 6.0 h_c -> 3.0 h2o_c + 2.0 ppi_c + 1.0 pheme_c + 3.0 succ_c + 1.0 2dmmql8_c + 8.0 co2_c + 1.0 pyr_c + 1.0 amp_c,0.0,1000.0,Cofactor and Prosthetic Group Biosynthesis
COASYN,1.0 mlthf_c + 1.0 h2o_c + 1.0 nadph_c + 1.0 cys_DASH_L_c + 4.0 atp_c + 1.0 3mob_c + 1.0 ctp_c + 1.0 asp_DASH_L_c -> 1.0 nadp_c + 1.0 cmp_c + 3.0 ppi_c + 1.0 coa_c + 1.0 thf_c + 2.0 adp_c + 2.0 co2_c + 1.0 amp_c,0.0,1000.0,Cofactor and Prosthetic Group Biosynthesis
FADSYN_1,1.0 gtp_c + 5.0 h2o_c + 2.0 dmlz_c + 1.0 nadph_c -> 1.0 nadp_c + 1.0 ppi_c + 2.0 4r5au_c + 1.0 for_c + 1.0 pi_c + 1.0 nh4_c + 1.0 ribflv_c,0.0,1000.0,Cofactor and Prosthetic Group Biosynthesis
FADSYN_2,1.0 4r5au_c + 1.0 ru5p_DASH_D_c -> 2.0 h2o_c + 1.0 dmlz_c + 1.0 h_c + 1.0 for_c + 1.0 pi_c,0.0,1000.0,Cofactor and Prosthetic Group Biosynthesis
ptrc_to_4abut_1,1.0 akg_c + 1.0 ptrc_c + 1.0 h2o_c + 1.0 nad_c -> 1.0 glu_DASH_L_c + 1.0 nadh_c + 2.0 h_c + 1.0 4abut_c,0.0,1000.0,Arginine and Proline Metabolism
CELLENV_5,1.0 utp_c + 1.0 gln_DASH_L_c + 1.0 accoa_c + 1.0 f6p_c -> 1.0 uacgam_c + 1.0 ppi_c + 1.0 coa_c + 1.0 glu_DASH_L_c,0.0,1000.0,Cell Envelope Biosynthesis
CELLENV_4,1.0 tdec2eACP_c + 1.0 malACP_c + 2.0 nadh_c + 1.0 nadph_c + 4.0 h_c -> 1.0 h2o_c + 1.0 nadp_c + 1.0 ACP_c + 2.0 nad_c + 1.0 ddcaACP_c + 1.0 co2_c,0.0,1000.0,Cell Envelope Biosynthesis
CELLENV_7,1.0 tdec2eACP_c + 3.0 malACP_c + 3.0 nadh_c + 3.0 nadph_c + 9.0 h_c -> 3.0 h2o_c + 3.0 nadp_c + 3.0 ACP_c + 3.0 nad_c + 3.0 co2_c + 1.0 hdeACP_c,0.0,1000.0,Cell Envelope Biosynthesis
COFACTOR_8_amet,2.0 amet_c + 1.0 ocACP_c + 2.0 h_c + 1.0 nad_c + 1.0 4fe4s_c -> 2.0 dad_DASH_5_c + 2.0 met_DASH_L_c + 2.0 fe2_c + 1.0 ACP_c + 1.0 2fe2s_c + 1.0 nadh_c + 1.0 lipopb_c,0.0,1000.0,Cofactor and Prosthetic Group Biosynthesis
CELLENV_1,1.0 ala_DASH_L_c + 2.0 uacgam_c + 1.0 h2o_c + 1.0 nadph_c + 4.0 atp_c + 1.0 26dap_DASH_M_c + 1.0 pep_c + 1.0 udcpdp_c + 1.0 glu_DASH_L_c + 1.0 alaala_c -> 1.0 ump_c + 1.0 nadp_c + 1.0 udp_c + 5.0 h_c + 4.0 adp_c + 1.0 uaagmda_c + 6.0 pi_c,0.0,1000.0,Cell Envelope Biosynthesis
CELLENV_3,1.0 nadph_c + 1.0 nadh_c + 1.0 malACP_c + 3.0 h_c + 1.0 myrsACP_c -> 1.0 h2o_c + 1.0 nadp_c + 1.0 ACP_c + 1.0 nad_c + 1.0 palmACP_c + 1.0 co2_c,0.0,1000.0,Cell Envelope Biosynthesis
2obut_and_pyr_to_3mop,1.0 pyr_c + 1.0 2obut_c + 1.0 nadph_c + 2.0 h_c -> 1.0 3mop_c + 1.0 h2o_c + 1.0 nadp_c + 1.0 co2_c,0.0,1000.0,"Valine, Leucine, and Isoleucine Metabolism"
aspsa_to_sl2a6o,1.0 nadph_c + 1.0 pyr_c + 1.0 succoa_c + 1.0 aspsa_c -> 1.0 sl2a6o_c + 1.0 h2o_c + 1.0 nadp_c + 1.0 coa_c,0.0,1000.0,Threonine and Lysine Metabolism
LIPOPOLYSACCHARIDE_1,1.0 dtdprmn_c + 3.0 h2o_c + 5.0 atp_c + 3.0 ckdo_c + 1.0 ddcaACP_c + 4.0 adphep_DASH_LD_c + 1.0 myrsACP_c + 2.0 u23ga_c + 4.0 udpg_c -> 1.0 ump_c + 3.0 cmp_c + 2.0 ACP_c + 1.0 dtdp_c + 5.0 udp_c + 20.0 h_c + 9.0 adp_c + 2.0 pi_c + 1.0 colipa_e,0.0,1000.0,Lipopolysaccharide Biosynthesis / Recycling
LIPOPOLYSACCHARIDE_2,1.0 h2o_c + 1.0 s7p_c + 2.0 atp_c -> 1.0 adphep_DASH_LD_c + 1.0 ppi_c + 1.0 pi_c + 1.0 adp_c,0.0,1000.0,Lipopolysaccharide Biosynthesis / Recycling
LIPOPOLYSACCHARIDE_3,1.0 uacgam_c + 1.0 h2o_c + 2.0 3hmrsACP_c -> 1.0 u23ga_c + 1.0 ac_c + 2.0 ACP_c + 1.0 h_c,0.0,1000.0,Lipopolysaccharide Biosynthesis / Recycling
CELLENV_9,1.0 malACP_c + 1.0 nadph_c + 2.0 h_c + 1.0 ddcaACP_c -> 1.0 co2_c + 1.0 ACP_c + 1.0 nadp_c + 1.0 3hmrsACP_c,0.0,1000.0,Cell Envelope Biosynthesis
CELLENV_8,1.0 dttp_c + 1.0 nadph_c + 2.0 h_c + 1.0 g1p_c -> 1.0 dtdprmn_c + 1.0 ppi_c + 1.0 nadp_c + 1.0 h2o_c,0.0,1000.0,Cell Envelope Biosynthesis
glu_DASH_L_to_acg5p,1.0 glu_DASH_L_c + 1.0 atp_c + 1.0 accoa_c -> 1.0 acg5p_c + 1.0 coa_c + 1.0 h_c + 1.0 adp_c,0.0,1000.0,Arginine and Proline Metabolism
e4p_and_pep_to_3dhq,1.0 pep_c + 1.0 h2o_c + 1.0 e4p_c -> 2.0 pi_c + 1.0 3dhq_c,0.0,1000.0,"Tyrosine, Tryptophan, and Phenylalanine Metabolism"
CELLENV_2,1.0 malACP_c + 1.0 nadh_c + 1.0 nadph_c + 3.0 h_c + 1.0 hdeACP_c -> 1.0 h2o_c + 1.0 nadp_c + 1.0 octeACP_c + 1.0 ACP_c + 1.0 nad_c + 1.0 co2_c,0.0,1000.0,Cell Envelope Biosynthesis
COFACTOR_9_amet,1.5 o2_c + 1.0 chor_c + 3.0 amet_c + 1.0 octdp_c -> 3.0 ahcys_c + 1.0 q8h2_c + 1.0 ppi_c + 2.0 h_c + 1.0 co2_c + 1.0 pyr_c,0.0,1000.0,Cofactor and Prosthetic Group Biosynthesis
g1p_to_glycogen,1.0 atp_c + 1.0 g1p_c -> 1.0 ppi_c + 1.0 adp_c + 1.0 glycogen_c,0.0,1000.0,Glycolysis/Gluconeogenesis
ASTPathway,1.0 akg_c + 1.0 arg_DASH_L_c + 4.0 h2o_c + 1.0 succoa_c + 1.0 nad_c -> 1.0 co2_c + 1.0 succ_c + 1.0 coa_c + 1.0 h_c + 2.0 glu_DASH_L_c + 1.0 nadh_c + 2.0 nh4_c,0.0,1000.0,Arginine and Proline Metabolism
COFACTOR_10,1.0 ichor_c + 2.0 atp_c + 4.0 ppbng_c + 1.0 h2o_c + 1.0 ser_DASH_L_c + 1.0 h_c + 1.0 nad_c -> 1.0 uppg3_c + 1.0 23dhba_c + 2.0 ppi_c + 4.0 nh4_c + 1.0 seramp_c + 1.0 nadh_c + 1.0 pyr_c,0.0,1000.0,Cofactor and Prosthetic Group Biosynthesis
GLYCPHOSPHOLIPID_8,1.0 ctp_c + 1.0 glyc3p_c + 1.0 h_c + 2.0 palmACP_c -> 1.0 ppi_c + 2.0 ACP_c + 1.0 cdpdhdecg_c,0.0,1000.0,Glycerophospholipid Metabolism
THFSYN,1.0 chor_c + 1.0 gtp_c + 3.0 h2o_c + 2.0 atp_c + 1.0 gln_DASH_L_c -> 1.0 dhf_c + 1.0 adp_c + 2.0 ppi_c + 5.0 h_c + 1.0 for_c + 2.0 pi_c + 1.0 pyr_c + 1.0 gcald_c + 1.0 amp_c,0.0,1000.0,Cofactor and Prosthetic Group Biosynthesis
udp_to_dump_aerobic,1.0 udp_c + 1.0 trdrd_c + 1.0 atp_c -> 1.0 ppi_c + 1.0 trdox_c + 1.0 h_c + 1.0 dump_c + 1.0 adp_c,0.0,1000.0,Nucleotide Salvage Pathway
VITB6,1.0 e4p_c + 4.0 nad_c + 1.0 dxyl5p_c + 1.0 glu_DASH_L_c -> 1.0 akg_c + 1.0 h2o_c + 1.0 co2_c + 1.0 pydx5p_c + 1.0 pi_c + 5.0 h_c + 4.0 nadh_c,0.0,1000.0,Cofactor and Prosthetic Group Biosynthesis
NADSYN_aerobic,1.0 o2_c + 3.0 atp_c + 1.0 dhap_c + 1.0 asp_DASH_L_c + 1.0 nh4_c + 1.0 prpp_c -> 2.0 h2o_c + 1.0 nadp_c + 3.0 ppi_c + 1.0 h2o2_c + 1.0 pi_c + 1.0 amp_c + 1.0 adp_c + 1.0 co2_c,0.0,1000.0,Cofactor and Prosthetic Group Biosynthesis
chor_and_prpp_to_3ig3p,1.0 chor_c + 1.0 prpp_c + 1.0 gln_DASH_L_c -> 1.0 h2o_c + 1.0 pyr_c + 1.0 glu_DASH_L_c + 1.0 co2_c + 1.0 ppi_c + 1.0 3ig3p_c,0.0,1000.0,"Tyrosine, Tryptophan, and Phenylalanine Metabolism"
GLYCPHOSPHOLIPID_9,1.0 h2o_c + 1.0 glyc3p_c + 1.0 cdpdhdec9eg_c -> 1.0 pg161_c + 1.0 pi_c + 1.0 h_c + 1.0 cmp_c,0.0,1000.0,Glycerophospholipid Metabolism
UMPSYN_aerobic,1.0 cbp_c + 1.0 asp_DASH_L_c + 1.0 h_c + 1.0 prpp_c + 1.0 q8_c -> 1.0 ump_c + 1.0 h2o_c + 1.0 co2_c + 1.0 q8h2_c + 1.0 ppi_c + 1.0 pi_c,0.0,1000.0,Purine and Pyrimidine Biosynthesis
MOLYBDOPTERIN_2,1.0 ctp_c + 2.0 moco_c + 1.0 gtp_c + 2.0 h_c -> 2.0 ppi_c + 1.0 mococdp_c + 1.0 mocogdp_c,0.0,1000.0,Cofactor and Prosthetic Group Biosynthesis
GLYCPHOSPHOLIPID_2,1.0 ser_DASH_L_c + 1.0 cdpdodec11eg_c -> 1.0 pe181_c + 1.0 co2_c + 1.0 cmp_c,0.0,1000.0,Glycerophospholipid Metabolism
GLYCPHOSPHOLIPID_5,1.0 h2o_c + 1.0 glyc3p_c + 1.0 cdpdodec11eg_c -> 1.0 pi_c + 1.0 pg181_c + 1.0 h_c + 1.0 cmp_c,0.0,1000.0,Glycerophospholipid Metabolism
IMPSYN_3,1.0 aicar_c + 1.0 10fthf_c -> 1.0 h2o_c + 1.0 thf_c + 1.0 imp_c,0.0,1000.0,Purine and Pyrimidine Biosynthesis
GLYCPHOSPHOLIPID_7,1.0 ser_DASH_L_c + 1.0 cdpdhdecg_c -> 1.0 co2_c + 1.0 pe160_c + 1.0 cmp_c,0.0,1000.0,Glycerophospholipid Metabolism
GLYCPHOSPHOLIPID_6,1.0 ser_DASH_L_c + 1.0 cdpdhdec9eg_c -> 1.0 co2_c + 1.0 pe161_c + 1.0 cmp_c,0.0,1000.0,Glycerophospholipid Metabolism
IMPSYN_1,2.0 h2o_c + 3.0 atp_c + 1.0 fgam_c + 2.0 gln_DASH_L_c + 1.0 gly_c + 1.0 prpp_c -> 1.0 ppi_c + 4.0 h_c + 3.0 adp_c + 1.0 air_c + 1.0 gar_c + 2.0 glu_DASH_L_c + 3.0 pi_c,0.0,1000.0,Purine and Pyrimidine Biosynthesis
COFACTOR_11_amet,1.0 ala_DASH_L_c + 1.0 malcoa_c + 4.0 nadph_c + 1.0 iscssh_c + 1.0 atp_c + 2.0 malACP_c + 1.0 2fe2s_c + 3.0 amet_c + 1.0 iscu_c -> 1.0 h2o_c + 1.0 ahcys_c + 1.0 dad_DASH_5_c + 1.0 met_DASH_L_c + 1.0 btn_c + 2.0 ACP_c + 1.0 amob_c + 1.0 iscs_c + 1.0 iscu_DASH_2fe2s_c + 4.0 nadp_c + 1.0 coa_c + 2.0 h_c + 1.0 adp_c + 1.0 meoh_c + 2.0 co2_c + 1.0 pi_c,0.0,1000.0,Cofactor and Prosthetic Group Biosynthesis
COFACTOR_3_amet,1.0 h2o_c + 3.0 23dhba_c + 1.0 frdp_c + 1.0 atp_c + 1.0 uppg3_c + 1.0 fe2_c + 1.0 2dmmql8_c + 1.0 nadph_c + 1.0 cbl1_c + 1.0 pheme_c + 1.0 nad_c + 1.0 tyr_DASH_L_c + 4.0 amet_c + 3.0 seramp_c -> 1.0 nadh_c + 1.0 dad_DASH_5_c + 1.0 met_DASH_L_c + 1.0 adocbl_c + 1.0 ppi_c + 1.0 dhgly_c + 1.0 sheme_c + 1.0 nadp_c + 15.0 h_c + 3.0 ahcys_c + 1.0 pppi_c + 1.0 4crsol_c + 6.0 amp_c + 1.0 hemeO_c + 1.0 mql8_c + 1.0 enter_c,0.0,1000.0,Cofactor and Prosthetic Group Biosynthesis
MOLYBDOPTERIN_1,2.0 moadcosh_c + 1.0 cu2_c + 1.0 h2o_c + 1.0 gtp_c + 1.0 atp_c -> 2.0 ppi_c + 1.0 mptamp_c + 4.0 h_c + 2.0 moadcoo_c,0.0,1000.0,Cofactor and Prosthetic Group Biosynthesis
dhap_to_lac_DASH_D,1.0 h2o_c + 1.0 dhap_c -> 1.0 lac_DASH_D_c + 1.0 pi_c + 1.0 h_c,0.0,1000.0,Methylglyoxal Metabolism
FADSYN_3,2.0 atp_c + 1.0 ribflv_c -> 1.0 ppi_c + 1.0 adp_c + 1.0 fad_c,0.0,1000.0,Cofactor and Prosthetic Group Biosynthesis
GLYCPHOSPHOLIPID_3,1.0 glyc3p_c + 1.0 h2o_c + 1.0 cdpdhdecg_c -> 1.0 pi_c + 1.0 pg160_c + 1.0 h_c + 1.0 cmp_c,0.0,1000.0,Glycerophospholipid Metabolism
LIPOPOLYSACCHARIDE_4,1.0 ara5p_c + 1.0 ctp_c + 2.0 h2o_c + 1.0 pep_c -> 1.0 ckdo_c + 1.0 ppi_c + 2.0 pi_c,0.0,1000.0,Lipopolysaccharide Biosynthesis / Recycling
