Reaction,Formula,LB,UB,Subsystem,
DM_4CRSOL,1.0 4crsol_c ->,0,1000,,0.000201037
DM_5DRIB,1.0 5drib_c ->,0,1000,,0.000409285
DM_AMOB,1.0 amob_c ->,0,1000,,1.80E-06
DM_MTHTHF,1.0 mththf_c ->,0,1000,,0.001208023
Ec_biomass_iJO1366_WT_53p95M,0.000223 pydx5p_c + 2.4e-05 cobalt2_c + 0.133993 tyr_DASH_L_c + 0.007428 fe3_c + 7e-06 mococdp_c + 0.000223 hemeO_c + 0.000223 ribflv_c + 0.006744 spmd_c + 0.149336 met_DASH_L_c + 0.024805 datp_c + 0.000605 murein3px4p_p + 0.000223 enter_c + 0.499149 ala_DASH_L_c + 0.000223 2dmmql8_c + 0.004952 cl_c + 0.000674 cu2_c + 0.000112 nadp_c + 0.000673 murein4px4px4p_p + 0.209684 ser_DASH_L_c + 0.234232 asn_DASH_L_c + 0.000223 10fthf_c + 0.000223 fad_c + 0.003805 pg161_p + 0.024732 pe161_p + 0.000307 ni2_c + 0.004439 pg161_c + 0.009618 pe161_c + 0.000223 thmpp_c + 0.255712 glu_DASH_L_c + 0.000223 gthrd_c + 0.008253 mg2_c + 0.000223 mql8_c + 54.119975 atp_c + 0.000658 mn2_c + 2.5e-05 2fe2s_c + 0.004126 so4_c + 0.000168 coa_c + 0.000223 thf_c + 0.000279 accoa_c + 4.5e-05 nadh_c + 0.005448 murein4px4p_p + 0.000223 5mthf_c + 0.000223 amet_c + 0.012379 nh4_c + 3e-06 lipopb_c + 2e-06 btn_c + 0.000223 mlthf_c + 0.000223 q8h2_c + 0.209121 gtp_c + 0.008151 colipa_e + 0.03327 ptrc_c + 0.00118 clpn181_p + 0.140101 utp_c + 7e-06 mobd_c + 0.004892 pg160_p + 0.031798 pe160_p + 0.255712 gln_DASH_L_c + 0.000248 4fe4s_c + 0.005707 pg160_c + 0.012366 pe160_c + 0.088988 cys_DASH_L_c + 0.002288 pg181_c + 0.214798 pro_DASH_L_c + 0.00229 clpn161_p + 0.001787 nad_c + 0.595297 gly_c + 0.004952 ca2_c + 7e-06 mocogdp_c + 0.411184 val_DASH_L_c + 0.005381 murein4p4p_p + 0.001345 murein3p3p_p + 0.000335 nadph_c + 0.180021 phe_DASH_L_c + 0.18569 k_c + 0.234232 asp_DASH_L_c + 48.752916 h2o_c + 0.006388 fe2_c + 0.012747 pe181_p + 5.5e-05 udcpdp_c + 0.129799 ctp_c + 0.000223 chor_c + 0.004957 pe181_c + 0.000324 zn2_c + 3.1e-05 malcoa_c + 0.333448 lys_DASH_L_c + 0.282306 ile_DASH_L_c + 0.002944 clpn160_p + 0.025612 dgtp_c + 0.000116 bmocogdp_c + 0.000223 adocbl_c + 0.001961 pg181_p + 0.154187 glycogen_c + 0.28742 arg_DASH_L_c + 0.024805 dttp_c + 0.437778 leu_DASH_L_c + 9.8e-05 succoa_c + 0.000223 pheme_c + 0.025612 dctp_c + 0.000223 sheme_c + 0.092056 his_DASH_L_c + 0.246506 thr_DASH_L_c + 0.055234 trp_DASH_L_c -> 0.749831 ppi_c + 53.945874 pi_c + 53.95 h_c + 53.95 adp_c,0,1000,,0.901509835
EX_5mtr_LPAREN_e_RPAREN_,1.0 5mtr_e ->,0,1000,,0.006079782
EX_ac_LPAREN_e_RPAREN_,1.0 ac_e ->,0,1000,,1.648863762
EX_co2_LPAREN_e_RPAREN_,1.0 co2_e ->,0,1000,,19.83427231
EX_h_LPAREN_e_RPAREN_,1.0 h_e ->,0,1000,,9.647837021
EX_h2o_LPAREN_e_RPAREN_,1.0 h2o_e ->,0,1000,,43.08205905
EX_meoh_LPAREN_e_RPAREN_,1.0 meoh_e ->,0,1000,,1.80E-06
3PEPTabcpp,1.0 h2o_c + 1.0 LalaDgluMdap_p + 1.0 atp_c -> 1.0 LalaDgluMdap_c + 1.0 pi_c + 1.0 h_c + 1.0 adp_c,0,1000,Murein Recycling,0
4PCP,1.0 LalaDgluMdapDala_c + 1.0 h2o_c -> 1.0 ala_DASH_D_c + 1.0 LalaDgluMdap_c,0,1000,Murein Recycling,0
4PCPpp,1.0 h2o_p + 1.0 LalaDgluMdapDala_p -> 1.0 ala_DASH_D_p + 1.0 LalaDgluMdap_p,0,1000,Murein Recycling,0
4PEPTabcpp,1.0 LalaDgluMdapDala_p + 1.0 h2o_c + 1.0 atp_c -> 1.0 LalaDgluMdapDala_c + 1.0 pi_c + 1.0 h_c + 1.0 adp_c,0,1000,Murein Recycling,0
5DGLCNR,1.0 5dglcn_c + 1.0 nadph_c + 1.0 h_c -> 1.0 glcn_c + 1.0 nadp_c,0,1000,Alternate Carbon Metabolism,0
5DOAN,1.0 h2o_c + 1.0 dad_DASH_5_c -> 1.0 ade_c + 1.0 5drib_c,0,1000,Cofactor and Prosthetic Group Biosynthesis,0.000409285
5MTRtpp,1.0 5mtr_c + 1.0 h_c -> 1.0 h_p + 1.0 5mtr_p,0,1000,"Transport, Inner Membrane",0.006079782
A5PISO,1.0 ru5p_DASH_D_c -> 1.0 ara5p_c,0,1000,Alternate Carbon Metabolism,0.02204462
AACTOOR,1.0 o2_c + 1.0 h2o_c + 1.0 aact_c -> 1.0 h2o2_c + 1.0 nh4_c + 1.0 mthgxl_c,0,1000,Methylglyoxal Metabolism,0
ABTA,1.0 akg_c + 1.0 4abut_c -> 1.0 glu_DASH_L_c + 1.0 sucsal_c,0,1000,Arginine and Proline Metabolism,0
ACALD,1.0 acald_c + 1.0 coa_c + 1.0 nad_c -> 1.0 nadh_c + 1.0 h_c + 1.0 accoa_c,0,1000,Pyruvate Metabolism,0
ACCOAC,1.0 hco3_c + 1.0 atp_c + 1.0 accoa_c -> 1.0 malcoa_c + 1.0 h_c + 1.0 adp_c + 1.0 pi_c,0,1000,Membrane Lipid Metabolism,1.968797412
ACCOAL,1.0 ppa_c + 1.0 coa_c + 1.0 atp_c -> 1.0 pi_c + 1.0 ppcoa_c + 1.0 adp_c,0,1000,Alternate Carbon Metabolism,0
ACGAMK,1.0 acgam_c + 1.0 atp_c -> 1.0 acgam6p_c + 1.0 h_c + 1.0 adp_c,0,1000,Murein Recycling,0
ACKr,1.0 ac_c + 1.0 atp_c -> 1.0 actp_c + 1.0 adp_c,0,1000,Pyruvate Metabolism,0
ACM6PH,1.0 h2o_c + 1.0 acmum6p_c -> 1.0 lac_DASH_D_c + 1.0 acgam6p_c,0,1000,Alternate Carbon Metabolism,0
ACODA,1.0 h2o_c + 1.0 acorn_c -> 1.0 ac_c + 1.0 orn_c,0,1000,Arginine and Proline Metabolism,0.295184971
ACONTa,1.0 cit_c -> 1.0 h2o_c + 1.0 acon_DASH_C_c,0,1000,Citric Acid Cycle,4.305678506
ACONTb,1.0 h2o_c + 1.0 acon_DASH_C_c -> 1.0 icit_c,0,1000,Citric Acid Cycle,4.305678506
ACOTA,1.0 akg_c + 1.0 acorn_c -> 1.0 glu_DASH_L_c + 1.0 acg5sa_c,0,1000,Arginine and Proline Metabolism,0
ACS,1.0 ac_c + 1.0 coa_c + 1.0 atp_c -> 1.0 ppi_c + 1.0 amp_c + 1.0 accoa_c,0,1000,Pyruvate Metabolism,0
ADA,1.0 h2o_c + 1.0 adn_c + 1.0 h_c -> 1.0 nh4_c + 1.0 ins_c,0,1000,Nucleotide Salvage Pathway,0
ADD,1.0 h2o_c + 1.0 ade_c + 1.0 h_c -> 1.0 nh4_c + 1.0 hxan_c,0,1000,Nucleotide Salvage Pathway,0
ADK1,1.0 amp_c + 1.0 atp_c -> 2.0 adp_c,0,1000,Nucleotide Salvage Pathway,2.002962832
ADK3,1.0 gtp_c + 1.0 amp_c -> 1.0 gdp_c + 1.0 adp_c,0,1000,Nucleotide Salvage Pathway,0
ADK4,1.0 amp_c + 1.0 itp_c -> 1.0 idp_c + 1.0 adp_c,0,1000,Nucleotide Salvage Pathway,0
ADMDC,1.0 amet_c + 1.0 h_c -> 1.0 ametam_c + 1.0 co2_c,0,1000,Arginine and Proline Metabolism,0.006079782
ADNCYC,1.0 atp_c -> 1.0 ppi_c + 1.0 camp_c,0,1000,Nucleotide Salvage Pathway,0
ADNK1,1.0 adn_c + 1.0 atp_c -> 1.0 h_c + 1.0 adp_c + 1.0 amp_c,0,1000,Nucleotide Salvage Pathway,0.007697091
ADNUC,1.0 h2o_c + 1.0 adn_c -> 1.0 rib_DASH_D_c + 1.0 ade_c,0,1000,Alternate Carbon Metabolism,0
ADPT,1.0 ade_c + 1.0 prpp_c -> 1.0 ppi_c + 1.0 amp_c,0,1000,Nucleotide Salvage Pathway,0
ADSK,1.0 aps_c + 1.0 atp_c -> 1.0 paps_c + 1.0 h_c + 1.0 adp_c,0,1000,Cysteine Metabolism,0.223445523
AGDC,1.0 h2o_c + 1.0 acgam6p_c -> 1.0 ac_c + 1.0 gam6p_c,0,1000,Alternate Carbon Metabolism,0
AGM3PA,1.0 h2o_c + 1.0 anhgm3p_c -> 1.0 anhgm_c + 1.0 LalaDgluMdap_c,0,1000,Murein Recycling,0
AGM3PApp,1.0 h2o_p + 1.0 anhgm3p_p -> 1.0 LalaDgluMdap_p + 1.0 anhgm_p,0,1000,Murein Recycling,0
AGM3PH,1.0 h2o_c + 1.0 anhgm3p_c -> 1.0 acgam_c + 1.0 anhm3p_c,0,1000,Murein Recycling,0
AGM3Pt2pp,1.0 h_p + 1.0 anhgm3p_p -> 1.0 h_c + 1.0 anhgm3p_c,0,1000,Murein Recycling,0
AGM4PA,1.0 h2o_c + 1.0 anhgm4p_c -> 1.0 LalaDgluMdapDala_c + 1.0 anhgm_c,0,1000,Murein Recycling,0
AGM4PApp,1.0 h2o_p + 1.0 anhgm4p_p -> 1.0 LalaDgluMdapDala_p + 1.0 anhgm_p,0,1000,Murein Recycling,0
AGM4PCP,1.0 h2o_c + 1.0 anhgm4p_c -> 1.0 ala_DASH_D_c + 1.0 anhgm3p_c,0,1000,Murein Recycling,0
AGM4PCPpp,1.0 h2o_p + 1.0 anhgm4p_p -> 1.0 ala_DASH_D_p + 1.0 anhgm3p_p,0,1000,Murein Recycling,0
AGM4PH,1.0 h2o_c + 1.0 anhgm4p_c -> 1.0 acgam_c + 1.0 anhm4p_c,0,1000,Murein Recycling,0
AGM4Pt2pp,1.0 h_p + 1.0 anhgm4p_p -> 1.0 anhgm4p_c + 1.0 h_c,0,1000,Murein Recycling,0
AGMH,1.0 h2o_c + 1.0 anhgm_c -> 1.0 anhm_c + 1.0 acgam_c,0,1000,Murein Recycling,0
AGMt2pp,1.0 anhgm_p + 1.0 h_p -> 1.0 h_c + 1.0 anhgm_c,0,1000,Murein Recycling,0
AGPR,1.0 pi_c + 1.0 nadp_c + 1.0 acg5sa_c -> 1.0 acg5p_c + 1.0 nadph_c + 1.0 h_c,0,1000,Arginine and Proline Metabolism,0
AHCYSNS,1.0 h2o_c + 1.0 ahcys_c -> 1.0 ade_c + 1.0 rhcys_c,0,1000,Methionine Metabolism,0.001208023
AKGDH,1.0 akg_c + 1.0 coa_c + 1.0 nad_c -> 1.0 co2_c + 1.0 nadh_c + 1.0 succoa_c,0,1000,Citric Acid Cycle,3.324704186
ALAALAD,1.0 h2o_c + 1.0 alaala_c -> 2.0 ala_DASH_D_c,0,1000,Murein Recycling,0
ALAALAabcpp,1.0 h2o_c + 1.0 alaala_p + 1.0 atp_c -> 1.0 alaala_c + 1.0 pi_c + 1.0 h_c + 1.0 adp_c,0,1000,"Transport, Inner Membrane",0.002970475
ALAALAr,2.0 ala_DASH_D_c + 1.0 atp_c -> 1.0 alaala_c + 1.0 pi_c + 1.0 h_c + 1.0 adp_c,0,1000,Cell Envelope Biosynthesis,0.021890462
ALAGLUE,1.0 LalaDglu_c -> 1.0 LalaLglu_c,0,1000,Murein Recycling,0
ALAR,1.0 ala_DASH_L_c -> 1.0 ala_DASH_D_c,0,1000,Alanine and Aspartate Metabolism,0.021890462
ALATA_L,1.0 akg_c + 1.0 ala_DASH_L_c -> 1.0 pyr_c + 1.0 glu_DASH_L_c,0,1000,Alanine and Aspartate Metabolism,0
ALCD19,1.0 nadh_c + 1.0 h_c + 1.0 glyald_c -> 1.0 glyc_c + 1.0 nad_c,0,1000,Alternate Carbon Metabolism,0
ALCD2x,1.0 etoh_c + 1.0 nad_c -> 1.0 acald_c + 1.0 nadh_c + 1.0 h_c,0,1000,Pyruvate Metabolism,0
ALDD19xr,1.0 h2o_c + 1.0 nad_c + 1.0 pacald_c -> 1.0 pac_c + 2.0 h_c + 1.0 nadh_c,0,1000,Alternate Carbon Metabolism,0
ALDD2x,1.0 acald_c + 1.0 h2o_c + 1.0 nad_c -> 1.0 ac_c + 1.0 nadh_c + 2.0 h_c,0,1000,Alternate Carbon Metabolism,0
ALDD2y,1.0 acald_c + 1.0 h2o_c + 1.0 nadp_c -> 1.0 ac_c + 1.0 nadph_c + 2.0 h_c,0,1000,Alternate Carbon Metabolism,0
ALLPI,1.0 all6p_c -> 1.0 allul6p_c,0,1000,Alternate Carbon Metabolism,0
ALLULPE,1.0 allul6p_c -> 1.0 f6p_c,0,1000,Alternate Carbon Metabolism,0
AM3PA,1.0 h2o_c + 1.0 anhm3p_c -> 1.0 anhm_c + 1.0 LalaDgluMdap_c,0,1000,Murein Recycling,0
AM4PA,1.0 h2o_c + 1.0 anhm4p_c -> 1.0 anhm_c + 1.0 LalaDgluMdapDala_c,0,1000,Murein Recycling,0
AM4PCP,1.0 h2o_c + 1.0 anhm4p_c -> 1.0 ala_DASH_D_c + 1.0 anhm3p_c,0,1000,Murein Recycling,0
AMANAPEr,1.0 acmanap_c -> 1.0 acgam6p_c,0,1000,Alternate Carbon Metabolism,0
AMPN,1.0 h2o_c + 1.0 amp_c -> 1.0 r5p_c + 1.0 ade_c,0,1000,Nucleotide Salvage Pathway,0
ANHMK,1.0 anhm_c + 1.0 h2o_c + 1.0 atp_c -> 1.0 acmum6p_c + 1.0 h_c + 1.0 adp_c,0,1000,Murein Recycling,0
AOBUTDs,1.0 h_c + 1.0 2aobut_c -> 1.0 co2_c + 1.0 aact_c,0,1000,Threonine and Lysine Metabolism,0
AP4AH,1.0 h2o_c + 1.0 ap4a_c -> 2.0 h_c + 2.0 adp_c,0,1000,Nucleotide Salvage Pathway,0
AP4AS,1.0 h_c + 2.0 atp_c -> 1.0 ppi_c + 1.0 ap4a_c,0,1000,Nucleotide Salvage Pathway,0
APPLDHr,1.0 nadh_c + 1.0 h_c + 1.0 aact_c -> 1.0 appl_c + 1.0 nad_c,0,1000,Threonine and Lysine Metabolism,0
ARAI,1.0 arab_DASH_L_c -> 1.0 rbl_DASH_L_c,0,1000,Alternate Carbon Metabolism,0
ARGSL,1.0 argsuc_c -> 1.0 arg_DASH_L_c + 1.0 fum_c,0,1000,Arginine and Proline Metabolism,0.259111957
ARGSS,1.0 citr_DASH_L_c + 1.0 asp_DASH_L_c + 1.0 atp_c -> 1.0 argsuc_c + 1.0 ppi_c + 1.0 h_c + 1.0 amp_c,0,1000,Arginine and Proline Metabolism,0.259111957
ASAD,1.0 aspsa_c + 1.0 pi_c + 1.0 nadp_c -> 1.0 nadph_c + 1.0 h_c + 1.0 4pasp_c,0,1000,Threonine and Lysine Metabolism,0
ASNN,1.0 asn_DASH_L_c + 1.0 h2o_c -> 1.0 asp_DASH_L_c + 1.0 nh4_c,0,1000,Alanine and Aspartate Metabolism,0
ASNS1,1.0 h2o_c + 1.0 asp_DASH_L_c + 1.0 atp_c + 1.0 gln_DASH_L_c -> 1.0 ppi_c + 1.0 glu_DASH_L_c + 1.0 asn_DASH_L_c + 1.0 h_c + 1.0 amp_c,0,1000,Alanine and Aspartate Metabolism,0
ASNS2,1.0 asp_DASH_L_c + 1.0 nh4_c + 1.0 atp_c -> 1.0 asn_DASH_L_c + 1.0 ppi_c + 1.0 h_c + 1.0 amp_c,0,1000,Alanine and Aspartate Metabolism,0.211162452
ASPK,1.0 asp_DASH_L_c + 1.0 atp_c -> 1.0 4pasp_c + 1.0 adp_c,0,1000,Threonine and Lysine Metabolism,0.943107302
ASPT,1.0 asp_DASH_L_c -> 1.0 fum_c + 1.0 nh4_c,0,1000,Alanine and Aspartate Metabolism,0
ASPTA,1.0 akg_c + 1.0 asp_DASH_L_c -> 1.0 glu_DASH_L_c + 1.0 oaa_c,0,1000,Alanine and Aspartate Metabolism,0
AST,1.0 arg_DASH_L_c + 1.0 succoa_c -> 1.0 sucarg_c + 1.0 coa_c + 1.0 h_c,0,1000,Arginine and Proline Metabolism,0
ATHRDHr,1.0 nadp_c + 1.0 athr_DASH_L_c -> 1.0 nadph_c + 1.0 h_c + 1.0 2aobut_c,0,1000,Threonine and Lysine Metabolism,0
ATPHs,1.0 h2o_c + 1.0 h_c + 1.0 atp_c -> 1.0 nh4_c + 1.0 itp_c,0,1000,Nucleotide Salvage Pathway,0
ATPM,1.0 h2o_c + 1.0 atp_c -> 1.0 pi_c + 1.0 h_c + 1.0 adp_c,3.15,1000,Unassigned,3.15
ATPS4rpp,1.0 pi_c + 4.0 h_p + 1.0 adp_c -> 1.0 h2o_c + 3.0 h_c + 1.0 atp_c,0,1000,Oxidative Phosphorylation,57.968316
BPNT,1.0 h2o_c + 1.0 pap_c -> 1.0 pi_c + 1.0 amp_c,0,1000,Cysteine Metabolism,0.223445523
CA2tex,1.0 ca2_e -> 1.0 ca2_p,0,1000,"Transport, Outer Membrane Porin",0.004464277
CBL1abcpp,1.0 cbl1_p + 1.0 h2o_c + 1.0 atp_c -> 1.0 cbl1_c + 1.0 pi_c + 1.0 h_c + 1.0 adp_c,0,1000,"Transport, Inner Membrane",0.000201037
CBL1tonex,1.0 cbl1_e + 1.0 h_p -> 1.0 cbl1_p + 1.0 h_c,0,1000,"Transport, Outer Membrane",0.000201037
CBMKr,1.0 co2_c + 1.0 nh4_c + 1.0 atp_c -> 1.0 cbp_c + 2.0 h_c + 1.0 adp_c,0,1000,Unassigned,0.547887193
CBPS,1.0 hco3_c + 1.0 h2o_c + 2.0 atp_c + 1.0 gln_DASH_L_c -> 1.0 cbp_c + 1.0 glu_DASH_L_c + 1.0 pi_c + 2.0 h_c + 2.0 adp_c,0,1000,Arginine and Proline Metabolism,0
CHORM,1.0 chor_c -> 1.0 pphn_c,0,1000,"Tyrosine, Tryptophan, and Phenylalanine Metabolism",0.283287746
CHORS,1.0 3psme_c -> 1.0 chor_c + 1.0 pi_c,0,1000,"Tyrosine, Tryptophan, and Phenylalanine Metabolism",0.335293144
CITL,1.0 cit_c -> 1.0 ac_c + 1.0 oaa_c,0,1000,Citric Acid Cycle,0
CLPNS160pp,2.0 pg160_p -> 1.0 clpn160_p + 1.0 glyc_p,0,1000,Glycerophospholipid Metabolism,0.002654045
CLPNS161pp,2.0 pg161_p -> 1.0 clpn161_p + 1.0 glyc_p,0,1000,Glycerophospholipid Metabolism,0.002064458
CLPNS181pp,2.0 pg181_p -> 1.0 clpn181_p + 1.0 glyc_p,0,1000,Glycerophospholipid Metabolism,0.001063782
CLt3_2pp,2.0 cl_p + 1.0 h_c -> 1.0 h_p + 2.0 cl_c,0,1000,Inorganic Ion Transport and Metabolism,0.002232138
CLtex,1.0 cl_e -> 1.0 cl_p,0,1000,"Transport, Outer Membrane Porin",0.004464277
CMPN,1.0 h2o_c + 1.0 cmp_c -> 1.0 r5p_c + 1.0 csn_c,0,1000,Nucleotide Salvage Pathway,0
COBALT2tex,1.0 cobalt2_e -> 1.0 cobalt2_p,0,1000,"Transport, Outer Membrane Porin",2.16E-05
COBALT2tpp,1.0 cobalt2_p -> 1.0 cobalt2_c,0,1000,Inorganic Ion Transport and Metabolism,2.16E-05
CRNBTCT,1.0 crn_c + 1.0 bbtcoa_c -> 1.0 crncoa_c + 1.0 gbbtn_c,0,1000,Oxidative Phosphorylation,0
CRNCAR,1.0 crncoa_c -> 1.0 crnDcoa_c,0,1000,Oxidative Phosphorylation,0
CRNCBCT,1.0 crn_c + 1.0 ctbtcoa_c -> 1.0 crncoa_c + 1.0 ctbt_c,0,1000,Oxidative Phosphorylation,0
CRNCDH,1.0 crncoa_c -> 1.0 ctbtcoa_c + 1.0 h2o_c,0,1000,Oxidative Phosphorylation,0
CS,1.0 h2o_c + 1.0 accoa_c + 1.0 oaa_c -> 1.0 coa_c + 1.0 h_c + 1.0 cit_c,0,1000,Citric Acid Cycle,4.305678506
CSND,1.0 h2o_c + 1.0 csn_c + 1.0 h_c -> 1.0 ura_c + 1.0 nh4_c,0,1000,Nucleotide Salvage Pathway,0
CTPS2,1.0 h2o_c + 1.0 utp_c + 1.0 atp_c + 1.0 gln_DASH_L_c -> 1.0 ctp_c + 1.0 glu_DASH_L_c + 1.0 pi_c + 2.0 h_c + 1.0 adp_c,0,1000,Purine and Pyrimidine Biosynthesis,0.140110856
CU2tex,1.0 cu2_e -> 1.0 cu2_p,0,1000,"Transport, Outer Membrane Porin",0.000607618
CU2tpp,1.0 cu2_p -> 1.0 cu2_c,0,1000,Inorganic Ion Transport and Metabolism,0.000607618
CYSDS,1.0 h2o_c + 1.0 cys_DASH_L_c -> 1.0 pyr_c + 1.0 nh4_c + 1.0 h2s_c,0,1000,Cysteine Metabolism,0
CYSS,1.0 acser_c + 1.0 h2s_c -> 1.0 ac_c + 1.0 h_c + 1.0 cys_DASH_L_c,0,1000,Cysteine Metabolism,0.223445523
CYTBD2pp,0.5 o2_c + 2.0 h_c + 1.0 mql8_c -> 1.0 h2o_c + 1.0 mqn8_c + 2.0 h_p,0,1000,Oxidative Phosphorylation,0
CYTBDpp,1.0 q8h2_c + 2.0 h_c + 0.5 o2_c -> 1.0 h2o_c + 1.0 q8_c + 2.0 h_p,0,1000,Oxidative Phosphorylation,0
CYTBO3_4pp,1.0 q8h2_c + 4.0 h_c + 0.5 o2_c -> 1.0 h2o_c + 1.0 q8_c + 4.0 h_p,0,1000,Oxidative Phosphorylation,35.99189633
CYTD,1.0 cytd_c + 1.0 h2o_c + 1.0 h_c -> 1.0 uri_c + 1.0 nh4_c,0,1000,Nucleotide Salvage Pathway,0
CYTDH,1.0 cytd_c + 1.0 h2o_c -> 1.0 rib_DASH_D_c + 1.0 csn_c,0,1000,Alternate Carbon Metabolism,0
CYTDK2,1.0 cytd_c + 1.0 gtp_c -> 1.0 gdp_c + 1.0 h_c + 1.0 cmp_c,0,1000,Nucleotide Salvage Pathway,0
CYTK1,1.0 atp_c + 1.0 cmp_c -> 1.0 cdp_c + 1.0 adp_c,0,1000,Nucleotide Salvage Pathway,0.147661
CYTK2,1.0 dcmp_c + 1.0 atp_c -> 1.0 adp_c + 1.0 dcdp_c,0,1000,Nucleotide Salvage Pathway,0
DAAD,1.0 ala_DASH_D_c + 1.0 h2o_c + 1.0 fad_c -> 1.0 fadh2_c + 1.0 pyr_c + 1.0 nh4_c,0,1000,Alanine and Aspartate Metabolism,0
DADA,1.0 h2o_c + 1.0 h_c + 1.0 dad_DASH_2_c -> 1.0 din_c + 1.0 nh4_c,0,1000,Nucleotide Salvage Pathway,0
DADK,1.0 damp_c + 1.0 atp_c -> 1.0 dadp_c + 1.0 adp_c,0,1000,Nucleotide Salvage Pathway,0
DALAt2pp,1.0 ala_DASH_D_p + 1.0 h_p -> 1.0 ala_DASH_D_c + 1.0 h_c,0,1000,"Transport, Inner Membrane",0.021890462
DAPDC,1.0 26dap_DASH_M_c + 1.0 h_c -> 1.0 lys_DASH_L_c + 1.0 co2_c,0,1000,Threonine and Lysine Metabolism,0.300606651
DAPE,1.0 26dap_DASH_LL_c -> 1.0 26dap_DASH_M_c,0,1000,Threonine and Lysine Metabolism,0.325467588
DATPHs,1.0 datp_c + 1.0 h2o_c + 1.0 h_c -> 1.0 ditp_c + 1.0 nh4_c,0,1000,Nucleotide Salvage Pathway,0
DCYTD,1.0 dcyt_c + 1.0 h2o_c + 1.0 h_c -> 1.0 nh4_c + 1.0 duri_c,0,1000,Nucleotide Salvage Pathway,0
DDPGALA,1.0 2dh3dgal6p_c -> 1.0 pyr_c + 1.0 g3p_c,0,1000,Alternate Carbon Metabolism,0
DGK1,1.0 dgmp_c + 1.0 atp_c -> 1.0 dgdp_c + 1.0 adp_c,0,1000,Nucleotide Salvage Pathway,0
DHACOAH,1.0 h2o_c + 1.0 23dhacoa_c -> 1.0 3hadpcoa_c,0,1000,Alternate Carbon Metabolism,0
DHAD1,1.0 23dhmb_c -> 1.0 h2o_c + 1.0 3mob_c,0,1000,"Valine, Leucine, and Isoleucine Metabolism",0.765866862
DHFR,1.0 nadph_c + 1.0 dhf_c + 1.0 h_c -> 1.0 nadp_c + 1.0 thf_c,0,1000,Cofactor and Prosthetic Group Biosynthesis,0.023166098
DHPTDCs2,1.0 dhptd_c -> 1.0 mdhdhf_c,0,1000,Methionine Metabolism,0.001208023
DHQTi,1.0 3dhq_c -> 1.0 3dhsk_c + 1.0 h2o_c,0,1000,"Tyrosine, Tryptophan, and Phenylalanine Metabolism",0.335293144
DRPA,1.0 2dr5p_c -> 1.0 acald_c + 1.0 g3p_c,0,1000,Alternate Carbon Metabolism,0
DSERDHr,1.0 ser_DASH_D_c + 1.0 nadp_c -> 1.0 2amsa_c + 1.0 nadph_c + 1.0 h_c,0,1000,Glycine and Serine Metabolism,0
DTMPK,1.0 dtmp_c + 1.0 atp_c -> 1.0 dtdp_c + 1.0 adp_c,0,1000,Nucleotide Salvage Pathway,0.022361951
DURADx,1.0 56dura_c + 1.0 nad_c -> 1.0 ura_c + 1.0 nadh_c + 1.0 h_c,0,1000,Nucleotide Salvage Pathway,0
DURIK1,1.0 atp_c + 1.0 duri_c -> 1.0 dump_c + 1.0 h_c + 1.0 adp_c,0,1000,Nucleotide Salvage Pathway,0
DURIPP,1.0 pi_c + 1.0 duri_c -> 1.0 ura_c + 1.0 2dr1p_c,0,1000,Nucleotide Salvage Pathway,0
DXPS,1.0 pyr_c + 1.0 g3p_c + 1.0 h_c -> 1.0 dxyl5p_c + 1.0 co2_c,0,1000,Cofactor and Prosthetic Group Biosynthesis,0.006375478
EDA,1.0 2ddg6p_c -> 1.0 pyr_c + 1.0 g3p_c,0,1000,Pentose Phosphate Pathway,0
EDD,1.0 6pgc_c -> 1.0 h2o_c + 1.0 2ddg6p_c,0,1000,Pentose Phosphate Pathway,0
ENO,1.0 2pg_c -> 1.0 pep_c + 1.0 h2o_c,0,1000,Glycolysis/Gluconeogenesis,14.4759567
F6PP,1.0 h2o_c + 1.0 f6p_c -> 1.0 pi_c + 1.0 fru_c,0,1000,Alternate Carbon Metabolism,0
FADRx,1.0 nadh_c + 1.0 h_c + 1.0 fad_c -> 1.0 fadh2_c + 1.0 nad_c,0,1000,Cofactor and Prosthetic Group Biosynthesis,0.00069867
FBA,1.0 fdp_c -> 1.0 dhap_c + 1.0 g3p_c,0,1000,Glycolysis/Gluconeogenesis,6.066696637
FBA3,1.0 s17bp_c -> 1.0 e4p_c + 1.0 dhap_c,0,1000,Pentose Phosphate Pathway,1.393982434
FBP,1.0 h2o_c + 1.0 fdp_c -> 1.0 pi_c + 1.0 f6p_c,0,1000,Glycolysis/Gluconeogenesis,0
FCI,1.0 fuc_DASH_L_c -> 1.0 fcl_DASH_L_c,0,1000,Alternate Carbon Metabolism,0
FCLPA,1.0 fc1p_c -> 1.0 dhap_c + 1.0 lald_DASH_L_c,0,1000,Alternate Carbon Metabolism,0
FE2tex,1.0 fe2_e -> 1.0 fe2_p,0,1000,"Transport, Outer Membrane Porin",0.013997743
FE2tpp,1.0 fe2_p -> 1.0 fe2_c,0,1000,Inorganic Ion Transport and Metabolism,0.013997743
FESD1s,1.0 h2o2_c + 2.0 h_c + 2.0 4fe4s_c -> 2.0 fe3_c + 2.0 h2o_c + 2.0 3fe4s_c,0,1000,Cofactor and Prosthetic Group Biosynthesis,0.003348208
FESR,1.0 fe2_c + 1.0 3fe4s_c -> 1.0 4fe4s_c,0,1000,Cofactor and Prosthetic Group Biosynthesis,0.006696415
FOMETRi,1.0 5fthf_c + 1.0 h_c -> 1.0 h2o_c + 1.0 methf_c,0,1000,Folate Metabolism,0
FORCT,1.0 oxa_c + 1.0 forcoa_c -> 1.0 oxalcoa_c + 1.0 for_c,0,1000,Alternate Carbon Metabolism,0
FRD2,1.0 fum_c + 1.0 mql8_c -> 1.0 succ_c + 1.0 mqn8_c,0,1000,Citric Acid Cycle,0
FRD3,1.0 fum_c + 1.0 2dmmql8_c -> 1.0 succ_c + 1.0 2dmmq8_c,0,1000,Citric Acid Cycle,0
FRULYSDG,1.0 h2o_c + 1.0 frulysp_c -> 1.0 lys_DASH_L_c + 1.0 g6p_c,0,1000,Alternate Carbon Metabolism,0
FRULYSE,1.0 psclys_c -> 1.0 frulys_c,0,1000,Alternate Carbon Metabolism,0
FTHFD,1.0 h2o_c + 1.0 10fthf_c -> 1.0 h_c + 1.0 for_c + 1.0 thf_c,0,1000,Folate Metabolism,0
FTHFLi,1.0 thf_c + 1.0 for_c + 1.0 atp_c -> 1.0 pi_c + 1.0 10fthf_c + 1.0 adp_c,0,1000,Folate Metabolism,0
FUM,1.0 h2o_c + 1.0 fum_c -> 1.0 mal_DASH_L_c,0,1000,Citric Acid Cycle,4.237524363
G3PD2,1.0 glyc3p_c + 1.0 nadp_c -> 1.0 dhap_c + 1.0 nadph_c + 1.0 h_c,0,1000,Alternate Carbon Metabolism,0
G3PD5,1.0 glyc3p_c + 1.0 q8_c -> 1.0 q8h2_c + 1.0 dhap_c,0,1000,Oxidative Phosphorylation,0
G3PD6,1.0 glyc3p_c + 1.0 mqn8_c -> 1.0 dhap_c + 1.0 mql8_c,0,1000,Oxidative Phosphorylation,0
G3PD7,1.0 glyc3p_c + 1.0 2dmmq8_c -> 1.0 dhap_c + 1.0 2dmmql8_c,0,1000,Oxidative Phosphorylation,0
G3PT,1.0 h2o_c + 1.0 glyc3p_c -> 1.0 pi_c + 1.0 glyc_c,0,1000,Alternate Carbon Metabolism,0
G5SADs,1.0 glu5sa_c -> 1.0 1pyr5c_c + 1.0 h2o_c + 1.0 h_c,0,1000,Arginine and Proline Metabolism,0.19364251
G6PDA,1.0 gam6p_c + 1.0 h2o_c -> 1.0 nh4_c + 1.0 f6p_c,0,1000,Alternate Carbon Metabolism,0
G6PDH2r,1.0 g6p_c + 1.0 nadp_c -> 1.0 6pgl_c + 1.0 nadph_c + 1.0 h_c,0,1000,Pentose Phosphate Pathway,4.751631199
G6PP,1.0 h2o_c + 1.0 g6p_c -> 1.0 pi_c + 1.0 glc_DASH_D_c,0,1000,Glycolysis/Gluconeogenesis,0
GALKr,1.0 gal_c + 1.0 atp_c -> 1.0 h_c + 1.0 adp_c + 1.0 gal1p_c,0,1000,Alternate Carbon Metabolism,0
GALUi,1.0 utp_c + 1.0 h_c + 1.0 g1p_c -> 1.0 ppi_c + 1.0 udpg_c,0,1000,Cell Envelope Biosynthesis,0.029392827
GAPD,1.0 pi_c + 1.0 g3p_c + 1.0 nad_c -> 1.0 nadh_c + 1.0 h_c + 1.0 13dpg_c,0,1000,Glycolysis/Gluconeogenesis,15.90487954
GARFT,1.0 gar_c + 1.0 10fthf_c -> 1.0 fgam_c + 1.0 h_c + 1.0 thf_c,0,1000,Purine and Pyrimidine Biosynthesis,0.288475935
GART,1.0 gar_c + 1.0 atp_c + 1.0 for_c -> 1.0 fgam_c + 1.0 h_c + 1.0 adp_c + 1.0 pi_c,0,1000,Purine and Pyrimidine Biosynthesis,0.103757471
GCALDD,1.0 h2o_c + 1.0 gcald_c + 1.0 nad_c -> 1.0 glyclt_c + 1.0 nadh_c + 2.0 h_c,0,1000,Folate Metabolism,0.000804147
GHBDHx,1.0 sucsal_c + 1.0 h_c + 1.0 nadh_c -> 1.0 nad_c + 1.0 ghb_c,0,1000,Arginine and Proline Metabolism,0
GHMT2r,1.0 ser_DASH_L_c + 1.0 thf_c -> 1.0 h2o_c + 1.0 gly_c + 1.0 mlthf_c,0,1000,Glycine and Serine Metabolism,0.929100543
GK1,1.0 gmp_c + 1.0 atp_c -> 1.0 gdp_c + 1.0 adp_c,0,1000,Nucleotide Salvage Pathway,0.213257561
GLBRAN2,1.0 glycogen_c -> 1.0 bglycogen_c,0,1000,Glycolysis/Gluconeogenesis,0
GLCATr,1.0 glc_DASH_D_c + 1.0 accoa_c -> 1.0 coa_c + 1.0 acglc_DASH_D_c,0,1000,Alternate Carbon Metabolism,0
GLCP,1.0 pi_c + 1.0 glycogen_c -> 1.0 g1p_c,0,1000,Glycolysis/Gluconeogenesis,0
GLCP2,1.0 bglycogen_c + 1.0 pi_c -> 1.0 g1p_c,0,1000,Glycolysis/Gluconeogenesis,0
GLCptspp,1.0 pep_c + 1.0 glc_DASH_D_p -> 1.0 pyr_c + 1.0 g6p_c,0,1000,"Transport, Inner Membrane",10
GLCtex,1.0 glc_DASH_D_e -> 1.0 glc_DASH_D_p,0,1000,"Transport, Outer Membrane Porin",10
GLDBRAN2,1.0 bglycogen_c -> 1.0 glycogen_c,0,1000,Glycolysis/Gluconeogenesis,0
GLNS,1.0 glu_DASH_L_c + 1.0 nh4_c + 1.0 atp_c -> 1.0 pi_c + 1.0 h_c + 1.0 adp_c + 1.0 gln_DASH_L_c,0,1000,Glutamate Metabolism,9.047682521
GLTPD,1.0 galt1p_c + 1.0 nad_c -> 1.0 nadh_c + 1.0 tag6p_DASH_D_c + 1.0 h_c,0,1000,Alternate Carbon Metabolism,0
GLUDC,1.0 glu_DASH_L_c + 1.0 h_c -> 1.0 co2_c + 1.0 4abut_c,0,1000,Glutamate Metabolism,0
GLUN,1.0 h2o_c + 1.0 gln_DASH_L_c -> 1.0 glu_DASH_L_c + 1.0 nh4_c,0,1000,Glutamate Metabolism,0
GLUSy,1.0 akg_c + 1.0 nadph_c + 1.0 h_c + 1.0 gln_DASH_L_c -> 2.0 glu_DASH_L_c + 1.0 nadp_c,0,1000,Glutamate Metabolism,7.481314592
GLXCL,2.0 glx_c + 1.0 h_c -> 1.0 co2_c + 1.0 2h3oppan_c,0,1000,Glyoxylate Metabolism,0
GLYAT,1.0 gly_c + 1.0 accoa_c -> 1.0 coa_c + 1.0 2aobut_c,0,1000,Glycine and Serine Metabolism,0
GLYCK,1.0 glyc_DASH_R_c + 1.0 atp_c -> 1.0 h_c + 1.0 adp_c + 1.0 3pg_c,0,1000,Glyoxylate Metabolism,0
GLYCK2,1.0 glyc_DASH_R_c + 1.0 atp_c -> 1.0 2pg_c + 1.0 adp_c + 1.0 h_c,0,1000,Glycine and Serine Metabolism,0
GLYCL,1.0 thf_c + 1.0 nad_c + 1.0 gly_c -> 1.0 co2_c + 1.0 nadh_c + 1.0 mlthf_c + 1.0 nh4_c,0,1000,Folate Metabolism,1.48E-12
GLYCLTDx,1.0 nadh_c + 1.0 glx_c + 1.0 h_c -> 1.0 glyclt_c + 1.0 nad_c,0,1000,Glyoxylate Metabolism,0
GLYCLTDy,1.0 nadph_c + 1.0 glx_c + 1.0 h_c -> 1.0 glyclt_c + 1.0 nadp_c,0,1000,Glyoxylate Metabolism,0
GLYCTO2,1.0 glyclt_c + 1.0 q8_c -> 1.0 q8h2_c + 1.0 glx_c,0,1000,Alternate Carbon Metabolism,0.000804147
GLYCTO3,1.0 glyclt_c + 1.0 mqn8_c -> 1.0 glx_c + 1.0 mql8_c,0,1000,Alternate Carbon Metabolism,0
GLYCTO4,1.0 glyclt_c + 1.0 2dmmq8_c -> 1.0 glx_c + 1.0 2dmmql8_c,0,1000,Alternate Carbon Metabolism,0
GLYK,1.0 glyc_c + 1.0 atp_c -> 1.0 glyc3p_c + 1.0 h_c + 1.0 adp_c,0,1000,Alternate Carbon Metabolism,0.005782284
GLYOX3,1.0 h2o_c + 1.0 mthgxl_c -> 1.0 lac_DASH_D_c + 1.0 h_c,0,1000,Methylglyoxal Metabolism,0
GMPR,1.0 gmp_c + 1.0 nadph_c + 2.0 h_c -> 1.0 nadp_c + 1.0 nh4_c + 1.0 imp_c,0,1000,Purine and Pyrimidine Biosynthesis,0
GND,1.0 6pgc_c + 1.0 nadp_c -> 1.0 ru5p_DASH_D_c + 1.0 co2_c + 1.0 nadph_c,0,1000,Pentose Phosphate Pathway,4.751631199
GSNK,1.0 atp_c + 1.0 gsn_c -> 1.0 gmp_c + 1.0 h_c + 1.0 adp_c,0,1000,Nucleotide Salvage Pathway,0
GSPMDA,1.0 gtspmd_c + 1.0 h2o_c -> 1.0 spmd_c + 1.0 gthrd_c,0,1000,Arginine and Proline Metabolism,0
GSPMDS,1.0 spmd_c + 1.0 gthrd_c + 1.0 atp_c -> 1.0 gtspmd_c + 1.0 pi_c + 1.0 h_c + 1.0 adp_c,0,1000,Arginine and Proline Metabolism,0
GUACYC,1.0 gtp_c -> 1.0 ppi_c + 1.0 35cgmp_c,0,1000,Nucleotide Salvage Pathway,0
GUAPRT,1.0 gua_c + 1.0 prpp_c -> 1.0 ppi_c + 1.0 gmp_c,0,1000,Nucleotide Salvage Pathway,0
GUI1,1.0 glcur_c -> 1.0 fruur_c,0,1000,Alternate Carbon Metabolism,0
GUI2,1.0 galur_c -> 1.0 tagur_c,0,1000,Alternate Carbon Metabolism,0
HADPCOADH3,1.0 3hadpcoa_c + 1.0 nad_c -> 1.0 nadh_c + 1.0 oxadpcoa_c + 1.0 h_c,0,1000,Alternate Carbon Metabolism,0
HCO3E,1.0 h2o_c + 1.0 co2_c -> 1.0 hco3_c + 1.0 h_c,0,1000,Unassigned,2.360829782
HCYSMT,1.0 amet_c + 1.0 hcys_DASH_L_c -> 1.0 ahcys_c + 1.0 h_c + 1.0 met_DASH_L_c,0,1000,Methionine Metabolism,0
HEX1,1.0 glc_DASH_D_c + 1.0 atp_c -> 1.0 g6p_c + 1.0 h_c + 1.0 adp_c,0,1000,Glycolysis/Gluconeogenesis,0
HEX4,1.0 atp_c + 1.0 man_c -> 1.0 man6p_c + 1.0 h_c + 1.0 adp_c,0,1000,Alternate Carbon Metabolism,0
HEX7,1.0 atp_c + 1.0 fru_c -> 1.0 h_c + 1.0 adp_c + 1.0 f6p_c,0,1000,Alternate Carbon Metabolism,0
HPYRI,1.0 hpyr_c -> 1.0 2h3oppan_c,0,1000,Alternate Carbon Metabolism,0
HPYRRx,1.0 hpyr_c + 1.0 nadh_c + 1.0 h_c -> 1.0 glyc_DASH_R_c + 1.0 nad_c,0,1000,Alternate Carbon Metabolism,0
HPYRRy,1.0 hpyr_c + 1.0 nadph_c + 1.0 h_c -> 1.0 nadp_c + 1.0 glyc_DASH_R_c,0,1000,Alternate Carbon Metabolism,0
HSDy,1.0 nadp_c + 1.0 hom_DASH_L_c -> 1.0 aspsa_c + 1.0 nadph_c + 1.0 h_c,0,1000,Threonine and Lysine Metabolism,0
HXPRT,1.0 hxan_c + 1.0 prpp_c -> 1.0 ppi_c + 1.0 imp_c,0,1000,Nucleotide Salvage Pathway,0
I2FE2SS,2.0 fe2_c + 1.0 fadh2_c + 1.0 iscu_c + 2.0 iscssh_c -> 2.0 iscs_c + 1.0 iscu_DASH_2fe2s_c + 1.0 fad_c + 6.0 h_c,0,1000,Cofactor and Prosthetic Group Biosynthesis,0.000246112
I2FE2ST,1.0 iscu_DASH_2fe2s_c + 4.0 h_c -> 1.0 iscu_c + 1.0 2fe2s_c,0,1000,Cofactor and Prosthetic Group Biosynthesis,2.16E-05
ICDHyr,1.0 icit_c + 1.0 nadp_c -> 1.0 akg_c + 1.0 co2_c + 1.0 nadph_c,0,1000,Citric Acid Cycle,4.305678506
ICHORS,1.0 chor_c -> 1.0 ichor_c,0,1000,Cofactor and Prosthetic Group Biosynthesis,0.001005183
ICL,1.0 icit_c -> 1.0 succ_c + 1.0 glx_c,0,1000,Anaplerotic Reactions,0
ICYSDS,1.0 cys_DASH_L_c + 1.0 iscs_c -> 1.0 ala_DASH_L_c + 1.0 iscssh_c,0,1000,Cofactor and Prosthetic Group Biosynthesis,0.001591165
IDOND,1.0 5dglcn_c + 1.0 h_c + 1.0 nadh_c -> 1.0 idon_DASH_L_c + 1.0 nad_c,0,1000,Alternate Carbon Metabolism,0
IDOND2,1.0 5dglcn_c + 1.0 nadph_c + 1.0 h_c -> 1.0 nadp_c + 1.0 idon_DASH_L_c,0,1000,Alternate Carbon Metabolism,0
ILETA,1.0 akg_c + 1.0 ile_DASH_L_c -> 1.0 3mop_c + 1.0 glu_DASH_L_c,0,1000,"Valine, Leucine, and Isoleucine Metabolism",0
IMPC,1.0 h2o_c + 1.0 imp_c -> 1.0 fprica_c,0,1000,Purine and Pyrimidine Biosynthesis,0
INSH,1.0 h2o_c + 1.0 ins_c -> 1.0 rib_DASH_D_c + 1.0 hxan_c,0,1000,Nucleotide Salvage Pathway,0
INSK,1.0 atp_c + 1.0 ins_c -> 1.0 h_c + 1.0 adp_c + 1.0 imp_c,0,1000,Nucleotide Salvage Pathway,0
IPDPS,1.0 nadh_c + 1.0 h_c + 1.0 h2mb4p_c -> 1.0 h2o_c + 1.0 ipdp_c + 1.0 nad_c,0,1000,Cofactor and Prosthetic Group Biosynthesis,0.005119674
IPMD,1.0 3c2hmp_c + 1.0 nad_c -> 1.0 3c4mop_c + 1.0 nadh_c + 1.0 h_c,0,1000,"Valine, Leucine, and Isoleucine Metabolism",0.394661173
IPPMIa,1.0 3c2hmp_c -> 1.0 2ippm_c + 1.0 h2o_c,0,1000,"Valine, Leucine, and Isoleucine Metabolism",0
IPPMIb,1.0 2ippm_c + 1.0 h2o_c -> 1.0 3c3hmp_c,0,1000,"Valine, Leucine, and Isoleucine Metabolism",0
IPPS,1.0 h2o_c + 1.0 accoa_c + 1.0 3mob_c -> 1.0 coa_c + 1.0 h_c + 1.0 3c3hmp_c,0,1000,"Valine, Leucine, and Isoleucine Metabolism",0.394661173
KAS15,1.0 malACP_c + 1.0 h_c + 1.0 accoa_c -> 1.0 actACP_c + 1.0 co2_c + 1.0 coa_c,0,1000,Membrane Lipid Metabolism,0.282339358
Kt2pp,1.0 k_p + 1.0 h_p -> 1.0 k_c + 1.0 h_c,0,1000,Inorganic Ion Transport and Metabolism,0.167401361
Ktex,1.0 k_e -> 1.0 k_p,0,1000,"Transport, Outer Membrane Porin",0.167401361
L_DASH_LACD2,1.0 lac_DASH_L_c + 1.0 q8_c -> 1.0 q8h2_c + 1.0 pyr_c,0,1000,Oxidative Phosphorylation,0
L_DASH_LACD3,1.0 lac_DASH_L_c + 1.0 mqn8_c -> 1.0 pyr_c + 1.0 mql8_c,0,1000,Oxidative Phosphorylation,0
LADGMDH,1.0 h2o_c + 1.0 LalaDgluMdap_c -> 1.0 26dap_DASH_M_c + 1.0 LalaDglu_c,0,1000,Murein Recycling,0
LALDO3,1.0 nadph_c + 1.0 h_c + 1.0 mthgxl_c -> 1.0 nadp_c + 1.0 lald_DASH_L_c,0,1000,Methylglyoxal Metabolism,0
LALGP,1.0 LalaLglu_c + 1.0 h2o_c -> 1.0 ala_DASH_L_c + 1.0 glu_DASH_L_c,0,1000,Murein Recycling,0
LCADi,1.0 h2o_c + 1.0 lald_DASH_L_c + 1.0 nad_c -> 1.0 lac_DASH_L_c + 1.0 nadh_c + 2.0 h_c,0,1000,Alternate Carbon Metabolism,0
LCARR,1.0 nadh_c + 1.0 h_c + 1.0 lald_DASH_D_c -> 1.0 12ppd_DASH_R_c + 1.0 nad_c,0,1000,Methylglyoxal Metabolism,0
LCARS,1.0 nadh_c + 1.0 h_c + 1.0 lald_DASH_L_c -> 1.0 12ppd_DASH_S_c + 1.0 nad_c,0,1000,Alternate Carbon Metabolism,0
LDH_D,1.0 lac_DASH_D_c + 1.0 nad_c -> 1.0 pyr_c + 1.0 nadh_c + 1.0 h_c,0,1000,Pyruvate Metabolism,0
LDH_D2,1.0 lac_DASH_D_c + 1.0 q8_c -> 1.0 q8h2_c + 1.0 pyr_c,0,1000,Oxidative Phosphorylation,0
LEUTAi,1.0 glu_DASH_L_c + 1.0 4mop_c -> 1.0 akg_c + 1.0 leu_DASH_L_c,0,1000,"Valine, Leucine, and Isoleucine Metabolism",0.394661173
LSERDHr,1.0 ser_DASH_L_c + 1.0 nadp_c -> 1.0 2amsa_c + 1.0 nadph_c + 1.0 h_c,0,1000,Glycine and Serine Metabolism,0
M1PD,1.0 mnl1p_c + 1.0 nad_c -> 1.0 nadh_c + 1.0 h_c + 1.0 f6p_c,0,1000,Alternate Carbon Metabolism,0
MALS,1.0 h2o_c + 1.0 glx_c + 1.0 accoa_c -> 1.0 mal_DASH_L_c + 1.0 coa_c + 1.0 h_c,0,1000,Anaplerotic Reactions,0.000804147
MALTATr,1.0 malt_c + 1.0 accoa_c -> 1.0 coa_c + 1.0 acmalt_c,0,1000,Alternate Carbon Metabolism,0
MAN6PI,1.0 man6p_c -> 1.0 f6p_c,0,1000,Alternate Carbon Metabolism,0
MANAO,1.0 mana_c + 1.0 nad_c -> 1.0 nadh_c + 1.0 h_c + 1.0 fruur_c,0,1000,Alternate Carbon Metabolism,0
MCITD,1.0 2mcit_c -> 1.0 h2o_c + 1.0 2mcacn_c,0,1000,Alternate Carbon Metabolism,0
MCITL2,1.0 micit_c -> 1.0 succ_c + 1.0 pyr_c,0,1000,Alternate Carbon Metabolism,0
MCITS,1.0 h2o_c + 1.0 ppcoa_c + 1.0 oaa_c -> 1.0 2mcit_c + 1.0 coa_c + 1.0 h_c,0,1000,Alternate Carbon Metabolism,0
MCOATA,1.0 ACP_c + 1.0 malcoa_c -> 1.0 malACP_c + 1.0 coa_c,0,1000,Membrane Lipid Metabolism,1.968767662
MCTP1App,1.0 murein5p5p_p -> 1.0 murein5px4p_p + 1.0 ala_DASH_D_p,0,1000,Murein Biosynthesis,0.005456839
MCTP1Bpp,1.0 murein5p5p_p -> 1.0 murein5px3p_p + 1.0 alaala_p,0,1000,Murein Biosynthesis,0.001212531
MCTP2App,1.0 murein5p5p5p_p -> 2.0 ala_DASH_D_p + 1.0 murein5px4px4p_p,0,1000,Murein Biosynthesis,0.000606716
MDDCP1pp,1.0 h2o_p + 1.0 murein5px4p_p -> 1.0 murein4px4p_p + 1.0 ala_DASH_D_p,0,1000,Murein Biosynthesis,0.004911426
MDDCP2pp,1.0 h2o_p + 1.0 murein5px4px4p_p -> 1.0 murein4px4px4p_p + 1.0 ala_DASH_D_p,0,1000,Murein Biosynthesis,0.000606716
MDDCP3pp,1.0 h2o_p + 1.0 murein5p5p_p -> 1.0 ala_DASH_D_p + 1.0 murein5p4p_p,0,1000,Murein Biosynthesis,0.004851024
MDDCP4pp,1.0 h2o_p + 1.0 murein5p4p_p -> 1.0 murein4p4p_p + 1.0 ala_DASH_D_p,0,1000,Murein Biosynthesis,0.004851024
MDDCP5pp,1.0 h2o_p + 1.0 murein5p3p_p -> 1.0 ala_DASH_D_p + 1.0 murein4p3p_p,0,1000,Murein Biosynthesis,0
MDDEP1pp,1.0 murein4px4p_p + 1.0 h2o_p -> 1.0 murein4p4p_p,0,1000,Murein Recycling,0
MDDEP2pp,1.0 h2o_p + 1.0 murein3px4p_p -> 1.0 murein4p3p_p,0,1000,Murein Recycling,0
MDDEP3pp,1.0 h2o_p + 1.0 murein5px4p_p -> 1.0 murein5p4p_p,0,1000,Murein Recycling,0
MDDEP4pp,1.0 h2o_p + 1.0 murein4px4px4p_p -> 1.0 murein4px4p4p_p,0,1000,Murein Recycling,0
MDH,1.0 mal_DASH_L_c + 1.0 nad_c -> 1.0 nadh_c + 1.0 h_c + 1.0 oaa_c,0,1000,Citric Acid Cycle,4.237034843
MDH2,1.0 mal_DASH_L_c + 1.0 q8_c -> 1.0 q8h2_c + 1.0 oaa_c,0,1000,Citric Acid Cycle,0
MDH3,1.0 mal_DASH_L_c + 1.0 mqn8_c -> 1.0 oaa_c + 1.0 mql8_c,0,1000,Citric Acid Cycle,0
ME1,1.0 mal_DASH_L_c + 1.0 nad_c -> 1.0 pyr_c + 1.0 co2_c + 1.0 nadh_c,0,1000,Anaplerotic Reactions,0
ME2,1.0 mal_DASH_L_c + 1.0 nadp_c -> 1.0 pyr_c + 1.0 co2_c + 1.0 nadph_c,0,1000,Anaplerotic Reactions,0
METAT,1.0 h2o_c + 1.0 atp_c + 1.0 met_DASH_L_c -> 1.0 amet_c + 1.0 ppi_c + 1.0 pi_c,0,1000,Methionine Metabolism,0.007899931
METOX1s,1.0 h2o2_c + 1.0 met_DASH_L_c -> 1.0 h2o_c + 1.0 metsox_DASH_S_DASH_L_c,0,1000,Methionine Metabolism,0
METOX2s,1.0 h2o2_c + 1.0 met_DASH_L_c -> 1.0 h2o_c + 1.0 metsox_DASH_R_DASH_L_c,0,1000,Methionine Metabolism,0
METS,1.0 hcys_DASH_L_c + 1.0 5mthf_c -> 1.0 h_c + 1.0 met_DASH_L_c + 1.0 thf_c,0,1000,Methionine Metabolism,0.142118518
METSOXR1,1.0 metsox_DASH_S_DASH_L_c + 1.0 trdrd_c -> 1.0 trdox_c + 1.0 h2o_c + 1.0 met_DASH_L_c,0,1000,Methionine Metabolism,0
METSOXR2,1.0 metsox_DASH_R_DASH_L_c + 1.0 trdrd_c -> 1.0 trdox_c + 1.0 h2o_c + 1.0 met_DASH_L_c,0,1000,Methionine Metabolism,0
MG2t3_2pp,2.0 h_c + 1.0 mg2_p -> 1.0 mg2_c + 2.0 h_p,0,1000,Inorganic Ion Transport and Metabolism,0.007440161
MG2tex,1.0 mg2_e -> 1.0 mg2_p,0,1000,"Transport, Outer Membrane Porin",0.007440161
MICITDr,1.0 2mcacn_c + 1.0 h2o_c -> 1.0 micit_c,0,1000,Alternate Carbon Metabolism,0
MLDCP1App,1.0 h2o_p + 1.0 murein5px4p_p -> 1.0 murein3px4p_p + 1.0 alaala_p,0,1000,Murein Biosynthesis,0.000545413
MLDCP1Bpp,1.0 h2o_p + 1.0 murein4p4p_p -> 1.0 ala_DASH_D_p + 1.0 murein4p3p_p,0,1000,Murein Biosynthesis,0
MLDCP2App,1.0 h2o_p + 1.0 murein5p5p_p -> 1.0 alaala_p + 1.0 murein5p3p_p,0,1000,Murein Biosynthesis,0
MLDCP2Bpp,1.0 h2o_p + 1.0 murein4p3p_p -> 1.0 murein3p3p_p + 1.0 ala_DASH_D_p,0,1000,Murein Biosynthesis,0
MLDCP3App,1.0 h2o_p + 1.0 murein5px3p_p -> 1.0 murein3px3p_p + 1.0 alaala_p,0,1000,Murein Biosynthesis,0.001212531
MLDEP1pp,1.0 h2o_p + 1.0 murein3px3p_p -> 1.0 murein3p3p_p,0,1000,Murein Recycling,0.001212531
MLDEP2pp,1.0 h2o_p + 1.0 murein5px3p_p -> 1.0 murein5p3p_p,0,1000,Murein Recycling,0
MLTG3,1.0 maltpt_c + 1.0 h2o_c -> 1.0 glc_DASH_D_c + 1.0 maltttr_c,0,1000,Alternate Carbon Metabolism,0
MLTG4,1.0 h2o_c + 1.0 malthx_c -> 1.0 maltpt_c + 1.0 glc_DASH_D_c,0,1000,Alternate Carbon Metabolism,0
MLTG5,1.0 h2o_c + 1.0 malthp_c -> 1.0 glc_DASH_D_c + 1.0 malthx_c,0,1000,Alternate Carbon Metabolism,0
MLTGY1pp,1.0 murein4p4p_p -> 2.0 anhgm4p_p,0,1000,Murein Recycling,0
MLTGY2pp,1.0 murein4p3p_p -> 1.0 anhgm3p_p + 1.0 anhgm4p_p,0,1000,Murein Recycling,0
MLTGY3pp,1.0 murein3p3p_p -> 2.0 anhgm3p_p,0,1000,Murein Recycling,0
MLTGY4pp,1.0 murein4px4p4p_p -> 1.0 murein4px4p_p + 1.0 anhgm4p_p,0,1000,Murein Recycling,0
MLTP1,1.0 maltpt_c + 1.0 pi_c -> 1.0 maltttr_c + 1.0 g1p_c,0,1000,Alternate Carbon Metabolism,0
MLTP2,1.0 pi_c + 1.0 malthx_c -> 1.0 maltpt_c + 1.0 g1p_c,0,1000,Alternate Carbon Metabolism,0
MLTP3,1.0 pi_c + 1.0 malthp_c -> 1.0 malthx_c + 1.0 g1p_c,0,1000,Alternate Carbon Metabolism,0
MMCD,1.0 mmcoa_DASH_S_c + 1.0 h_c -> 1.0 co2_c + 1.0 ppcoa_c,0,1000,Alternate Carbon Metabolism,0
MMM,1.0 succoa_c -> 1.0 mmcoa_DASH_S_c,0,1000,Alternate Carbon Metabolism,0
MN2tpp,1.0 mn2_p -> 1.0 mn2_c,0,1000,Inorganic Ion Transport and Metabolism,0.000593193
MN6PP,1.0 h2o_c + 1.0 man6p_c -> 1.0 pi_c + 1.0 man_c,0,1000,Alternate Carbon Metabolism,0
MNtex,1.0 mn2_e -> 1.0 mn2_p,0,1000,"Transport, Outer Membrane Porin",0.000593193
MOBDabcpp,1.0 h2o_c + 1.0 mobd_p + 1.0 atp_c -> 1.0 mobd_c + 1.0 pi_c + 1.0 h_c + 1.0 adp_c,0,1000,Inorganic Ion Transport and Metabolism,0.000123507
MOBDtex,1.0 mobd_e -> 1.0 mobd_p,0,1000,"Transport, Outer Membrane Porin",0.000123507
MOCOS,2.0 h_c + 1.0 mobd_c + 1.0 mptamp_c -> 1.0 cu2_c + 1.0 moco_c + 1.0 amp_c + 1.0 h2o_c,0,1000,Cofactor and Prosthetic Group Biosynthesis,0.000117196
MOX,1.0 o2_c + 1.0 mal_DASH_L_c -> 1.0 h2o2_c + 1.0 oaa_c,0,1000,Citric Acid Cycle,0.001293667
MPTG,2.0 uaagmda_c -> 2.0 udcpdp_c + 1.0 murein5p5p_p + 2.0 h_c,0,1000,Murein Biosynthesis,0.01212711
MPTG2,1.0 uaagmda_c + 1.0 murein5p5p_p -> 1.0 murein5p5p5p_p + 1.0 udcpdp_c + 1.0 h_c,0,1000,Murein Biosynthesis,0.000606716
MTAN,1.0 h2o_c + 1.0 5mta_c -> 1.0 ade_c + 1.0 5mtr_c,0,1000,Arginine and Proline Metabolism,0.006079782
MTHFC,1.0 h2o_c + 1.0 methf_c -> 1.0 10fthf_c + 1.0 h_c,0,1000,Folate Metabolism,0.763698731
MTHFD,1.0 nadp_c + 1.0 mlthf_c -> 1.0 nadph_c + 1.0 methf_c,0,1000,Folate Metabolism,0.763698731
MTHFR2,1.0 nadh_c + 2.0 h_c + 1.0 mlthf_c -> 1.0 5mthf_c + 1.0 nad_c,0,1000,Folate Metabolism,0.142319555
MTHTHFSs,1.0 h2o_c + 1.0 mdhdhf_c -> 1.0 mththf_c,0,1000,Methionine Metabolism,0.001208023
NACODA,1.0 h2o_c + 1.0 acg5sa_c -> 1.0 glu5sa_c + 1.0 ac_c,0,1000,Arginine and Proline Metabolism,0
NADH10,1.0 nadh_c + 1.0 mqn8_c + 1.0 h_c -> 1.0 nad_c + 1.0 mql8_c,0,1000,Oxidative Phosphorylation,0
NADH16pp,1.0 nadh_c + 4.0 h_c + 1.0 q8_c -> 1.0 q8h2_c + 3.0 h_p + 1.0 nad_c,0,1000,Oxidative Phosphorylation,32.37649489
NADH17pp,1.0 nadh_c + 1.0 mqn8_c + 4.0 h_c -> 3.0 h_p + 1.0 nad_c + 1.0 mql8_c,0,1000,Oxidative Phosphorylation,0
NADH18pp,1.0 nadh_c + 1.0 2dmmq8_c + 4.0 h_c -> 1.0 2dmmql8_c + 3.0 h_p + 1.0 nad_c,0,1000,Oxidative Phosphorylation,0
NADH5,1.0 nadh_c + 1.0 h_c + 1.0 q8_c -> 1.0 q8h2_c + 1.0 nad_c,0,1000,Oxidative Phosphorylation,0
NADH9,1.0 nadh_c + 1.0 2dmmq8_c + 1.0 h_c -> 1.0 2dmmql8_c + 1.0 nad_c,0,1000,Oxidative Phosphorylation,0
NADPHQR2,1.0 nadph_c + 1.0 h_c + 1.0 q8_c -> 1.0 q8h2_c + 1.0 nadp_c,0,1000,Oxidative Phosphorylation,0
NADPHQR3,1.0 nadph_c + 1.0 mqn8_c + 1.0 h_c -> 1.0 nadp_c + 1.0 mql8_c,0,1000,Oxidative Phosphorylation,0
NADPHQR4,1.0 nadph_c + 1.0 2dmmq8_c + 1.0 h_c -> 1.0 nadp_c + 1.0 2dmmql8_c,0,1000,Oxidative Phosphorylation,0
NADPPPS,1.0 h2o_c + 1.0 nadp_c -> 1.0 pi_c + 1.0 nad_c,0,1000,Cofactor and Prosthetic Group Biosynthesis,0.001651566
NADTRHD,1.0 nadph_c + 1.0 nad_c -> 1.0 nadh_c + 1.0 nadp_c,0,1000,Oxidative Phosphorylation,0
NDPK1,1.0 gdp_c + 1.0 atp_c -> 1.0 gtp_c + 1.0 adp_c,0,1000,Nucleotide Salvage Pathway,0.675377812
NDPK2,1.0 udp_c + 1.0 atp_c -> 1.0 utp_c + 1.0 adp_c,0,1000,Nucleotide Salvage Pathway,0.360224398
NDPK3,1.0 cdp_c + 1.0 atp_c -> 1.0 ctp_c + 1.0 adp_c,0,1000,Nucleotide Salvage Pathway,0.124571531
NDPK4,1.0 dtdp_c + 1.0 atp_c -> 1.0 dttp_c + 1.0 adp_c,0,1000,Nucleotide Salvage Pathway,0.029710158
NDPK5,1.0 dgdp_c + 1.0 atp_c -> 1.0 dgtp_c + 1.0 adp_c,0,1000,Nucleotide Salvage Pathway,0.02308947
NDPK7,1.0 atp_c + 1.0 dcdp_c -> 1.0 adp_c + 1.0 dctp_c,0,1000,Nucleotide Salvage Pathway,0.02308947
NDPK8,1.0 dadp_c + 1.0 atp_c -> 1.0 datp_c + 1.0 adp_c,0,1000,Nucleotide Salvage Pathway,0.022361951
NH4tex,1.0 nh4_e -> 1.0 nh4_p,0,1000,"Transport, Outer Membrane Porin",9.471513847
NH4tpp,1.0 nh4_p -> 1.0 nh4_c,0,1000,Inorganic Ion Transport and Metabolism,9.471513847
NI2tex,1.0 ni2_e -> 1.0 ni2_p,0,1000,"Transport, Outer Membrane Porin",0.000276764
NI2tpp,1.0 ni2_p -> 1.0 ni2_c,0,1000,Inorganic Ion Transport and Metabolism,0.000276764
NTD1,1.0 h2o_c + 1.0 dump_c -> 1.0 pi_c + 1.0 duri_c,0,1000,Nucleotide Salvage Pathway,0
NTD10,1.0 xmp_c + 1.0 h2o_c -> 1.0 pi_c + 1.0 xtsn_c,0,1000,Nucleotide Salvage Pathway,0
NTD11,1.0 h2o_c + 1.0 imp_c -> 1.0 pi_c + 1.0 ins_c,0,1000,Nucleotide Salvage Pathway,0
NTD12,1.0 dimp_c + 1.0 h2o_c -> 1.0 din_c + 1.0 pi_c,0,1000,Nucleotide Salvage Pathway,0
NTD2,1.0 ump_c + 1.0 h2o_c -> 1.0 uri_c + 1.0 pi_c,0,1000,Nucleotide Salvage Pathway,0
NTD3,1.0 dcmp_c + 1.0 h2o_c -> 1.0 dcyt_c + 1.0 pi_c,0,1000,Nucleotide Salvage Pathway,0
NTD4,1.0 h2o_c + 1.0 cmp_c -> 1.0 cytd_c + 1.0 pi_c,0,1000,Nucleotide Salvage Pathway,0
NTD5,1.0 h2o_c + 1.0 dtmp_c -> 1.0 pi_c + 1.0 thymd_c,0,1000,Nucleotide Salvage Pathway,0
NTD6,1.0 damp_c + 1.0 h2o_c -> 1.0 pi_c + 1.0 dad_DASH_2_c,0,1000,Nucleotide Salvage Pathway,0
NTD7,1.0 h2o_c + 1.0 amp_c -> 1.0 pi_c + 1.0 adn_c,0,1000,Nucleotide Salvage Pathway,0
NTD8,1.0 h2o_c + 1.0 dgmp_c -> 1.0 dgsn_c + 1.0 pi_c,0,1000,Nucleotide Salvage Pathway,0
NTD9,1.0 h2o_c + 1.0 gmp_c -> 1.0 pi_c + 1.0 gsn_c,0,1000,Nucleotide Salvage Pathway,0
NTP1,1.0 h2o_c + 1.0 atp_c -> 1.0 pi_c + 1.0 h_c + 1.0 adp_c,0,1000,Nucleotide Salvage Pathway,0
NTP10,1.0 h2o_c + 1.0 itp_c -> 1.0 pi_c + 1.0 h_c + 1.0 idp_c,0,1000,Nucleotide Salvage Pathway,0
NTP3,1.0 h2o_c + 1.0 gtp_c -> 1.0 pi_c + 1.0 gdp_c + 1.0 h_c,0,1000,Nucleotide Salvage Pathway,0
NTP5,1.0 ctp_c + 1.0 h2o_c -> 1.0 cdp_c + 1.0 pi_c + 1.0 h_c,0,1000,Nucleotide Salvage Pathway,0
NTPP1,1.0 h2o_c + 1.0 dgtp_c -> 1.0 ppi_c + 1.0 dgmp_c + 1.0 h_c,0,1000,Nucleotide Salvage Pathway,0
NTPP10,1.0 ditp_c + 1.0 h2o_c -> 1.0 dimp_c + 1.0 ppi_c + 1.0 h_c,0,1000,Nucleotide Salvage Pathway,0
NTPP2,1.0 h2o_c + 1.0 gtp_c -> 1.0 ppi_c + 1.0 gmp_c + 1.0 h_c,0,1000,Nucleotide Salvage Pathway,0
NTPP3,1.0 h2o_c + 1.0 dctp_c -> 1.0 dcmp_c + 1.0 ppi_c + 1.0 h_c,0,1000,Nucleotide Salvage Pathway,0
NTPP4,1.0 ctp_c + 1.0 h2o_c -> 1.0 ppi_c + 1.0 h_c + 1.0 cmp_c,0,1000,Nucleotide Salvage Pathway,0
NTPP5,1.0 datp_c + 1.0 h2o_c -> 1.0 damp_c + 1.0 ppi_c + 1.0 h_c,0,1000,Nucleotide Salvage Pathway,0
NTPP6,1.0 h2o_c + 1.0 atp_c -> 1.0 ppi_c + 1.0 h_c + 1.0 amp_c,0,1000,Nucleotide Salvage Pathway,0
NTPP7,1.0 h2o_c + 1.0 dttp_c -> 1.0 ppi_c + 1.0 dtmp_c + 1.0 h_c,0,1000,Nucleotide Salvage Pathway,0
NTPP8,1.0 h2o_c + 1.0 utp_c -> 1.0 ump_c + 1.0 ppi_c + 1.0 h_c,0,1000,Nucleotide Salvage Pathway,0
NTPP9,1.0 h2o_c + 1.0 itp_c -> 1.0 ppi_c + 1.0 h_c + 1.0 imp_c,0,1000,Nucleotide Salvage Pathway,0
NTPTP1,1.0 h2o_c + 1.0 dgtp_c -> 1.0 dgsn_c + 1.0 pppi_c,0,1000,Nucleotide Salvage Pathway,0
NTPTP2,1.0 h2o_c + 1.0 gtp_c -> 1.0 pppi_c + 1.0 gsn_c,0,1000,Nucleotide Salvage Pathway,0
O2tex,1.0 o2_e -> 1.0 o2_p,0,1000,"Transport, Outer Membrane Porin",18
O2tpp,1.0 o2_p -> 1.0 o2_c,0,1000,Inorganic Ion Transport and Metabolism,18
OAADC,1.0 h_c + 1.0 oaa_c -> 1.0 pyr_c + 1.0 co2_c,0,1000,Pyruvate Metabolism,0
OBTFL,1.0 2obut_c + 1.0 coa_c -> 1.0 ppcoa_c + 1.0 for_c,0,1000,Alternate Carbon Metabolism,0
OCBT,1.0 cbp_c + 1.0 orn_c -> 1.0 pi_c + 1.0 h_c + 1.0 citr_DASH_L_c,0,1000,Arginine and Proline Metabolism,0.259111957
OCTDPS,5.0 ipdp_c + 1.0 frdp_c -> 5.0 ppi_c + 1.0 octdp_c,0,1000,Cofactor and Prosthetic Group Biosynthesis,0.00060311
OMCDC,1.0 3c4mop_c + 1.0 h_c -> 1.0 co2_c + 1.0 4mop_c,0,1000,"Valine, Leucine, and Isoleucine Metabolism",0.394661173
ORNDC,1.0 orn_c + 1.0 h_c -> 1.0 ptrc_c + 1.0 co2_c,0,1000,Arginine and Proline Metabolism,0.036073015
P5CD,1.0 1pyr5c_c + 2.0 h2o_c + 1.0 nad_c -> 1.0 glu_DASH_L_c + 1.0 nadh_c + 1.0 h_c,0,1000,Arginine and Proline Metabolism,0
P5CR,1.0 1pyr5c_c + 1.0 nadph_c + 2.0 h_c -> 1.0 pro_DASH_L_c + 1.0 nadp_c,0,1000,Arginine and Proline Metabolism,0.19364251
PAPSR,1.0 trdrd_c + 1.0 paps_c -> 1.0 trdox_c + 1.0 so3_c + 1.0 pap_c + 2.0 h_c,0,1000,Cysteine Metabolism,0.223445523
PDE1,1.0 h2o_c + 1.0 camp_c -> 1.0 h_c + 1.0 amp_c,0,1000,Nucleotide Salvage Pathway,0
PDE4,1.0 h2o_c + 1.0 35cgmp_c -> 1.0 gmp_c + 1.0 h_c,0,1000,Nucleotide Salvage Pathway,0
PDH,1.0 pyr_c + 1.0 coa_c + 1.0 nad_c -> 1.0 co2_c + 1.0 nadh_c + 1.0 accoa_c,0,1000,Glycolysis/Gluconeogenesis,8.54359828
PE160abcpp,1.0 h2o_c + 1.0 pe160_c + 1.0 atp_c -> 1.0 pe160_p + 1.0 pi_c + 1.0 h_c + 1.0 adp_c,0,1000,"Transport, Inner Membrane",0.02866621
PE161abcpp,1.0 h2o_c + 1.0 pe161_c + 1.0 atp_c -> 1.0 pi_c + 1.0 h_c + 1.0 adp_c + 1.0 pe161_p,0,1000,"Transport, Inner Membrane",0.022296141
PE181abcpp,1.0 pe181_c + 1.0 h2o_c + 1.0 atp_c -> 1.0 pe181_p + 1.0 pi_c + 1.0 h_c + 1.0 adp_c,0,1000,"Transport, Inner Membrane",0.011491546
PFK,1.0 atp_c + 1.0 f6p_c -> 1.0 h_c + 1.0 adp_c + 1.0 fdp_c,0,1000,Glycolysis/Gluconeogenesis,6.066696637
PFK_3,1.0 s7p_c + 1.0 atp_c -> 1.0 s17bp_c + 1.0 h_c + 1.0 adp_c,0,1000,Pentose Phosphate Pathway,1.393982434
PFL,1.0 pyr_c + 1.0 coa_c -> 1.0 for_c + 1.0 accoa_c,0,1000,Pyruvate Metabolism,0.101546068
PG160abcpp,1.0 h2o_c + 1.0 pg160_c + 1.0 atp_c -> 1.0 pg160_p + 1.0 pi_c + 1.0 h_c + 1.0 adp_c,0,1000,"Transport, Inner Membrane",0.009718276
PG161abcpp,1.0 pg161_c + 1.0 h2o_c + 1.0 atp_c -> 1.0 pg161_p + 1.0 pi_c + 1.0 h_c + 1.0 adp_c,0,1000,"Transport, Inner Membrane",0.00755916
PG181abcpp,1.0 h2o_c + 1.0 pg181_c + 1.0 atp_c -> 1.0 pi_c + 1.0 h_c + 1.0 adp_c + 1.0 pg181_p,0,1000,"Transport, Inner Membrane",0.003895424
PGI,1.0 g6p_c -> 1.0 f6p_c,0,1000,Glycolysis/Gluconeogenesis,5.072626671
PGK,1.0 atp_c + 1.0 3pg_c -> 1.0 13dpg_c + 1.0 adp_c,0,1000,Glycolysis/Gluconeogenesis,0
PGL,1.0 h2o_c + 1.0 6pgl_c -> 1.0 6pgc_c + 1.0 h_c,0,1000,Pentose Phosphate Pathway,4.751631199
PGM,1.0 2pg_c -> 1.0 3pg_c,0,1000,Glycolysis/Gluconeogenesis,0
PGMT,1.0 g1p_c -> 1.0 g6p_c,0,1000,Alternate Carbon Metabolism,0
PHETA1,1.0 akg_c + 1.0 phe_DASH_L_c -> 1.0 phpyr_c + 1.0 glu_DASH_L_c,0,1000,"Tyrosine, Tryptophan, and Phenylalanine Metabolism",0
PIt2rpp,1.0 pi_p + 1.0 h_p -> 1.0 pi_c + 1.0 h_c,0,1000,Inorganic Ion Transport and Metabolism,0.835831237
PItex,1.0 pi_e -> 1.0 pi_p,0,1000,"Transport, Outer Membrane Porin",0.835831237
PMANM,1.0 man1p_c -> 1.0 man6p_c,0,1000,Alternate Carbon Metabolism,0
POR5,2.0 flxso_c + 1.0 pyr_c + 1.0 coa_c -> 1.0 co2_c + 2.0 flxr_c + 1.0 h_c + 1.0 accoa_c,0,1000,Pyruvate Metabolism,0.005973404
POX,1.0 pyr_c + 1.0 h2o_c + 1.0 q8_c -> 1.0 q8h2_c + 1.0 ac_c + 1.0 co2_c,0,1000,Oxidative Phosphorylation,0
PPA,1.0 h2o_c + 1.0 ppi_c -> 2.0 pi_c + 1.0 h_c,0,1000,Anaplerotic Reactions,0
PPA2,1.0 pppi_c + 1.0 h2o_c -> 1.0 ppi_c + 1.0 pi_c + 1.0 h_c,0,1000,Anaplerotic Reactions,0
PPAKr,1.0 adp_c + 1.0 ppap_c -> 1.0 ppa_c + 1.0 atp_c,0,1000,Alternate Carbon Metabolism,0
PPBNGS,2.0 5aop_c -> 1.0 ppbng_c + 2.0 h2o_c + 1.0 h_c,0,1000,Cofactor and Prosthetic Group Biosynthesis,0.00241244
PPC,1.0 pep_c + 1.0 h2o_c + 1.0 co2_c -> 1.0 pi_c + 1.0 h_c + 1.0 oaa_c,0,1000,Anaplerotic Reactions,2.637039774
PPCK,1.0 atp_c + 1.0 oaa_c -> 1.0 pep_c + 1.0 co2_c + 1.0 adp_c,0,1000,Anaplerotic Reactions,0
PPCSCT,1.0 succ_c + 1.0 ppcoa_c -> 1.0 ppa_c + 1.0 succoa_c,0,1000,Alternate Carbon Metabolism,0
PPK2r,1.0 ppi_c + 1.0 atp_c -> 1.0 pppi_c + 1.0 adp_c,0,1000,Oxidative Phosphorylation,0
PPKr,1.0 pi_c + 1.0 atp_c -> 1.0 ppi_c + 1.0 adp_c,0,1000,Oxidative Phosphorylation,0
PPM,1.0 r1p_c -> 1.0 r5p_c,0,1000,Alternate Carbon Metabolism,0
PPM2,1.0 2dr1p_c -> 1.0 2dr5p_c,0,1000,Alternate Carbon Metabolism,0
PPND,1.0 pphn_c + 1.0 nad_c -> 1.0 34hpp_c + 1.0 co2_c + 1.0 nadh_c,0,1000,"Tyrosine, Tryptophan, and Phenylalanine Metabolism",0.120997044
PPNDH,1.0 pphn_c + 1.0 h_c -> 1.0 phpyr_c + 1.0 h2o_c + 1.0 co2_c,0,1000,"Tyrosine, Tryptophan, and Phenylalanine Metabolism",0.162290702
PPS,1.0 h2o_c + 1.0 pyr_c + 1.0 atp_c -> 1.0 pep_c + 1.0 pi_c + 2.0 h_c + 1.0 amp_c,0,1000,Glycolysis/Gluconeogenesis,0
PROD2,1.0 pro_DASH_L_c + 1.0 fad_c -> 1.0 1pyr5c_c + 1.0 fadh2_c + 1.0 h_c,0,1000,Arginine and Proline Metabolism,0
PRPPS,1.0 r5p_c + 1.0 atp_c -> 1.0 h_c + 1.0 prpp_c + 1.0 amp_c,0,1000,Histidine Metabolism,0.815846567
PSCVT,1.0 pep_c + 1.0 skm5p_c -> 1.0 pi_c + 1.0 3psme_c,0,1000,"Tyrosine, Tryptophan, and Phenylalanine Metabolism",0.335293144
PTA2,1.0 pi_c + 1.0 ppcoa_c -> 1.0 coa_c + 1.0 ppap_c,0,1000,Alternate Carbon Metabolism,0
PTAr,1.0 pi_c + 1.0 accoa_c -> 1.0 actp_c + 1.0 coa_c,0,1000,Pyruvate Metabolism,1.115536854
PUNP1,1.0 pi_c + 1.0 adn_c -> 1.0 ade_c + 1.0 r1p_c,0,1000,Nucleotide Salvage Pathway,0
PUNP2,1.0 pi_c + 1.0 dad_DASH_2_c -> 1.0 2dr1p_c + 1.0 ade_c,0,1000,Nucleotide Salvage Pathway,0
PUNP3,1.0 pi_c + 1.0 gsn_c -> 1.0 gua_c + 1.0 r1p_c,0,1000,Nucleotide Salvage Pathway,0
PUNP4,1.0 dgsn_c + 1.0 pi_c -> 1.0 gua_c + 1.0 2dr1p_c,0,1000,Nucleotide Salvage Pathway,0
PUNP5,1.0 pi_c + 1.0 ins_c -> 1.0 hxan_c + 1.0 r1p_c,0,1000,Nucleotide Salvage Pathway,0
PUNP6,1.0 din_c + 1.0 pi_c -> 1.0 2dr1p_c + 1.0 hxan_c,0,1000,Nucleotide Salvage Pathway,0
PUNP7,1.0 pi_c + 1.0 xtsn_c -> 1.0 r1p_c + 1.0 xan_c,0,1000,Nucleotide Salvage Pathway,0
PYK,1.0 pep_c + 1.0 h_c + 1.0 adp_c -> 1.0 pyr_c + 1.0 atp_c,0,1000,Glycolysis/Gluconeogenesis,1.121425085
PYNP2r,1.0 uri_c + 1.0 pi_c -> 1.0 ura_c + 1.0 r1p_c,0,1000,Nucleotide Salvage Pathway,0
QUINDH,1.0 quin_c + 1.0 nad_c -> 1.0 nadh_c + 1.0 3dhq_c + 2.0 h_c,0,1000,"Tyrosine, Tryptophan, and Phenylalanine Metabolism",0
R15BPK,1.0 r15bp_c + 1.0 atp_c -> 1.0 prpp_c + 1.0 adp_c,0,1000,Alternate Carbon Metabolism,0
R1PK,1.0 atp_c + 1.0 r1p_c -> 1.0 r15bp_c + 1.0 h_c + 1.0 adp_c,0,1000,Alternate Carbon Metabolism,0
R5PP,1.0 h2o_c + 1.0 r5p_c -> 1.0 rib_DASH_D_c + 1.0 pi_c,0,1000,Alternate Carbon Metabolism,0
RBK,1.0 rib_DASH_D_c + 1.0 atp_c -> 1.0 r5p_c + 1.0 h_c + 1.0 adp_c,0,1000,Alternate Carbon Metabolism,0
RBP4E,1.0 ru5p_DASH_L_c -> 1.0 xu5p_DASH_D_c,0,1000,Alternate Carbon Metabolism,0
REPHACCOAI,1.0 rephaccoa_c -> 1.0 2oxpaccoa_c,0,1000,Alternate Carbon Metabolism,0
RHCCE,1.0 rhcys_c -> 1.0 hcys_DASH_L_c + 1.0 dhptd_c,0,1000,Methionine Metabolism,0.001208023
RMI,1.0 rmn_c -> 1.0 rml_c,0,1000,Alternate Carbon Metabolism,0
RMPA,1.0 rml1p_c -> 1.0 dhap_c + 1.0 lald_DASH_L_c,0,1000,Alternate Carbon Metabolism,0
RNDR1,1.0 trdrd_c + 1.0 adp_c -> 1.0 dadp_c + 1.0 trdox_c + 1.0 h2o_c,0,1000,Nucleotide Salvage Pathway,0.022361951
RNDR2,1.0 gdp_c + 1.0 trdrd_c -> 1.0 trdox_c + 1.0 dgdp_c + 1.0 h2o_c,0,1000,Nucleotide Salvage Pathway,0.02308947
RNDR3,1.0 cdp_c + 1.0 trdrd_c -> 1.0 trdox_c + 1.0 h2o_c + 1.0 dcdp_c,0,1000,Nucleotide Salvage Pathway,0.02308947
RPE,1.0 ru5p_DASH_D_c -> 1.0 xu5p_DASH_D_c,0,1000,Pentose Phosphate Pathway,2.481863513
RPI,1.0 r5p_c -> 1.0 ru5p_DASH_D_c,0,1000,Pentose Phosphate Pathway,0
SADH,2.0 h2o_c + 1.0 sucarg_c + 2.0 h_c -> 1.0 sucorn_c + 1.0 co2_c + 2.0 nh4_c,0,1000,Arginine and Proline Metabolism,0
SADT2,1.0 so4_c + 1.0 h2o_c + 1.0 gtp_c + 1.0 atp_c -> 1.0 ppi_c + 1.0 pi_c + 1.0 gdp_c + 1.0 aps_c,0,1000,Cysteine Metabolism,0.223445523
SBTPD,1.0 sbt6p_c + 1.0 nad_c -> 1.0 nadh_c + 1.0 h_c + 1.0 f6p_c,0,1000,Alternate Carbon Metabolism,0
SDPDS,1.0 h2o_c + 1.0 sl26da_c -> 1.0 26dap_DASH_LL_c + 1.0 succ_c,0,1000,Threonine and Lysine Metabolism,0.325467588
SDPTA,1.0 akg_c + 1.0 sl26da_c -> 1.0 sl2a6o_c + 1.0 glu_DASH_L_c,0,1000,Threonine and Lysine Metabolism,0
SERAT,1.0 ser_DASH_L_c + 1.0 accoa_c -> 1.0 acser_c + 1.0 coa_c,0,1000,Cysteine Metabolism,0.223445523
SERD_D,1.0 ser_DASH_D_c -> 1.0 pyr_c + 1.0 nh4_c,0,1000,Glycine and Serine Metabolism,0
SERD_L,1.0 ser_DASH_L_c -> 1.0 pyr_c + 1.0 nh4_c,0,1000,Glycine and Serine Metabolism,0
SGDS,1.0 sucglu_c + 1.0 h2o_c -> 1.0 glu_DASH_L_c + 1.0 succ_c,0,1000,Arginine and Proline Metabolism,0
SGSAD,1.0 h2o_c + 1.0 sucgsa_c + 1.0 nad_c -> 1.0 sucglu_c + 1.0 nadh_c + 2.0 h_c,0,1000,Arginine and Proline Metabolism,0
SHK3Dr,1.0 3dhsk_c + 1.0 nadph_c + 1.0 h_c -> 1.0 nadp_c + 1.0 skm_c,0,1000,"Tyrosine, Tryptophan, and Phenylalanine Metabolism",0.335293144
SHKK,1.0 skm_c + 1.0 atp_c -> 1.0 skm5p_c + 1.0 adp_c + 1.0 h_c,0,1000,"Tyrosine, Tryptophan, and Phenylalanine Metabolism",0.335293144
SO4t2pp,1.0 so4_p + 1.0 h_p -> 1.0 so4_c + 1.0 h_c,0,1000,Inorganic Ion Transport and Metabolism,0.227165153
SO4tex,1.0 so4_e -> 1.0 so4_p,0,1000,"Transport, Outer Membrane Porin",0.227165153
SOTA,1.0 akg_c + 1.0 sucorn_c -> 1.0 glu_DASH_L_c + 1.0 sucgsa_c,0,1000,Arginine and Proline Metabolism,0
SPMS,1.0 ametam_c + 1.0 ptrc_c -> 1.0 spmd_c + 1.0 5mta_c + 1.0 h_c,0,1000,Arginine and Proline Metabolism,0.006079782
SSALx,1.0 h2o_c + 1.0 sucsal_c + 1.0 nad_c -> 1.0 succ_c + 1.0 nadh_c + 2.0 h_c,0,1000,Arginine and Proline Metabolism,0
SSALy,1.0 h2o_c + 1.0 sucsal_c + 1.0 nadp_c -> 1.0 succ_c + 1.0 nadph_c + 2.0 h_c,0,1000,Arginine and Proline Metabolism,0
SUCDi,1.0 succ_c + 1.0 q8_c -> 1.0 q8h2_c + 1.0 fum_c,0,1000,Oxidative Phosphorylation,3.325822058
SUCOAS,1.0 succ_c + 1.0 coa_c + 1.0 atp_c -> 1.0 pi_c + 1.0 succoa_c + 1.0 adp_c,0,1000,Citric Acid Cycle,0
SULRi,1.0 so3_c + 3.0 nadph_c + 5.0 h_c -> 3.0 h2o_c + 3.0 nadp_c + 1.0 h2s_c,0,1000,Cysteine Metabolism,0.223445523
TAGURr,1.0 altrn_c + 1.0 nad_c -> 1.0 nadh_c + 1.0 tagur_c + 1.0 h_c,0,1000,Alternate Carbon Metabolism,0
TALA,1.0 g3p_c + 1.0 s7p_c -> 1.0 e4p_c + 1.0 f6p_c,0,1000,Pentose Phosphate Pathway,0
TGBPA,1.0 tagdp_DASH_D_c -> 1.0 dhap_c + 1.0 g3p_c,0,1000,Alternate Carbon Metabolism,0
THD2pp,1.0 nadh_c + 1.0 nadp_c + 2.0 h_p -> 1.0 nadph_c + 2.0 h_c + 1.0 nad_c,0,1000,Oxidative Phosphorylation,0
THFAT,1.0 h2o_c + 1.0 methf_c -> 1.0 5fthf_c + 1.0 h_c,0,1000,Folate Metabolism,0
THRA2i,1.0 athr_DASH_L_c -> 1.0 acald_c + 1.0 gly_c,0,1000,Threonine and Lysine Metabolism,0
THRAi,1.0 thr_DASH_L_c -> 1.0 acald_c + 1.0 gly_c,0,1000,Threonine and Lysine Metabolism,0
THRD_L,1.0 thr_DASH_L_c -> 1.0 2obut_c + 1.0 nh4_c,0,1000,"Valine, Leucine, and Isoleucine Metabolism",0.254501635
THRt4pp,1.0 na1_p + 1.0 thr_DASH_L_p -> 1.0 thr_DASH_L_c + 1.0 na1_c,0,1000,"Transport, Inner Membrane",0.004464277
TKT1,1.0 r5p_c + 1.0 xu5p_DASH_D_c -> 1.0 g3p_c + 1.0 s7p_c,0,1000,Pentose Phosphate Pathway,1.42337526
TKT2,1.0 e4p_c + 1.0 xu5p_DASH_D_c -> 1.0 g3p_c + 1.0 f6p_c,0,1000,Pentose Phosphate Pathway,1.058488253
TMDK1,1.0 atp_c + 1.0 thymd_c -> 1.0 dtmp_c + 1.0 h_c + 1.0 adp_c,0,1000,Nucleotide Salvage Pathway,0
TMDPP,1.0 pi_c + 1.0 thymd_c -> 1.0 2dr1p_c + 1.0 thym_c,0,1000,Nucleotide Salvage Pathway,0
TMDS,1.0 mlthf_c + 1.0 dump_c -> 1.0 dtmp_c + 1.0 dhf_c,0,1000,Nucleotide Salvage Pathway,0.022361951
TPI,1.0 dhap_c -> 1.0 g3p_c,0,1000,Glycolysis/Gluconeogenesis,7.312900874
TRDR,1.0 trdox_c + 1.0 nadph_c + 1.0 h_c -> 1.0 nadp_c + 1.0 trdrd_c,0,1000,Oxidative Phosphorylation,0.314348366
TRE6PH,1.0 tre6p_c + 1.0 h2o_c -> 1.0 g6p_c + 1.0 glc_DASH_D_c,0,1000,Alternate Carbon Metabolism,0
TRE6PP,1.0 tre6p_c + 1.0 h2o_c -> 1.0 tre_c + 1.0 pi_c,0,1000,Alternate Carbon Metabolism,0
TRE6PS,1.0 g6p_c + 1.0 udpg_c -> 1.0 tre6p_c + 1.0 udp_c + 1.0 h_c,0,1000,Alternate Carbon Metabolism,0
TREH,1.0 tre_c + 1.0 h2o_c -> 2.0 glc_DASH_D_c,0,1000,Alternate Carbon Metabolism,0
TRPAS2,1.0 h2o_c + 1.0 trp_DASH_L_c -> 1.0 pyr_c + 1.0 nh4_c + 1.0 indole_c,0,1000,"Tyrosine, Tryptophan, and Phenylalanine Metabolism",0
TRPS1,1.0 ser_DASH_L_c + 1.0 3ig3p_c -> 1.0 h2o_c + 1.0 g3p_c + 1.0 trp_DASH_L_c,0,1000,"Tyrosine, Tryptophan, and Phenylalanine Metabolism",0
TRPS2,1.0 ser_DASH_L_c + 1.0 indole_c -> 1.0 h2o_c + 1.0 trp_DASH_L_c,0,1000,"Tyrosine, Tryptophan, and Phenylalanine Metabolism",0
TRPS3,1.0 3ig3p_c -> 1.0 g3p_c + 1.0 indole_c,0,1000,"Tyrosine, Tryptophan, and Phenylalanine Metabolism",0.049793994
TRSARr,1.0 nadh_c + 1.0 h_c + 1.0 2h3oppan_c -> 1.0 glyc_DASH_R_c + 1.0 nad_c,0,1000,Alternate Carbon Metabolism,0
TYRTA,1.0 akg_c + 1.0 tyr_DASH_L_c -> 1.0 34hpp_c + 1.0 glu_DASH_L_c,0,1000,"Tyrosine, Tryptophan, and Phenylalanine Metabolism",0
UDCPDPS,8.0 ipdp_c + 1.0 frdp_c -> 1.0 udcpdp_c + 8.0 ppi_c,0,1000,Cofactor and Prosthetic Group Biosynthesis,4.96E-05
UDPG4E,1.0 udpg_c -> 1.0 udpgal_c,0,1000,Alternate Carbon Metabolism,0
UGLT,1.0 udpg_c + 1.0 gal1p_c -> 1.0 udpgal_c + 1.0 g1p_c,0,1000,Alternate Carbon Metabolism,0
UMPK,1.0 ump_c + 1.0 atp_c -> 1.0 udp_c + 1.0 adp_c,0,1000,Nucleotide Salvage Pathway,0.32098438
UPPRT,1.0 ura_c + 1.0 prpp_c -> 1.0 ump_c + 1.0 ppi_c,0,1000,Nucleotide Salvage Pathway,0
URIH,1.0 uri_c + 1.0 h2o_c -> 1.0 ura_c + 1.0 rib_DASH_D_c,0,1000,Alternate Carbon Metabolism,0
URIK2,1.0 uri_c + 1.0 gtp_c -> 1.0 ump_c + 1.0 gdp_c + 1.0 h_c,0,1000,Nucleotide Salvage Pathway,0
VALTA,1.0 akg_c + 1.0 val_DASH_L_c -> 1.0 glu_DASH_L_c + 1.0 3mob_c,0,1000,"Valine, Leucine, and Isoleucine Metabolism",0
VPAMTr,1.0 ala_DASH_L_c + 1.0 3mob_c -> 1.0 pyr_c + 1.0 val_DASH_L_c,0,1000,"Valine, Leucine, and Isoleucine Metabolism",0
XPPT,1.0 xan_c + 1.0 prpp_c -> 1.0 xmp_c + 1.0 ppi_c,0,1000,Nucleotide Salvage Pathway,0
XTSNH,1.0 h2o_c + 1.0 xtsn_c -> 1.0 rib_DASH_D_c + 1.0 xan_c,0,1000,Nucleotide Salvage Pathway,0
XYLI1,1.0 xyl_DASH_D_c -> 1.0 xylu_DASH_D_c,0,1000,Alternate Carbon Metabolism,0
XYLI2,1.0 glc_DASH_D_c -> 1.0 fru_c,0,1000,Alternate Carbon Metabolism,0
ZN2tpp,1.0 zn2_p -> 1.0 zn2_c,0,1000,Inorganic Ion Transport and Metabolism,0.000292089
Zn2tex,1.0 zn2_e -> 1.0 zn2_p,0,1000,"Transport, Outer Membrane Porin",0.000292089
COtpp,1 co_c -> 1 co_p,0,1000,,0.000201037
COtex,1 co_p -> 1 co_e,0,1000,,0.000201037
EX_co_LPAREN_e_RPAREN_,1 co_e ->,0,1000,,0.000201037
EX_ca2_LPAREN_e_RPAREN__reverse,-> 1.0 ca2_e,0,1000,,0.004464277
EX_cbl1_LPAREN_e_RPAREN__reverse,-> 1.0 cbl1_e,0,1000,,0.000201037
EX_cl_LPAREN_e_RPAREN__reverse,-> 1.0 cl_e,0,1000,,0.004464277
EX_cobalt2_LPAREN_e_RPAREN__reverse,-> 1.0 cobalt2_e,0,1000,,2.16E-05
EX_cu2_LPAREN_e_RPAREN__reverse,-> 1.0 cu2_e,0,1000,,0.000607618
EX_fe2_LPAREN_e_RPAREN__reverse,-> 1.0 fe2_e,0,1000,,0.013997743
EX_glc_LPAREN_e_RPAREN__reverse,-> 1.0 glc_DASH_D_e,0,10,,10
EX_k_LPAREN_e_RPAREN__reverse,-> 1.0 k_e,0,1000,,0.167401361
EX_mg2_LPAREN_e_RPAREN__reverse,-> 1.0 mg2_e,0,1000,,0.007440161
EX_mn2_LPAREN_e_RPAREN__reverse,-> 1.0 mn2_e,0,1000,,0.000593193
EX_mobd_LPAREN_e_RPAREN__reverse,-> 1.0 mobd_e,0,1000,,0.000123507
EX_nh4_LPAREN_e_RPAREN__reverse,-> 1.0 nh4_e,0,1000,,9.471513847
EX_ni2_LPAREN_e_RPAREN__reverse,-> 1.0 ni2_e,0,1000,,0.000276764
EX_o2_LPAREN_e_RPAREN__reverse,-> 1.0 o2_e,0,18,,18
EX_pi_LPAREN_e_RPAREN__reverse,-> 1.0 pi_e,0,1000,,0.835831237
EX_so4_LPAREN_e_RPAREN__reverse,-> 1.0 so4_e,0,1000,,0.227165153
EX_zn2_LPAREN_e_RPAREN__reverse,-> 1.0 zn2_e,0,1000,,0.000292089
5DGLCNR_reverse,1.0 glcn_c + 1.0 nadp_c -> 1.0 5dglcn_c + 1.0 nadph_c + 1.0 h_c,0,1000,Alternate Carbon Metabolism,0
5MTRtex_reverse,1.0 5mtr_p -> 1.0 5mtr_e,0,1000,"Transport, Outer Membrane Porin",0.006079782
A5PISO_reverse,1.0 ara5p_c -> 1.0 ru5p_DASH_D_c,0,1000,Alternate Carbon Metabolism,0
ACALD_reverse,1.0 nadh_c + 1.0 h_c + 1.0 accoa_c -> 1.0 acald_c + 1.0 coa_c + 1.0 nad_c,0,1000,Pyruvate Metabolism,0
ACKr_reverse,1.0 actp_c + 1.0 adp_c -> 1.0 ac_c + 1.0 atp_c,0,1000,Pyruvate Metabolism,1.115536854
ACONTa_reverse,1.0 h2o_c + 1.0 acon_DASH_C_c -> 1.0 cit_c,0,1000,Citric Acid Cycle,0
ACONTb_reverse,1.0 icit_c -> 1.0 h2o_c + 1.0 acon_DASH_C_c,0,1000,Citric Acid Cycle,0
ACOTA_reverse,1.0 glu_DASH_L_c + 1.0 acg5sa_c -> 1.0 akg_c + 1.0 acorn_c,0,1000,Arginine and Proline Metabolism,0.295184971
ACt2rpp_reverse,1.0 ac_c + 1.0 h_c -> 1.0 ac_p + 1.0 h_p,0,1000,"Transport, Inner Membrane",1.648863762
ACtex_reverse,1.0 ac_p -> 1.0 ac_e,0,1000,"Transport, Outer Membrane Porin",1.648863762
ADK1_reverse,2.0 adp_c -> 1.0 amp_c + 1.0 atp_c,0,1000,Nucleotide Salvage Pathway,0
ADK3_reverse,1.0 gdp_c + 1.0 adp_c -> 1.0 gtp_c + 1.0 amp_c,0,1000,Nucleotide Salvage Pathway,0
ADK4_reverse,1.0 idp_c + 1.0 adp_c -> 1.0 amp_c + 1.0 itp_c,0,1000,Nucleotide Salvage Pathway,0
AGPR_reverse,1.0 acg5p_c + 1.0 nadph_c + 1.0 h_c -> 1.0 pi_c + 1.0 nadp_c + 1.0 acg5sa_c,0,1000,Arginine and Proline Metabolism,0.295184971
AICART_reverse,1.0 fprica_c + 1.0 thf_c -> 1.0 aicar_c + 1.0 10fthf_c,0,1000,Purine and Pyrimidine Biosynthesis,0
ALAGLUE_reverse,1.0 LalaLglu_c -> 1.0 LalaDglu_c,0,1000,Murein Recycling,0
ALAR_reverse,1.0 ala_DASH_D_c -> 1.0 ala_DASH_L_c,0,1000,Alanine and Aspartate Metabolism,0
ALATA_L_reverse,1.0 glu_DASH_L_c + 1.0 pyr_c -> 1.0 ala_DASH_L_c + 1.0 akg_c,0,1000,Alanine and Aspartate Metabolism,0.495149769
ALCD19_reverse,1.0 glyc_c + 1.0 nad_c -> 1.0 nadh_c + 1.0 glyald_c + 1.0 h_c,0,1000,Alternate Carbon Metabolism,0
ALCD2x_reverse,1.0 acald_c + 1.0 nadh_c + 1.0 h_c -> 1.0 etoh_c + 1.0 nad_c,0,1000,Pyruvate Metabolism,0
ALDD19xr_reverse,1.0 pac_c + 2.0 h_c + 1.0 nadh_c -> 1.0 h2o_c + 1.0 nad_c + 1.0 pacald_c,0,1000,Alternate Carbon Metabolism,0
ALLPI_reverse,1.0 allul6p_c -> 1.0 all6p_c,0,1000,Alternate Carbon Metabolism,0
ALLULPE_reverse,1.0 f6p_c -> 1.0 allul6p_c,0,1000,Alternate Carbon Metabolism,0
AMANAPEr_reverse,1.0 acgam6p_c -> 1.0 acmanap_c,0,1000,Alternate Carbon Metabolism,0
APPLDHr_reverse,1.0 appl_c + 1.0 nad_c -> 1.0 nadh_c + 1.0 h_c + 1.0 aact_c,0,1000,Threonine and Lysine Metabolism,0
ARAI_reverse,1.0 rbl_DASH_L_c -> 1.0 arab_DASH_L_c,0,1000,Alternate Carbon Metabolism,0
ARGSL_reverse,1.0 arg_DASH_L_c + 1.0 fum_c -> 1.0 argsuc_c,0,1000,Arginine and Proline Metabolism,0
ASAD_reverse,1.0 nadph_c + 1.0 h_c + 1.0 4pasp_c -> 1.0 aspsa_c + 1.0 pi_c + 1.0 nadp_c,0,1000,Threonine and Lysine Metabolism,0.943107302
ASPK_reverse,1.0 4pasp_c + 1.0 adp_c -> 1.0 asp_DASH_L_c + 1.0 atp_c,0,1000,Threonine and Lysine Metabolism,0
ASPTA_reverse,1.0 glu_DASH_L_c + 1.0 oaa_c -> 1.0 akg_c + 1.0 asp_DASH_L_c,0,1000,Alanine and Aspartate Metabolism,2.569689777
ATHRDHr_reverse,1.0 nadph_c + 1.0 h_c + 1.0 2aobut_c -> 1.0 nadp_c + 1.0 athr_DASH_L_c,0,1000,Threonine and Lysine Metabolism,0
ATPS4rpp_reverse,1.0 h2o_c + 3.0 h_c + 1.0 atp_c -> 1.0 pi_c + 4.0 h_p + 1.0 adp_c,0,1000,Oxidative Phosphorylation,0
CAt6pp_reverse,1.0 na1_c + 1.0 ca2_p -> 1.0 na1_p + 1.0 ca2_c,0,1000,Inorganic Ion Transport and Metabolism,0.004464277
CO2tex_reverse,1.0 co2_p -> 1.0 co2_e,0,1000,"Transport, Outer Membrane Porin",19.83427231
CO2tpp_reverse,1.0 co2_c -> 1.0 co2_p,0,1000,"Transport, Inner Membrane",19.83427231
CRNBTCT_reverse,1.0 crncoa_c + 1.0 gbbtn_c -> 1.0 crn_c + 1.0 bbtcoa_c,0,1000,Oxidative Phosphorylation,0
CRNCAR_reverse,1.0 crnDcoa_c -> 1.0 crncoa_c,0,1000,Oxidative Phosphorylation,0
CRNCBCT_reverse,1.0 crncoa_c + 1.0 ctbt_c -> 1.0 crn_c + 1.0 ctbtcoa_c,0,1000,Oxidative Phosphorylation,0
CRNCDH_reverse,1.0 ctbtcoa_c + 1.0 h2o_c -> 1.0 crncoa_c,0,1000,Oxidative Phosphorylation,0
CYTK1_reverse,1.0 cdp_c + 1.0 adp_c -> 1.0 atp_c + 1.0 cmp_c,0,1000,Nucleotide Salvage Pathway,0
CYTK2_reverse,1.0 adp_c + 1.0 dcdp_c -> 1.0 dcmp_c + 1.0 atp_c,0,1000,Nucleotide Salvage Pathway,0
DADK_reverse,1.0 dadp_c + 1.0 adp_c -> 1.0 damp_c + 1.0 atp_c,0,1000,Nucleotide Salvage Pathway,0
DAPE_reverse,1.0 26dap_DASH_M_c -> 1.0 26dap_DASH_LL_c,0,1000,Threonine and Lysine Metabolism,0
DDPGALA_reverse,1.0 pyr_c + 1.0 g3p_c -> 1.0 2dh3dgal6p_c,0,1000,Alternate Carbon Metabolism,0
DGK1_reverse,1.0 dgdp_c + 1.0 adp_c -> 1.0 dgmp_c + 1.0 atp_c,0,1000,Nucleotide Salvage Pathway,0
DHACOAH_reverse,1.0 3hadpcoa_c -> 1.0 h2o_c + 1.0 23dhacoa_c,0,1000,Alternate Carbon Metabolism,0
DSERDHr_reverse,1.0 2amsa_c + 1.0 nadph_c + 1.0 h_c -> 1.0 ser_DASH_D_c + 1.0 nadp_c,0,1000,Glycine and Serine Metabolism,0
DTMPK_reverse,1.0 dtdp_c + 1.0 adp_c -> 1.0 dtmp_c + 1.0 atp_c,0,1000,Nucleotide Salvage Pathway,0
DURADx_reverse,1.0 ura_c + 1.0 nadh_c + 1.0 h_c -> 1.0 56dura_c + 1.0 nad_c,0,1000,Nucleotide Salvage Pathway,0
DURIPP_reverse,1.0 ura_c + 1.0 2dr1p_c -> 1.0 pi_c + 1.0 duri_c,0,1000,Nucleotide Salvage Pathway,0
ENO_reverse,1.0 pep_c + 1.0 h2o_c -> 1.0 2pg_c,0,1000,Glycolysis/Gluconeogenesis,0
FBA_reverse,1.0 dhap_c + 1.0 g3p_c -> 1.0 fdp_c,0,1000,Glycolysis/Gluconeogenesis,0
FBA3_reverse,1.0 e4p_c + 1.0 dhap_c -> 1.0 s17bp_c,0,1000,Pentose Phosphate Pathway,0
FCI_reverse,1.0 fcl_DASH_L_c -> 1.0 fuc_DASH_L_c,0,1000,Alternate Carbon Metabolism,0
FCLPA_reverse,1.0 dhap_c + 1.0 lald_DASH_L_c -> 1.0 fc1p_c,0,1000,Alternate Carbon Metabolism,0
FORCT_reverse,1.0 oxalcoa_c + 1.0 for_c -> 1.0 oxa_c + 1.0 forcoa_c,0,1000,Alternate Carbon Metabolism,0
FRULYSDG_reverse,1.0 lys_DASH_L_c + 1.0 g6p_c -> 1.0 h2o_c + 1.0 frulysp_c,0,1000,Alternate Carbon Metabolism,0
FRULYSE_reverse,1.0 frulys_c -> 1.0 psclys_c,0,1000,Alternate Carbon Metabolism,0
FUM_reverse,1.0 mal_DASH_L_c -> 1.0 h2o_c + 1.0 fum_c,0,1000,Citric Acid Cycle,0
G3PD2_reverse,1.0 dhap_c + 1.0 nadph_c + 1.0 h_c -> 1.0 glyc3p_c + 1.0 nadp_c,0,1000,Alternate Carbon Metabolism,0.145723656
G6PDH2r_reverse,1.0 6pgl_c + 1.0 nadph_c + 1.0 h_c -> 1.0 g6p_c + 1.0 nadp_c,0,1000,Pentose Phosphate Pathway,0
GALKr_reverse,1.0 gal1p_c + 1.0 adp_c + 1.0 h_c -> 1.0 gal_c + 1.0 atp_c,0,1000,Alternate Carbon Metabolism,0
GAPD_reverse,1.0 nadh_c + 1.0 h_c + 1.0 13dpg_c -> 1.0 pi_c + 1.0 g3p_c + 1.0 nad_c,0,1000,Glycolysis/Gluconeogenesis,0
GARFT_reverse,1.0 fgam_c + 1.0 thf_c + 1.0 h_c -> 1.0 gar_c + 1.0 10fthf_c,0,1000,Purine and Pyrimidine Biosynthesis,0
GHBDHx_reverse,1.0 nad_c + 1.0 ghb_c -> 1.0 sucsal_c + 1.0 h_c + 1.0 nadh_c,0,1000,Arginine and Proline Metabolism,0
GHMT2r_reverse,1.0 h2o_c + 1.0 gly_c + 1.0 mlthf_c -> 1.0 ser_DASH_L_c + 1.0 thf_c,0,1000,Glycine and Serine Metabolism,0
GK1_reverse,1.0 gdp_c + 1.0 adp_c -> 1.0 gmp_c + 1.0 atp_c,0,1000,Nucleotide Salvage Pathway,0
GLCATr_reverse,1.0 coa_c + 1.0 acglc_DASH_D_c -> 1.0 glc_DASH_D_c + 1.0 accoa_c,0,1000,Alternate Carbon Metabolism,0
GLTPD_reverse,1.0 nadh_c + 1.0 tag6p_DASH_D_c + 1.0 h_c -> 1.0 galt1p_c + 1.0 nad_c,0,1000,Alternate Carbon Metabolism,0
GLYCtpp_reverse,1.0 glyc_p -> 1.0 glyc_c,0,1000,"Transport, Inner Membrane",0.005782284
GUI1_reverse,1.0 fruur_c -> 1.0 glcur_c,0,1000,Alternate Carbon Metabolism,0
GUI2_reverse,1.0 tagur_c -> 1.0 galur_c,0,1000,Alternate Carbon Metabolism,0
H2Otex_reverse,1.0 h2o_p -> 1.0 h2o_e,0,1000,"Transport, Outer Membrane Porin",43.08205905
H2Otpp_reverse,1.0 h2o_c -> 1.0 h2o_p,0,1000,"Transport, Inner Membrane",43.10024972
HADPCOADH3_reverse,1.0 nadh_c + 1.0 h_c + 1.0 oxadpcoa_c -> 1.0 3hadpcoa_c + 1.0 nad_c,0,1000,Alternate Carbon Metabolism,0
HPYRI_reverse,1.0 2h3oppan_c -> 1.0 hpyr_c,0,1000,Alternate Carbon Metabolism,0
HSDy_reverse,1.0 aspsa_c + 1.0 nadph_c + 1.0 h_c -> 1.0 nadp_c + 1.0 hom_DASH_L_c,0,1000,Threonine and Lysine Metabolism,0.617639714
Htex_reverse,1.0 h_p -> 1.0 h_e,0,1000,"Transport, Outer Membrane Porin",9.647837021
ICDHyr_reverse,1.0 akg_c + 1.0 co2_c + 1.0 nadph_c -> 1.0 icit_c + 1.0 nadp_c,0,1000,Citric Acid Cycle,0
IDOND_reverse,1.0 idon_DASH_L_c + 1.0 nad_c -> 1.0 5dglcn_c + 1.0 h_c + 1.0 nadh_c,0,1000,Alternate Carbon Metabolism,0
ILETA_reverse,1.0 3mop_c + 1.0 glu_DASH_L_c -> 1.0 akg_c + 1.0 ile_DASH_L_c,0,1000,"Valine, Leucine, and Isoleucine Metabolism",0.254501635
IPPMIa_reverse,1.0 2ippm_c + 1.0 h2o_c -> 1.0 3c2hmp_c,0,1000,"Valine, Leucine, and Isoleucine Metabolism",0.394661173
IPPMIb_reverse,1.0 3c3hmp_c -> 1.0 2ippm_c + 1.0 h2o_c,0,1000,"Valine, Leucine, and Isoleucine Metabolism",0.394661173
LCARR_reverse,1.0 12ppd_DASH_R_c + 1.0 nad_c -> 1.0 nadh_c + 1.0 h_c + 1.0 lald_DASH_D_c,0,1000,Methylglyoxal Metabolism,0
LCARS_reverse,1.0 12ppd_DASH_S_c + 1.0 nad_c -> 1.0 nadh_c + 1.0 h_c + 1.0 lald_DASH_L_c,0,1000,Alternate Carbon Metabolism,0
LDH_D_reverse,1.0 pyr_c + 1.0 nadh_c + 1.0 h_c -> 1.0 lac_DASH_D_c + 1.0 nad_c,0,1000,Pyruvate Metabolism,0
LSERDHr_reverse,1.0 2amsa_c + 1.0 nadph_c + 1.0 h_c -> 1.0 ser_DASH_L_c + 1.0 nadp_c,0,1000,Glycine and Serine Metabolism,0
M1PD_reverse,1.0 nadh_c + 1.0 h_c + 1.0 f6p_c -> 1.0 mnl1p_c + 1.0 nad_c,0,1000,Alternate Carbon Metabolism,0
MALTATr_reverse,1.0 acmalt_c + 1.0 coa_c -> 1.0 malt_c + 1.0 accoa_c,0,1000,Alternate Carbon Metabolism,0
MAN6PI_reverse,1.0 f6p_c -> 1.0 man6p_c,0,1000,Alternate Carbon Metabolism,0
MANAO_reverse,1.0 nadh_c + 1.0 h_c + 1.0 fruur_c -> 1.0 mana_c + 1.0 nad_c,0,1000,Alternate Carbon Metabolism,0
MCITL2_reverse,1.0 succ_c + 1.0 pyr_c -> 1.0 micit_c,0,1000,Alternate Carbon Metabolism,0
MDH_reverse,1.0 nadh_c + 1.0 h_c + 1.0 oaa_c -> 1.0 mal_DASH_L_c + 1.0 nad_c,0,1000,Citric Acid Cycle,0
MEOHtex_reverse,1.0 meoh_p -> 1.0 meoh_e,0,1000,"Transport, Outer Membrane Porin",1.80E-06
MEOHtrpp_reverse,1.0 meoh_c -> 1.0 meoh_p,0,1000,"Transport, Inner Membrane",1.80E-06
MICITDr_reverse,1.0 micit_c -> 1.0 h2o_c + 1.0 2mcacn_c,0,1000,Alternate Carbon Metabolism,0
MLTP1_reverse,1.0 g1p_c + 1.0 maltttr_c -> 1.0 maltpt_c + 1.0 pi_c,0,1000,Alternate Carbon Metabolism,0
MLTP2_reverse,1.0 maltpt_c + 1.0 g1p_c -> 1.0 pi_c + 1.0 malthx_c,0,1000,Alternate Carbon Metabolism,0
MLTP3_reverse,1.0 malthx_c + 1.0 g1p_c -> 1.0 pi_c + 1.0 malthp_c,0,1000,Alternate Carbon Metabolism,0
MOX_reverse,1.0 h2o2_c + 1.0 oaa_c -> 1.0 o2_c + 1.0 mal_DASH_L_c,0,1000,Citric Acid Cycle,0
MTHFC_reverse,1.0 h_c + 1.0 10fthf_c -> 1.0 h2o_c + 1.0 methf_c,0,1000,Folate Metabolism,0
MTHFD_reverse,1.0 nadph_c + 1.0 methf_c -> 1.0 nadp_c + 1.0 mlthf_c,0,1000,Folate Metabolism,0
NDPK1_reverse,1.0 gtp_c + 1.0 adp_c -> 1.0 gdp_c + 1.0 atp_c,0,1000,Nucleotide Salvage Pathway,0
NDPK2_reverse,1.0 utp_c + 1.0 adp_c -> 1.0 udp_c + 1.0 atp_c,0,1000,Nucleotide Salvage Pathway,0
NDPK3_reverse,1.0 ctp_c + 1.0 adp_c -> 1.0 cdp_c + 1.0 atp_c,0,1000,Nucleotide Salvage Pathway,0
NDPK4_reverse,1.0 dttp_c + 1.0 adp_c -> 1.0 dtdp_c + 1.0 atp_c,0,1000,Nucleotide Salvage Pathway,0
NDPK5_reverse,1.0 dgtp_c + 1.0 adp_c -> 1.0 dgdp_c + 1.0 atp_c,0,1000,Nucleotide Salvage Pathway,0
NDPK7_reverse,1.0 adp_c + 1.0 dctp_c -> 1.0 atp_c + 1.0 dcdp_c,0,1000,Nucleotide Salvage Pathway,0
NDPK8_reverse,1.0 datp_c + 1.0 adp_c -> 1.0 dadp_c + 1.0 atp_c,0,1000,Nucleotide Salvage Pathway,0
OCBT_reverse,1.0 pi_c + 1.0 h_c + 1.0 citr_DASH_L_c -> 1.0 cbp_c + 1.0 orn_c,0,1000,Arginine and Proline Metabolism,0
PGI_reverse,1.0 f6p_c -> 1.0 g6p_c,0,1000,Glycolysis/Gluconeogenesis,0
PGK_reverse,1.0 13dpg_c + 1.0 adp_c -> 1.0 atp_c + 1.0 3pg_c,0,1000,Glycolysis/Gluconeogenesis,15.90487954
PGM_reverse,1.0 3pg_c -> 1.0 2pg_c,0,1000,Glycolysis/Gluconeogenesis,14.4759567
PGMT_reverse,1.0 g6p_c -> 1.0 g1p_c,0,1000,Alternate Carbon Metabolism,0.17574213
PHETA1_reverse,1.0 phpyr_c + 1.0 glu_DASH_L_c -> 1.0 akg_c + 1.0 phe_DASH_L_c,0,1000,"Tyrosine, Tryptophan, and Phenylalanine Metabolism",0.162290702
PMANM_reverse,1.0 man6p_c -> 1.0 man1p_c,0,1000,Alternate Carbon Metabolism,0
POR5_reverse,1.0 co2_c + 2.0 flxr_c + 1.0 h_c + 1.0 accoa_c -> 2.0 flxso_c + 1.0 pyr_c + 1.0 coa_c,0,1000,Pyruvate Metabolism,0
PPAKr_reverse,1.0 ppa_c + 1.0 atp_c -> 1.0 adp_c + 1.0 ppap_c,0,1000,Alternate Carbon Metabolism,0
PPK2r_reverse,1.0 pppi_c + 1.0 adp_c -> 1.0 ppi_c + 1.0 atp_c,0,1000,Oxidative Phosphorylation,0.000201037
PPKr_reverse,1.0 ppi_c + 1.0 adp_c -> 1.0 pi_c + 1.0 atp_c,0,1000,Oxidative Phosphorylation,2.950697583
PPM_reverse,1.0 r5p_c -> 1.0 r1p_c,0,1000,Alternate Carbon Metabolism,0.007697091
PPM2_reverse,1.0 2dr5p_c -> 1.0 2dr1p_c,0,1000,Alternate Carbon Metabolism,0
PRPPS_reverse,1.0 amp_c + 1.0 prpp_c + 1.0 h_c -> 1.0 r5p_c + 1.0 atp_c,0,1000,Histidine Metabolism,0
PSCVT_reverse,1.0 pi_c + 1.0 3psme_c -> 1.0 pep_c + 1.0 skm5p_c,0,1000,"Tyrosine, Tryptophan, and Phenylalanine Metabolism",0
PTAr_reverse,1.0 actp_c + 1.0 coa_c -> 1.0 pi_c + 1.0 accoa_c,0,1000,Pyruvate Metabolism,0
PUNP1_reverse,1.0 ade_c + 1.0 r1p_c -> 1.0 pi_c + 1.0 adn_c,0,1000,Nucleotide Salvage Pathway,0.007697091
PUNP2_reverse,1.0 2dr1p_c + 1.0 ade_c -> 1.0 pi_c + 1.0 dad_DASH_2_c,0,1000,Nucleotide Salvage Pathway,0
PUNP3_reverse,1.0 gua_c + 1.0 r1p_c -> 1.0 pi_c + 1.0 gsn_c,0,1000,Nucleotide Salvage Pathway,0
PUNP4_reverse,1.0 2dr1p_c + 1.0 gua_c -> 1.0 dgsn_c + 1.0 pi_c,0,1000,Nucleotide Salvage Pathway,0
PUNP5_reverse,1.0 hxan_c + 1.0 r1p_c -> 1.0 pi_c + 1.0 ins_c,0,1000,Nucleotide Salvage Pathway,0
PUNP6_reverse,1.0 2dr1p_c + 1.0 hxan_c -> 1.0 din_c + 1.0 pi_c,0,1000,Nucleotide Salvage Pathway,0
PUNP7_reverse,1.0 r1p_c + 1.0 xan_c -> 1.0 pi_c + 1.0 xtsn_c,0,1000,Nucleotide Salvage Pathway,0
PYNP2r_reverse,1.0 ura_c + 1.0 r1p_c -> 1.0 uri_c + 1.0 pi_c,0,1000,Nucleotide Salvage Pathway,0
QUINDH_reverse,1.0 nadh_c + 1.0 3dhq_c + 2.0 h_c -> 1.0 quin_c + 1.0 nad_c,0,1000,"Tyrosine, Tryptophan, and Phenylalanine Metabolism",0
RBP4E_reverse,1.0 xu5p_DASH_D_c -> 1.0 ru5p_DASH_L_c,0,1000,Alternate Carbon Metabolism,0
REPHACCOAI_reverse,1.0 2oxpaccoa_c -> 1.0 rephaccoa_c,0,1000,Alternate Carbon Metabolism,0
RMI_reverse,1.0 rml_c -> 1.0 rmn_c,0,1000,Alternate Carbon Metabolism,0
RMPA_reverse,1.0 dhap_c + 1.0 lald_DASH_L_c -> 1.0 rml1p_c,0,1000,Alternate Carbon Metabolism,0
RPE_reverse,1.0 xu5p_DASH_D_c -> 1.0 ru5p_DASH_D_c,0,1000,Pentose Phosphate Pathway,0
RPI_reverse,1.0 ru5p_DASH_D_c -> 1.0 r5p_c,0,1000,Pentose Phosphate Pathway,2.246918919
SBTPD_reverse,1.0 nadh_c + 1.0 h_c + 1.0 f6p_c -> 1.0 sbt6p_c + 1.0 nad_c,0,1000,Alternate Carbon Metabolism,0
SDPTA_reverse,1.0 sl2a6o_c + 1.0 glu_DASH_L_c -> 1.0 akg_c + 1.0 sl26da_c,0,1000,Threonine and Lysine Metabolism,0.325467588
SERAT_reverse,1.0 acser_c + 1.0 coa_c -> 1.0 ser_DASH_L_c + 1.0 accoa_c,0,1000,Cysteine Metabolism,0
SHK3Dr_reverse,1.0 nadp_c + 1.0 skm_c -> 1.0 3dhsk_c + 1.0 nadph_c + 1.0 h_c,0,1000,"Tyrosine, Tryptophan, and Phenylalanine Metabolism",0
SUCOAS_reverse,1.0 pi_c + 1.0 succoa_c + 1.0 adp_c -> 1.0 succ_c + 1.0 coa_c + 1.0 atp_c,0,1000,Citric Acid Cycle,2.858237755
TAGURr_reverse,1.0 nadh_c + 1.0 tagur_c + 1.0 h_c -> 1.0 altrn_c + 1.0 nad_c,0,1000,Alternate Carbon Metabolism,0
TALA_reverse,1.0 e4p_c + 1.0 f6p_c -> 1.0 g3p_c + 1.0 s7p_c,0,1000,Pentose Phosphate Pathway,0
TGBPA_reverse,1.0 dhap_c + 1.0 g3p_c -> 1.0 tagdp_DASH_D_c,0,1000,Alternate Carbon Metabolism,0
THRt2rpp_reverse,1.0 thr_DASH_L_c + 1.0 h_c -> 1.0 thr_DASH_L_p + 1.0 h_p,0,1000,"Transport, Inner Membrane",0.004464277
TKT1_reverse,1.0 g3p_c + 1.0 s7p_c -> 1.0 r5p_c + 1.0 xu5p_DASH_D_c,0,1000,Pentose Phosphate Pathway,0
TKT2_reverse,1.0 g3p_c + 1.0 f6p_c -> 1.0 e4p_c + 1.0 xu5p_DASH_D_c,0,1000,Pentose Phosphate Pathway,0
TMDPP_reverse,1.0 2dr1p_c + 1.0 thym_c -> 1.0 pi_c + 1.0 thymd_c,0,1000,Nucleotide Salvage Pathway,0
TPI_reverse,1.0 g3p_c -> 1.0 dhap_c,0,1000,Glycolysis/Gluconeogenesis,0
TRPAS2_reverse,1.0 pyr_c + 1.0 nh4_c + 1.0 indole_c -> 1.0 h2o_c + 1.0 trp_DASH_L_c,0,1000,"Tyrosine, Tryptophan, and Phenylalanine Metabolism",0.049793994
TRSARr_reverse,1.0 glyc_DASH_R_c + 1.0 nad_c -> 1.0 nadh_c + 1.0 2h3oppan_c + 1.0 h_c,0,1000,Alternate Carbon Metabolism,0
TYRTA_reverse,1.0 34hpp_c + 1.0 glu_DASH_L_c -> 1.0 akg_c + 1.0 tyr_DASH_L_c,0,1000,"Tyrosine, Tryptophan, and Phenylalanine Metabolism",0.120997044
UDPG4E_reverse,1.0 udpgal_c -> 1.0 udpg_c,0,1000,Alternate Carbon Metabolism,0
UGLT_reverse,1.0 udpgal_c + 1.0 g1p_c -> 1.0 udpg_c + 1.0 gal1p_c,0,1000,Alternate Carbon Metabolism,0
UMPK_reverse,1.0 udp_c + 1.0 adp_c -> 1.0 ump_c + 1.0 atp_c,0,1000,Nucleotide Salvage Pathway,0
VALTA_reverse,1.0 glu_DASH_L_c + 1.0 3mob_c -> 1.0 akg_c + 1.0 val_DASH_L_c,0,1000,"Valine, Leucine, and Isoleucine Metabolism",0.37068642
VPAMTr_reverse,1.0 pyr_c + 1.0 val_DASH_L_c -> 1.0 ala_DASH_L_c + 1.0 3mob_c,0,1000,"Valine, Leucine, and Isoleucine Metabolism",0
XYLI1_reverse,1.0 xylu_DASH_D_c -> 1.0 xyl_DASH_D_c,0,1000,Alternate Carbon Metabolism,0
XYLI2_reverse,1.0 fru_c -> 1.0 glc_DASH_D_c,0,1000,Alternate Carbon Metabolism,0
MOLYBDOPTERIN_3,1.0 nadh_c + 1.0 iscssh_c + 1.0 h_c + 1.0 atp_c + 1.0 moadcoo_c -> 1.0 iscs_c + 1.0 moadcosh_c + 1.0 ppi_c + 1.0 amp_c + 1.0 nad_c,0,1000,,0.000443543
MOLYBDOPTERIN_1,2.0 moadcosh_c + 1.0 cu2_c + 1.0 h2o_c + 1.0 gtp_c + 1.0 atp_c -> 2.0 ppi_c + 1.0 mptamp_c + 4.0 h_c + 2.0 moadcoo_c,0,1000,,0.000221771
IMPSYN_2,1.0 hco3_c + 1.0 asp_DASH_L_c + 2.0 atp_c + 1.0 air_c -> 1.0 fum_c + 1.0 aicar_c + 2.0 pi_c + 2.0 h_c + 2.0 adp_c,0,1000,,0.39203237
GLYCPHOSPHOLIPID_4,1.0 ctp_c + 1.0 glyc3p_c + 2.0 hdeACP_c + 1.0 h_c -> 1.0 ppi_c + 2.0 ACP_c + 1.0 cdpdhdec9eg_c,0,1000,,0.042527825
GLYCPHOSPHOLIPID_1,1.0 ctp_c + 1.0 glyc3p_c + 1.0 h_c + 2.0 octeACP_c -> 1.0 ppi_c + 2.0 ACP_c + 1.0 cdpdodec11eg_c,0,1000,,0.021918409
glu_DASH_L_to_glu5sa,1.0 glu_DASH_L_c + 1.0 nadph_c + 1.0 h_c + 1.0 atp_c -> 1.0 glu5sa_c + 1.0 pi_c + 1.0 nadp_c + 1.0 adp_c,0,1000,,0.19364251
hom_DASH_L_to_thr_DASH_L,1.0 h2o_c + 1.0 hom_DASH_L_c + 1.0 atp_c -> 1.0 thr_DASH_L_c + 1.0 pi_c + 1.0 h_c + 1.0 adp_c,0,1000,,0.476729219
prpp_to_his_DASH_L,3.0 h2o_c + 1.0 atp_c + 2.0 nad_c + 1.0 prpp_c + 1.0 gln_DASH_L_c -> 1.0 akg_c + 2.0 nadh_c + 1.0 aicar_c + 2.0 ppi_c + 5.0 h_c + 1.0 pi_c + 1.0 his_DASH_L_c,0,1000,,0.082989389
hom_DASH_L_and_cyst_DASH_L_to_pyr_hcys_DASH_L,1.0 succoa_c + 1.0 h2o_c + 1.0 hom_DASH_L_c + 1.0 cys_DASH_L_c -> 1.0 pyr_c + 1.0 succ_c + 1.0 coa_c + 1.0 h_c + 1.0 hcys_DASH_L_c + 1.0 nh4_c,0,1000,,0.140910495
CELLENV_11,1.0 malACP_c + 1.0 ocACP_c + 1.0 nadph_c + 2.0 h_c -> 1.0 tdec2eACP_c + 1.0 h2o_c + 1.0 ACP_c + 1.0 co2_c + 1.0 nadp_c,0,1000,,0.282336653
CELLENV_10,1.0 nadh_c + 1.0 h_c + 1.0 3hmrsACP_c -> 1.0 h2o_c + 1.0 nad_c + 1.0 myrsACP_c,0,1000,,0.116703153
3pg_to_ser_DASH_L,1.0 h2o_c + 1.0 glu_DASH_L_c + 1.0 nad_c + 1.0 3pg_c -> 1.0 akg_c + 1.0 ser_DASH_L_c + 1.0 nadh_c + 1.0 h_c + 1.0 pi_c,0,1000,,1.428922838
imp_to_gmp,2.0 h2o_c + 1.0 atp_c + 1.0 imp_c + 1.0 nad_c + 1.0 gln_DASH_L_c -> 1.0 gmp_c + 1.0 ppi_c + 3.0 h_c + 1.0 glu_DASH_L_c + 1.0 nadh_c + 1.0 amp_c,0,1000,,0.213257561
imp_to_amp,1.0 asp_DASH_L_c + 1.0 gtp_c + 1.0 imp_c -> 1.0 fum_c + 1.0 pi_c + 1.0 gdp_c + 2.0 h_c + 1.0 amp_c,0,1000,,0.261764199
GTHSYN,1.0 glu_DASH_L_c + 1.0 cys_DASH_L_c + 2.0 atp_c + 1.0 gly_c -> 2.0 pi_c + 1.0 gthrd_c + 2.0 h_c + 2.0 adp_c,0,1000,,0.000201037
pyr_to_23dhmb,2.0 pyr_c + 1.0 nadph_c + 2.0 h_c -> 1.0 nadp_c + 1.0 co2_c + 1.0 23dhmb_c,0,1000,,0.765866862
thre_DASH_L_to_gly,1.0 thr_DASH_L_c + 1.0 coa_c + 1.0 nad_c -> 1.0 nadh_c + 1.0 h_c + 1.0 accoa_c + 1.0 gly_c,0,1000,,0
THIAMIN,1.0 nadph_c + 1.0 iscssh_c + 3.0 atp_c + 1.0 dhgly_c + 1.0 dxyl5p_c + 1 air_c + 1 amet_c -> 1 co_c + 2.0 h2o_c + 1.0 nadp_c + 1 dad_DASH_5_c + 1 for_c + 1 met_DASH_L_c + 2.0 ppi_c + 1.0 iscs_c + 1.0 h_c + 2.0 adp_c + 1.0 thmpp_c + 1.0 co2_c + 1.0 amp_c,0,1000,,0.000201037
COFACTOR_4,2.0 fe2_c + 2.0 fadh2_c + 1.0 iscu_DASH_2fe2s_c + 2.0 iscssh_c -> 2.0 fad_c + 1.0 iscu_c + 1.0 4fe4s_c + 2.0 iscs_c,0,1000,,0.000226279
COFACTOR_5,1.0 moco_c + 2.0 gtp_c + 2.0 h_c + 1.0 mptamp_c -> 1.0 cu2_c + 2.0 ppi_c + 1.0 amp_c + 1.0 bmocogdp_c,0,1000,,0.000104575
COFACTOR_6,2.0 ipdp_c + 1.0 h2mb4p_c + 1.0 nadh_c + 1.0 h_c -> 1.0 h2o_c + 1.0 frdp_c + 2.0 ppi_c + 1.0 nad_c,0,1000,,0.00085373
COFACTOR_7,1.0 nadph_c + 1.0 atp_c + 2.0 flxr_c + 1.0 dxyl5p_c + 2.0 h_c + 1.0 ctp_c -> 1.0 h2o_c + 1.0 nadp_c + 1.0 cmp_c + 2.0 flxso_c + 1.0 ppi_c + 1.0 h2mb4p_c + 1.0 adp_c,0,1000,,0.005973404
COFACTOR_1,1.0 glu_DASH_L_c + 1.0 nadph_c + 1.0 h_c + 1.0 atp_c -> 1.0 5aop_c + 1.0 ppi_c + 1.0 nadp_c + 1.0 amp_c,0,1000,,0.004824881
COFACTOR_2,1.0 akg_c + 1.0 o2_c + 1.0 ichor_c + 3.0 fum_c + 1.0 uppg3_c + 1.0 atp_c + 1.0 octdp_c + 1.0 fe2_c + 6.0 h_c -> 3.0 h2o_c + 2.0 ppi_c + 1.0 pheme_c + 3.0 succ_c + 1.0 2dmmql8_c + 8.0 co2_c + 1.0 pyr_c + 1.0 amp_c,0,1000,,0.000402073
COFACTOR_3,1.0 h2o_c + 1.0 frdp_c + 1.0 uppg3_c + 1.0 atp_c + 1.0 fe2_c + 1.0 2dmmql8_c + 3.0 23dhba_c + 1.0 cbl1_c + 1.0 nadph_c + 1.0 pheme_c + 1.0 nad_c + 1.0 tyr_DASH_L_c + 4.0 amet_c + 3.0 seramp_c -> 3.0 ahcys_c + 1.0 dad_DASH_5_c + 1.0 nadh_c + 1.0 met_DASH_L_c + 1.0 adocbl_c + 1.0 enter_c + 1.0 dhgly_c + 1.0 sheme_c + 1.0 nadp_c + 6.0 amp_c + 1.0 pppi_c + 1.0 4crsol_c + 1.0 hemeO_c + 1.0 ppi_c + 1.0 mql8_c + 15.0 h_c,0,1000,,0.000201037
ptrc_to_4abut_2,1.0 o2_c + 3.0 h2o_c + 1.0 nadp_c + 1.0 atp_c + 1.0 ptrc_c -> 1.0 nadph_c + 1.0 4abut_c + 1.0 h2o2_c + 3.0 h_c + 1.0 adp_c + 1.0 pi_c + 1.0 nh4_c,0,1000,,0
COFACTOR_9,1.5 o2_c + 1.0 chor_c + 3.0 amet_c + 1.0 octdp_c -> 1.0 co2_c + 1.0 q8h2_c + 1.0 ppi_c + 2.0 h_c + 3.0 ahcys_c + 1.0 pyr_c,0,1000,,0.000201037
FADSYN_2,1.0 4r5au_c + 1.0 ru5p_DASH_D_c -> 2.0 h2o_c + 1.0 pi_c + 1.0 dmlz_c + 1.0 h_c + 1.0 for_c,0,1000,,0.000804147
ptrc_to_4abut_1,1.0 akg_c + 1.0 ptrc_c + 1.0 h2o_c + 1.0 nad_c -> 1.0 glu_DASH_L_c + 1.0 nadh_c + 2.0 h_c + 1.0 4abut_c,0,1000,,0
CELLENV_5,1.0 utp_c + 1.0 gln_DASH_L_c + 1.0 accoa_c + 1.0 f6p_c -> 1.0 uacgam_c + 1.0 glu_DASH_L_c + 1.0 coa_c + 1.0 ppi_c,0,1000,,0.064418287
CELLENV_4,1.0 tdec2eACP_c + 1.0 malACP_c + 2.0 nadh_c + 1.0 nadph_c + 4.0 h_c -> 1.0 h2o_c + 1.0 nadp_c + 1.0 ACP_c + 2.0 nad_c + 1.0 ddcaACP_c + 1.0 co2_c,0,1000,,0.153444186
CELLENV_7,1.0 tdec2eACP_c + 3.0 nadph_c + 3.0 nadh_c + 3.0 malACP_c + 9.0 h_c -> 3.0 h2o_c + 3.0 nadp_c + 3.0 ACP_c + 3.0 nad_c + 3.0 co2_c + 1.0 hdeACP_c,0,1000,,0.128892467
CELLENV_6,3.0 nadph_c + 1.0 actACP_c + 3.0 nadh_c + 2.0 malACP_c + 8.0 h_c -> 3.0 h2o_c + 3.0 nadp_c + 2.0 ACP_c + 1.0 ocACP_c + 3.0 nad_c + 2.0 co2_c,0,1000,,0.282339358
CELLENV_1,1.0 ala_DASH_L_c + 2.0 uacgam_c + 1.0 h2o_c + 1.0 nadph_c + 4.0 atp_c + 1.0 26dap_DASH_M_c + 1.0 pep_c + 1.0 udcpdp_c + 1.0 glu_DASH_L_c + 1.0 alaala_c -> 1.0 ump_c + 1.0 nadp_c + 1.0 udp_c + 5.0 h_c + 4.0 adp_c + 1.0 uaagmda_c + 6.0 pi_c,0,1000,,0.024860937
CELLENV_3,1.0 malACP_c + 1.0 nadh_c + 1.0 nadph_c + 3.0 h_c + 1.0 myrsACP_c -> 1.0 h2o_c + 1.0 nadp_c + 1.0 ACP_c + 1.0 nad_c + 1.0 palmACP_c + 1.0 co2_c,0,1000,,0.109354946
2obut_and_pyr_to_3mop,1.0 pyr_c + 1.0 2obut_c + 1.0 nadph_c + 2.0 h_c -> 1.0 3mop_c + 1.0 h2o_c + 1.0 nadp_c + 1.0 co2_c,0,1000,,0.254501635
LIPOPOLYSACCHARIDE_1,1.0 dtdprmn_c + 3.0 h2o_c + 5.0 atp_c + 2.0 u23ga_c + 1.0 ddcaACP_c + 4.0 adphep_DASH_LD_c + 1.0 myrsACP_c + 3.0 ckdo_c + 4.0 udpg_c -> 1.0 ump_c + 3.0 cmp_c + 2.0 ACP_c + 1.0 dtdp_c + 5.0 udp_c + 20.0 h_c + 9.0 adp_c + 2.0 pi_c + 1.0 colipa_e,0,1000,,0.007348207
LIPOPOLYSACCHARIDE_2,1.0 h2o_c + 1.0 s7p_c + 2.0 atp_c -> 1.0 adphep_DASH_LD_c + 1.0 ppi_c + 1.0 pi_c + 1.0 adp_c,0,1000,,0.029392827
LIPOPOLYSACCHARIDE_3,1.0 uacgam_c + 1.0 h2o_c + 2.0 3hmrsACP_c -> 1.0 u23ga_c + 1.0 ac_c + 2.0 ACP_c + 1.0 h_c,0,1000,,0.014696413
CELLENV_9,1.0 malACP_c + 1.0 nadph_c + 2.0 h_c + 1.0 ddcaACP_c -> 1.0 ACP_c + 1.0 co2_c + 1.0 3hmrsACP_c + 1.0 nadp_c,0,1000,,0.146095979
CELLENV_8,1.0 nadph_c + 1.0 dttp_c + 2.0 h_c + 1.0 g1p_c -> 1.0 dtdprmn_c + 1.0 h2o_c + 1.0 nadp_c + 1.0 ppi_c,0,1000,,0.007348207
glu_DASH_L_to_acg5p,1.0 glu_DASH_L_c + 1.0 atp_c + 1.0 accoa_c -> 1.0 acg5p_c + 1.0 coa_c + 1.0 h_c + 1.0 adp_c,0,1000,,0.295184971
e4p_and_pep_to_3dhq,1.0 pep_c + 1.0 h2o_c + 1.0 e4p_c -> 2.0 pi_c + 1.0 3dhq_c,0,1000,,0.335293144
FADSYN_1,1.0 nadph_c + 5.0 h2o_c + 2.0 dmlz_c + 1.0 gtp_c -> 1.0 nadp_c + 1.0 ppi_c + 2.0 4r5au_c + 1.0 for_c + 1.0 pi_c + 1.0 nh4_c + 1.0 ribflv_c,0,1000,,0.000402073
g1p_to_glycogen,1.0 atp_c + 1.0 g1p_c -> 1.0 ppi_c + 1.0 glycogen_c + 1.0 adp_c,0,1000,,0.139001097
CELLENV_2,1.0 nadph_c + 1.0 nadh_c + 1.0 malACP_c + 3.0 h_c + 1.0 hdeACP_c -> 1.0 h2o_c + 1.0 nadp_c + 1.0 octeACP_c + 1.0 ACP_c + 1.0 nad_c + 1.0 co2_c,0,1000,,0.043836817
COFACTOR_10,4.0 ppbng_c + 2.0 atp_c + 1.0 ichor_c + 1.0 h2o_c + 1.0 ser_DASH_L_c + 1.0 h_c + 1.0 nad_c -> 1.0 uppg3_c + 1.0 23dhba_c + 1.0 pyr_c + 4.0 nh4_c + 1.0 seramp_c + 1.0 nadh_c + 2.0 ppi_c,0,1000,,0.00060311
GLYCPHOSPHOLIPID_8,1.0 ctp_c + 1.0 glyc3p_c + 1.0 h_c + 2.0 palmACP_c -> 1.0 ppi_c + 2.0 ACP_c + 1.0 cdpdhdecg_c,0,1000,,0.054677473
THFSYN,1.0 chor_c + 1.0 gtp_c + 3.0 h2o_c + 2.0 atp_c + 1.0 gln_DASH_L_c -> 1.0 dhf_c + 1.0 pyr_c + 1.0 for_c + 1.0 amp_c + 1.0 adp_c + 2.0 pi_c + 2.0 ppi_c + 1.0 gcald_c + 5.0 h_c,0,1000,,0.000804147
aspsa_to_sl2a6o,1.0 aspsa_c + 1.0 pyr_c + 1.0 nadph_c + 1.0 succoa_c -> 1.0 sl2a6o_c + 1.0 h2o_c + 1.0 nadp_c + 1.0 coa_c,0,1000,,0.325467588
VITB6,1.0 dxyl5p_c + 1.0 e4p_c + 1.0 glu_DASH_L_c + 4.0 nad_c -> 1.0 akg_c + 1.0 h2o_c + 1.0 pi_c + 1.0 pydx5p_c + 1.0 co2_c + 5.0 h_c + 4.0 nadh_c,0,1000,,0.000201037
NADSYN_aerobic,1.0 o2_c + 3.0 atp_c + 1.0 dhap_c + 1.0 asp_DASH_L_c + 1.0 nh4_c + 1.0 prpp_c -> 2.0 h2o_c + 1.0 pi_c + 3.0 ppi_c + 1.0 h2o2_c + 1.0 nadp_c + 1.0 amp_c + 1.0 adp_c + 1.0 co2_c,0,1000,,0.002054541
chor_and_prpp_to_3ig3p,1.0 chor_c + 1.0 prpp_c + 1.0 gln_DASH_L_c -> 1.0 h2o_c + 1.0 pyr_c + 1.0 glu_DASH_L_c + 1.0 co2_c + 1.0 ppi_c + 1.0 3ig3p_c,0,1000,,0.049793994
COASYN,1.0 h2o_c + 1.0 nadph_c + 1.0 cys_DASH_L_c + 1.0 mlthf_c + 1.0 3mob_c + 1.0 ctp_c + 1.0 asp_DASH_L_c + 4.0 atp_c -> 1.0 nadp_c + 1.0 cmp_c + 3.0 ppi_c + 1.0 coa_c + 1.0 thf_c + 2.0 adp_c + 2.0 co2_c + 1.0 amp_c,0,1000,,0.00051927
GLYCPHOSPHOLIPID_9,1.0 glyc3p_c + 1.0 h2o_c + 1.0 cdpdhdec9eg_c -> 1.0 pg161_c + 1.0 pi_c + 1.0 h_c + 1.0 cmp_c,0,1000,,0.011560962
COFACTOR_8,2.0 amet_c + 1.0 ocACP_c + 2.0 h_c + 1.0 nad_c + 1.0 4fe4s_c -> 2.0 dad_DASH_5_c + 2.0 met_DASH_L_c + 2.0 fe2_c + 1.0 ACP_c + 1.0 2fe2s_c + 1.0 nadh_c + 1.0 lipopb_c,0,1000,,2.70E-06
MOLYBDOPTERIN_2,1.0 ctp_c + 2.0 moco_c + 1.0 gtp_c + 2.0 h_c -> 1.0 mococdp_c + 2.0 ppi_c + 1.0 mocogdp_c,0,1000,,6.31E-06
GLYCPHOSPHOLIPID_2,1.0 ser_DASH_L_c + 1.0 cdpdodec11eg_c -> 1.0 pe181_c + 1.0 co2_c + 1.0 cmp_c,0,1000,,0.01596033
GLYCPHOSPHOLIPID_5,1.0 h2o_c + 1.0 glyc3p_c + 1.0 cdpdodec11eg_c -> 1.0 pi_c + 1.0 pg181_c + 1.0 h_c + 1.0 cmp_c,0,1000,,0.005958078
IMPSYN_3,1.0 aicar_c + 1.0 10fthf_c -> 1.0 h2o_c + 1.0 thf_c + 1.0 imp_c,0,1000,,0.475021759
GLYCPHOSPHOLIPID_7,1.0 ser_DASH_L_c + 1.0 cdpdhdecg_c -> 1.0 co2_c + 1.0 pe160_c + 1.0 cmp_c,0,1000,,0.03981428
GLYCPHOSPHOLIPID_6,1.0 ser_DASH_L_c + 1.0 cdpdhdec9eg_c -> 1.0 co2_c + 1.0 pe161_c + 1.0 cmp_c,0,1000,,0.030966863
IMPSYN_1,2.0 h2o_c + 3.0 atp_c + 1.0 fgam_c + 2.0 gln_DASH_L_c + 1.0 gly_c + 1.0 prpp_c -> 1.0 ppi_c + 4.0 h_c + 3.0 adp_c + 1.0 air_c + 1.0 gar_c + 2.0 glu_DASH_L_c + 3.0 pi_c,0,1000,,0.392233407
udp_to_dump_aerobic,1.0 udp_c + 1.0 trdrd_c + 1.0 atp_c -> 1.0 dump_c + 1.0 trdox_c + 1.0 ppi_c + 1.0 h_c + 1.0 adp_c,0,1000,,0.022361951
UMPSYN_aerobic,1.0 cbp_c + 1.0 asp_DASH_L_c + 1.0 h_c + 1.0 prpp_c + 1.0 q8_c -> 1.0 ump_c + 1.0 h2o_c + 1.0 co2_c + 1.0 q8h2_c + 1.0 ppi_c + 1.0 pi_c,0,1000,,0.288775236
dhap_to_lac_DASH_D,1.0 h2o_c + 1.0 dhap_c -> 1.0 lac_DASH_D_c + 1.0 pi_c + 1.0 h_c,0,1000,,0
FADSYN_3,2.0 atp_c + 1.0 ribflv_c -> 1.0 ppi_c + 1.0 fad_c + 1.0 adp_c,0,1000,,0.000201037
GLYCPHOSPHOLIPID_3,1.0 glyc3p_c + 1.0 h2o_c + 1.0 cdpdhdecg_c -> 1.0 h_c + 1.0 pg160_c + 1.0 pi_c + 1.0 cmp_c,0,1000,,0.014863193
COFACTOR_11,1.0 ala_DASH_L_c + 1.0 malcoa_c + 4.0 nadph_c + 1.0 iscssh_c + 1.0 atp_c + 2.0 malACP_c + 1.0 2fe2s_c + 3.0 amet_c + 1.0 iscu_c -> 1.0 h2o_c + 1.0 btn_c + 1.0 dad_DASH_5_c + 1.0 met_DASH_L_c + 1.0 ahcys_c + 2.0 ACP_c + 1.0 iscu_DASH_2fe2s_c + 1.0 iscs_c + 1.0 amob_c + 1.0 pi_c + 1.0 coa_c + 2.0 h_c + 1.0 adp_c + 1.0 meoh_c + 2.0 co2_c + 4.0 nadp_c,0,1000,,1.80E-06
LIPOPOLYSACCHARIDE_4,1.0 ara5p_c + 1.0 ctp_c + 2.0 h2o_c + 1.0 pep_c -> 1.0 ckdo_c + 1.0 ppi_c + 2.0 pi_c,0,1000,,0.02204462
